candidate_rank,frame_index,capture_time_s,used_for_calibration,selected_rank,score,num_charuco,num_aruco,corner_fraction,sharpness,centroid_u,centroid_v,centroid_u_norm,centroid_v_norm,bbox_area_norm,bbox_diag_norm,edge_margin_px,edge_margin_norm,radius_norm,grid_col,grid_row,corner_grid_cells,edge_corners_lrtb,radius_bin,size_bin,selected_reprojection_mean_px
0,221,0.016000,0,,0.729527,48.000000,31.000000,1.000000,6554.728941,952.372911,550.264251,0.496286,0.509976,0.122320,0.333638,314.473572,0.291179,0.015054,3,2,2:1 2:2 2:3 3:1 3:2 3:3 4:1 4:2 4:3,0/0/0/0,0,3,
1,224,0.141000,0,,0.728877,48.000000,31.000000,1.000000,6457.808548,954.473647,549.897741,0.497381,0.509636,0.121924,0.333337,315.591614,0.292214,0.014122,3,2,2:1 2:2 2:3 3:1 3:2 3:3 4:1 4:2 4:3,0/0/0/0,0,3,
2,227,0.250000,0,,0.729958,48.000000,31.000000,1.000000,6341.785037,952.972844,550.421795,0.496599,0.510122,0.122650,0.334059,313.574463,0.290347,0.015101,3,2,2:1 2:2 2:3 3:1 3:2 3:3 4:1 4:2 4:3,0/0/0/0,0,3,
3,229,0.344000,0,,0.730275,48.000000,31.000000,1.000000,6445.035503,951.361373,549.787759,0.495759,0.509535,0.122937,0.334357,313.856628,0.290608,0.014758,3,2,2:1 2:2 2:3 3:1 3:2 3:3 4:1 4:2 4:3,0/0/0/0,0,3,
4,232,0.453000,0,,0.727980,48.000000,31.000000,1.000000,6271.043742,955.828094,548.510677,0.498087,0.508351,0.121459,0.333060,317.755066,0.294218,0.012116,3,2,2:1 2:2 2:3 3:1 3:2 3:3 4:1 4:2 4:3,0/0/0/0,0,3,
5,235,0.578000,0,,0.726624,48.000000,31.000000,1.000000,6313.874327,958.596143,548.444597,0.499529,0.508290,0.120449,0.332200,319.476807,0.295812,0.011742,3,2,2:1 2:2 2:3 3:1 3:2 3:3 4:1 4:2 4:3,0/0/0/0,0,3,
6,238,0.687000,0,,0.728296,48.000000,31.000000,1.000000,5811.655107,961.882697,547.241178,0.501242,0.507174,0.121918,0.333501,320.167725,0.296452,0.010297,3,2,2:1 2:2 2:3 3:1 3:2 3:3 4:1 4:2 4:3,0/0/0/0,0,3,
7,241,0.812000,0,,0.703222,44.000000,30.000000,0.916667,6147.590066,968.079978,544.475475,0.504471,0.504611,0.125242,0.336450,317.489807,0.293972,0.009083,3,2,2:1 2:2 2:3 3:1 3:2 3:3 4:1 4:2 4:3,0/0/0/0,0,3,
8,244,0.922000,0,,0.707050,44.000000,30.000000,0.916667,5988.208691,972.337082,545.864479,0.506689,0.505898,0.127808,0.338803,312.577148,0.289423,0.012613,3,2,2:1 2:2 2:3 3:1 3:2 3:3 4:1 4:2 4:3,0/0/0/0,0,3,
9,246,1.016000,0,,0.737766,48.000000,31.000000,1.000000,5946.748461,974.971128,545.035404,0.508062,0.505130,0.128908,0.339736,311.626892,0.288543,0.013514,3,2,2:1 2:2 2:3 3:1 3:2 3:3 4:1 4:2 4:3,0/0/0/0,0,3,
10,249,1.125000,0,,0.738565,48.000000,31.000000,1.000000,5789.883732,980.429111,544.047728,0.510906,0.504215,0.129177,0.339562,312.086426,0.288969,0.016535,3,2,2:1 2:2 2:3 3:1 3:2 3:3 4:1 4:2 4:3,0/0/0/0,0,3,
11,251,1.219000,0,,0.709659,44.000000,30.000000,0.916667,5771.289389,982.241567,543.903874,0.511851,0.504081,0.129241,0.339406,312.287781,0.289155,0.017726,3,2,2:1 2:2 2:3 3:1 3:2 3:3 4:1 4:2 4:3,0/0/0/0,0,3,
12,254,1.328000,0,,0.741916,48.000000,31.000000,1.000000,5295.177123,990.530085,544.266832,0.516170,0.504418,0.130947,0.340797,309.595764,0.286663,0.023706,3,2,2:1 2:2 2:3 3:1 3:2 3:3 4:1 4:2 4:3,0/0/0/0,0,3,
13,257,1.453000,0,,0.745889,48.000000,31.000000,1.000000,5429.926591,998.550606,547.590815,0.520349,0.507498,0.133224,0.343336,303.108948,0.280656,0.030670,3,2,2:1 2:2 2:3 3:1 3:2 3:3 4:1 4:2 4:3,0/0/0/0,0,3,
14,260,1.562000,0,,0.746775,48.000000,31.000000,1.000000,5586.106246,1001.011965,550.020057,0.521632,0.509750,0.133577,0.343865,300.668091,0.278396,0.033556,3,2,2:1 2:2 2:3 3:1 3:2 3:3 4:1 4:2 4:3,0/0/0/0,0,3,
15,263,1.687000,0,,0.715683,44.000000,30.000000,0.916667,5236.714101,999.429099,555.884908,0.520807,0.515185,0.131744,0.341676,297.098206,0.275091,0.036429,3,2,2:1 2:2 2:3 3:1 3:2 3:3 4:1 4:2 4:3,0/0/0/0,0,3,
16,266,1.797000,0,,0.742970,48.000000,31.000000,1.000000,5296.922929,1000.047732,566.458925,0.521130,0.524985,0.129133,0.339302,290.356628,0.268849,0.046276,3,2,2:1 2:2 2:3 3:1 3:2 3:3 4:1 4:2 4:3,0/0/0/0,0,3,
17,269,1.906000,0,,0.742126,48.000000,31.000000,1.000000,5705.222109,1002.037484,572.943359,0.522166,0.530995,0.127589,0.338328,286.672791,0.265438,0.053889,3,2,2:1 2:2 2:3 3:1 3:2 3:3 4:1 4:2 4:3,0/0/0/0,0,3,
18,272,2.031000,0,,0.742795,48.000000,31.000000,1.000000,5760.449336,1004.251720,574.915142,0.523320,0.532822,0.127753,0.339394,285.171692,0.264048,0.056941,3,2,2:1 2:2 2:3 3:1 3:2 3:3 4:1 4:2 4:3,0/0/0/0,0,3,
19,275,2.141000,0,,0.745134,48.000000,31.000000,1.000000,5269.380698,1008.836820,569.573289,0.525710,0.527871,0.129959,0.342160,288.497986,0.267128,0.053625,3,2,2:1 2:2 2:3 3:1 3:2 3:3 4:1 4:2 4:3,0/0/0/0,0,3,
20,278,2.266000,0,,0.721051,44.000000,30.000000,0.916667,3756.021247,1024.885072,555.029053,0.534072,0.514392,0.134067,0.346381,297.402222,0.275372,0.052308,3,2,2:1 2:2 2:3 3:1 3:2 3:3 4:1 4:2 4:3,0/0/0/0,0,3,
21,281,2.375000,0,,0.756281,48.000000,31.000000,1.000000,3905.716208,1039.906371,541.423621,0.541900,0.501783,0.137965,0.350175,304.859741,0.282278,0.059309,3,2,2:1 2:2 2:3 3:1 3:2 3:3 4:1 4:2 4:3,0/0/0/0,0,3,
22,284,2.500000,0,,0.731480,44.000000,30.000000,0.916667,5118.146831,1054.474337,530.498929,0.549492,0.491658,0.142568,0.355194,292.736023,0.271052,0.070979,3,2,2:1 2:2 2:3 3:1 3:2 3:3 4:1 4:2 4:3,0/0/0/0,0,3,
23,287,2.609000,1,0,0.761497,48.000000,31.000000,1.000000,5254.015172,1060.669164,525.946470,0.552720,0.487439,0.144489,0.357204,285.693420,0.264531,0.076644,3,2,2:1 2:2 2:3 3:1 3:2 3:3 4:1 4:2 4:3,0/0/0/0,0,3,0.537421
24,290,2.719000,0,,0.764071,48.000000,31.000000,1.000000,3829.648867,1077.184783,512.222326,0.561326,0.474719,0.151927,0.365260,263.020477,0.243537,0.093808,3,2,2:1 2:2 2:3 3:1 3:2 3:3 4:1 4:2 4:3 5:1,0/0/0/0,0,3,
25,292,2.812000,0,,0.751227,46.000000,30.000000,0.958333,3799.299136,1094.554295,513.026244,0.570377,0.475465,0.145481,0.359743,278.960266,0.258297,0.105404,3,2,2:1 2:2 2:3 3:1 3:2 3:3 4:1 4:2 4:3 5:1 5:2,0/0/0/0,0,3,
26,295,2.922000,0,,0.754513,46.000000,30.000000,0.958333,2957.387301,1110.881543,492.706710,0.578886,0.456633,0.145921,0.360306,259.730377,0.240491,0.127308,4,2,2:1 2:2 3:1 3:2 3:3 4:1 4:2 4:3 5:1 5:2 5:3,0/0/0/0,0,3,
27,298,3.047000,0,,0.757813,46.000000,30.000000,0.958333,3022.343906,1129.519137,477.543487,0.588598,0.442580,0.145853,0.359989,244.600510,0.226482,0.149309,4,2,2:2 3:1 3:2 3:3 4:1 4:2 4:3 5:1 5:2 5:3,0/0/0/0,0,3,
28,301,3.156000,0,,0.776532,48.000000,31.000000,1.000000,4200.484648,1137.481386,448.958283,0.592747,0.416087,0.152041,0.364836,198.791168,0.184066,0.176880,4,2,2:2 3:0 3:1 3:2 4:1 4:2 4:3 5:1 5:2 5:3,0/0/0/0,0,3,
29,304,3.266000,1,1,0.778985,48.000000,31.000000,1.000000,4384.968945,1144.317262,434.917217,0.596309,0.403074,0.149868,0.362512,188.280945,0.174334,0.193236,4,2,2:2 3:0 3:1 3:2 4:1 4:2 4:3 5:1 5:2 5:3,0/0/0/0,0,3,0.367798
30,306,3.359000,0,,0.766364,46.000000,30.000000,0.958333,4242.796015,1159.749363,429.495373,0.604351,0.398049,0.142738,0.356534,200.769684,0.185898,0.206315,4,1,2:2 3:0 3:1 3:2 4:0 4:1 4:2 4:3 5:1 5:2 5:3,0/0/0/0,0,3,
31,309,3.469000,0,,0.769167,46.000000,30.000000,0.958333,3990.966113,1168.007872,414.097176,0.608654,0.383779,0.145145,0.359649,183.798553,0.170184,0.225003,4,1,3:0 3:1 3:2 4:0 4:1 4:2 5:1 5:2 5:3,0/0/0/0,0,3,
32,311,3.562000,0,,0.772144,46.000000,30.000000,0.958333,4097.806985,1176.567653,398.073344,0.613115,0.368928,0.145854,0.360467,166.707413,0.154359,0.244846,4,1,3:0 3:1 3:2 4:0 4:1 4:2 5:1 5:2,0/0/0/0,0,3,
33,314,3.672000,0,,0.797371,48.000000,31.000000,1.000000,4162.716737,1172.850150,370.406124,0.611178,0.343286,0.153690,0.367429,121.032288,0.112067,0.271734,4,1,3:0 3:1 3:2 4:0 4:1 4:2 5:0 5:1 5:2,0/0/1/0,1,3,
34,317,3.781000,0,,0.782636,46.000000,30.000000,0.958333,3828.967995,1188.400202,355.685255,0.619281,0.329643,0.142452,0.356567,125.578651,0.116277,0.294106,4,1,3:0 3:1 3:2 4:0 4:1 4:2 5:0 5:1 5:2,0/0/1/0,1,3,
35,320,3.891000,1,2,0.838438,48.000000,31.000000,1.000000,3945.183418,1185.344796,326.784558,0.617689,0.302859,0.150305,0.363356,78.106621,0.072321,0.324701,4,1,3:0 3:1 3:2 4:0 4:1 4:2 5:0 5:1 5:2,0/0/4/0,1,3,0.411147
36,323,4.016000,1,3,0.817569,46.000000,30.000000,0.958333,3745.446402,1202.753699,319.152866,0.626761,0.295786,0.141567,0.355362,89.210373,0.082602,0.339917,4,1,3:0 3:1 3:2 4:0 4:1 4:2 5:0 5:1 5:2,0/0/3/0,1,3,0.411404
37,326,4.125000,0,,0.800214,44.000000,29.000000,0.916667,3768.868857,1215.080371,303.395210,0.633184,0.281182,0.135206,0.350416,89.158737,0.082554,0.362269,4,1,3:0 3:1 3:2 4:0 4:1 4:2 5:0 5:1 5:2,0/0/5/0,1,3,
38,329,4.234000,1,4,0.821590,44.000000,29.000000,0.916667,3866.963239,1221.316585,285.127782,0.636434,0.264252,0.137199,0.353109,69.234825,0.064106,0.385205,4,1,3:0 3:1 3:2 4:0 4:1 4:2 5:0 5:1 5:2,0/0/7/0,1,3,0.359581
39,332,4.344000,1,5,0.790851,41.000000,27.000000,0.854167,3597.748574,1225.268913,275.186094,0.638493,0.255038,0.130340,0.348525,71.775307,0.066459,0.397962,4,1,3:0 3:1 4:0 4:1 4:2 5:0 5:1 5:2,0/0/6/0,1,3,0.359365
40,334,4.437000,0,,0.724879,37.000000,25.000000,0.770833,3372.728423,1217.511452,282.458466,0.634451,0.261778,0.116942,0.335702,94.989464,0.087953,0.386851,4,1,3:0 3:1 4:0 4:1 4:2 5:0 5:1 5:2,0/0/3/0,1,2,
41,337,4.547000,0,,0.743013,37.000000,25.000000,0.770833,3487.411444,1217.192163,261.555841,0.634285,0.242406,0.115953,0.334776,74.500458,0.068982,0.410821,4,1,3:0 3:1 4:0 4:1 5:0 5:1 5:2,0/0/6/0,1,2,
42,340,4.656000,0,,0.723822,35.000000,24.000000,0.729167,3458.887261,1223.810965,245.542844,0.637734,0.227565,0.108701,0.329634,72.450745,0.067084,0.431720,4,1,3:0 3:1 4:0 4:1 5:0 5:1,0/0/6/0,1,2,
43,342,4.750000,0,,0.694622,33.000000,23.000000,0.687500,3637.074410,1216.282434,244.564215,0.633811,0.226658,0.102726,0.325559,81.180191,0.075167,0.430397,4,1,3:0 3:1 4:0 4:1 5:0 5:1,0/0/5/0,1,2,
44,345,4.859000,0,,0.651214,30.000000,21.000000,0.625000,3843.883723,1223.606152,243.144690,0.637627,0.225343,0.091436,0.313668,91.063828,0.084318,0.434460,4,1,3:0 3:1 4:0 4:1 5:0 5:1,0/0/4/0,1,2,
45,348,4.984000,0,,0.658326,30.000000,21.000000,0.625000,3800.352748,1224.398651,232.529455,0.638040,0.215505,0.090011,0.311863,81.947708,0.075878,0.447197,4,1,3:0 3:1 4:0 4:1 5:0 5:1,0/0/5/0,1,2,
46,351,5.094000,0,,0.632444,28.000000,20.000000,0.583333,3605.721387,1232.077312,227.687440,0.642041,0.211017,0.083305,0.307409,87.008537,0.080563,0.455383,4,1,3:0 3:1 4:0 4:1 5:0 5:1,0/0/5/0,1,2,
47,354,5.203000,0,,0.643435,28.000000,20.000000,0.583333,3632.299339,1234.347907,216.085367,0.643225,0.200264,0.082806,0.307045,74.734680,0.069199,0.469797,4,1,3:0 3:1 4:0 4:1 5:0 5:1,0/0/5/0,1,2,
48,357,5.328000,0,,0.620980,26.000000,19.000000,0.541667,3525.968519,1229.986133,212.555516,0.640952,0.196993,0.076289,0.301669,74.623543,0.069096,0.472611,4,0,3:0 3:1 4:0 4:1 5:0 5:1,0/0/5/0,1,2,
49,360,5.437000,0,,0.561790,24.000000,18.000000,0.500000,3338.333056,1209.284286,211.715619,0.630164,0.196215,0.061376,0.290996,106.571899,0.098678,0.467393,4,0,3:0 3:1 4:0 4:1 5:0 5:1,0/0/4/0,1,2,
50,363,5.562000,0,,0.575178,24.000000,18.000000,0.500000,3124.533320,1210.337819,192.654854,0.630713,0.178549,0.059679,0.291202,90.932045,0.084196,0.490747,4,0,3:0 3:1 4:0 4:1 5:0 5:1,0/0/8/0,1,1,
51,366,5.672000,0,,0.575137,23.000000,17.000000,0.479167,3253.165656,1225.694540,183.113880,0.638715,0.169707,0.058279,0.291667,82.290085,0.076195,0.506627,4,0,3:0 3:1 4:0 4:1 5:0 5:1,0/0/7/0,2,1,
52,369,5.781000,0,,0.559972,21.000000,16.000000,0.437500,3253.618252,1243.263175,177.950551,0.647870,0.164922,0.053787,0.288700,77.763351,0.072003,0.517963,4,0,3:0 3:1 4:0 4:1 5:0 5:1,0/0/5/0,2,1,
53,372,5.891000,0,,0.525755,17.000000,14.000000,0.354167,3132.322535,1228.520325,189.117731,0.640188,0.175271,0.050360,0.286986,75.145996,0.069580,0.500203,4,0,3:0 3:1 4:0 4:1 5:0 5:1,0/0/1/0,2,1,
54,374,5.984000,0,,0.447556,16.000000,13.000000,0.333333,3155.893593,1210.963116,188.724615,0.631039,0.174907,0.028416,0.279106,140.441315,0.130038,0.495695,4,0,3:0 3:1 4:0 4:1 5:0 5:1,0/0/0/0,1,1,
55,377,6.094000,0,,0.446434,16.000000,13.000000,0.333333,3145.129822,1211.721416,176.668365,0.631434,0.163733,0.025806,0.278908,132.943527,0.123096,0.510588,4,0,3:0 3:1 4:0 4:1 5:0 5:1,0/0/0/0,2,1,
56,380,6.219000,0,,0.459650,16.000000,13.000000,0.333333,3029.961892,1212.622871,167.623537,0.631904,0.155351,0.028241,0.279374,118.726440,0.109932,0.521884,4,0,3:0 4:0 5:0,0/0/7/0,2,1,
57,383,6.328000,0,,0.480235,16.000000,13.000000,0.333333,3009.286792,1219.712788,153.241964,0.635598,0.142022,0.030843,0.281963,100.168320,0.092748,0.541359,4,0,3:0 4:0 5:0,0/0/8/0,2,1,
58,385,6.422000,0,,0.488664,16.000000,13.000000,0.333333,3195.093114,1222.495220,147.532943,0.637048,0.136731,0.032006,0.282910,92.685089,0.085820,0.549084,4,0,3:0 4:0 5:0,0/0/8/0,2,1,
59,388,6.547000,0,,0.505762,16.000000,13.000000,0.333333,3152.839110,1224.594379,137.459157,0.638142,0.127395,0.034841,0.284206,77.758499,0.071999,0.561992,4,0,3:0 4:0 5:0,0/0/8/0,2,1,
60,391,6.656000,0,,0.462062,12.000000,11.000000,0.250000,3014.492455,1166.371867,142.790815,0.607802,0.132336,0.029655,0.282591,84.035866,0.077811,0.541845,4,0,3:0 4:0 5:0,0/0/4/0,2,1,
61,393,6.750000,0,,0.466124,12.000000,11.000000,0.250000,2952.001179,1164.597427,137.756554,0.606877,0.127671,0.029205,0.281399,79.183624,0.073318,0.547817,4,0,3:0 4:0 5:0,0/0/4/0,2,1,
62,396,6.859000,0,,0.449725,10.000000,10.000000,0.208333,2634.630473,1166.211713,139.893150,0.607718,0.129651,0.025357,0.278692,74.666588,0.069136,0.545457,4,0,3:0 4:0 5:0,0/0/2/0,2,1,
63,398,6.953000,0,,0.360182,8.000000,9.000000,0.166667,2487.225202,1212.574203,153.033657,0.631878,0.141829,0.000799,0.275147,151.602402,0.140373,0.539774,4,0,3:0 4:0 5:0,0/0/0/0,2,0,
64,401,7.078000,0,,0.366448,8.000000,9.000000,0.166667,2408.871808,1199.813026,149.137058,0.625228,0.138218,0.006180,0.273492,138.326767,0.128080,0.541421,4,0,3:0 4:0 5:0,0/0/0/0,2,0,
65,404,7.203000,0,,0.382880,8.000000,9.000000,0.166667,2194.111036,1195.914902,139.615499,0.623197,0.129393,0.012565,0.274396,117.660645,0.108945,0.552316,4,0,3:0 4:0 5:0,0/0/2/0,2,0,
66,406,7.297000,0,,0.400454,8.000000,9.000000,0.166667,2113.597005,1191.663048,131.507215,0.620981,0.121879,0.016760,0.275204,102.288826,0.094712,0.561448,4,0,3:0 4:0 5:0,0/0/4/0,2,0,
67,408,7.391000,0,,0.407650,8.000000,9.000000,0.166667,2037.485187,1185.451843,127.189206,0.617745,0.117877,0.018345,0.274984,95.051804,0.088011,0.565476,4,0,3:0 4:0 5:0,0/0/4/0,2,0,
68,410,7.484000,0,,0.416306,8.000000,9.000000,0.166667,2073.044719,1175.761543,123.784837,0.612695,0.114722,0.020288,0.274686,88.132309,0.081604,0.567696,4,0,3:0 4:0 5:0,0/0/5/0,2,0,
69,413,7.609000,0,,0.395561,7.000000,8.000000,0.145833,2199.209538,1206.606951,134.174071,0.628769,0.124350,0.016450,0.233055,100.138214,0.092721,0.561594,4,0,3:0 4:0 5:0,0/0/3/0,2,0,
70,415,7.719000,0,,0.452849,10.000000,10.000000,0.208333,2202.249124,1207.341357,122.064738,0.629151,0.113128,0.027972,0.276661,76.449249,0.070786,0.576802,4,0,3:0 4:0 5:0,0/0/6/0,2,1,
71,417,7.812000,0,,0.438468,9.000000,9.000000,0.187500,2279.626795,1238.422302,128.215209,0.645348,0.118828,0.023987,0.237083,80.275826,0.074329,0.576920,4,0,3:0 4:0 5:0,0/0/5/0,2,0,
72,419,7.906000,0,,0.436596,9.000000,9.000000,0.187500,2237.873787,1234.455065,128.700951,0.643280,0.119278,0.024298,0.237466,82.230995,0.076140,0.575289,4,0,3:0 4:0 5:0,0/0/5/0,2,0,
73,421,8.016000,0,,0.434255,9.000000,9.000000,0.187500,2194.673883,1228.649475,129.662098,0.640255,0.120169,0.024439,0.237316,84.268250,0.078026,0.572614,4,0,3:0 4:0 5:0,0/0/5/0,2,0,
74,423,8.125000,0,,0.433094,9.000000,9.000000,0.187500,2268.366755,1219.865655,131.625624,0.635678,0.121989,0.024369,0.237304,85.958801,0.079591,0.567981,4,0,3:0 4:0 5:0,0/0/5/0,2,0,
75,425,8.234000,0,,0.429516,9.000000,9.000000,0.187500,2277.644429,1215.336717,134.640250,0.633318,0.124782,0.024184,0.236447,89.496140,0.082867,0.563137,4,0,3:0 4:0 5:0,0/0/4/0,2,0,
76,427,8.344000,0,,0.427986,9.000000,9.000000,0.187500,2327.964996,1211.017985,136.073204,0.631067,0.126110,0.023881,0.235491,91.219620,0.084463,0.560307,4,0,3:0 4:0 5:0,0/0/4/0,2,0,
77,429,8.437000,0,,0.426889,9.000000,9.000000,0.187500,2301.083901,1207.376533,135.888066,0.629170,0.125939,0.023812,0.234488,91.976776,0.085164,0.559654,4,0,3:0 4:0 5:0,0/0/4/0,2,0,
78,431,8.547000,0,,0.426982,9.000000,9.000000,0.187500,2277.802826,1202.796943,134.977144,0.626783,0.125095,0.023678,0.233866,91.269058,0.084508,0.559693,4,0,3:0 4:0 5:0,0/0/4/0,2,0,
79,433,8.656000,0,,0.426766,9.000000,9.000000,0.187500,2290.098028,1199.808417,134.634896,0.625226,0.124777,0.023678,0.233164,91.691887,0.084900,0.559417,4,0,3:0 4:0 5:0,0/0/4/0,2,0,
80,435,8.766000,0,,0.426587,9.000000,9.000000,0.187500,2284.326051,1198.490445,134.844770,0.624539,0.124972,0.023867,0.233618,92.036766,0.085219,0.558849,4,0,3:0 4:0 5:0,0/0/4/0,2,0,
81,437,8.859000,0,,0.425161,9.000000,9.000000,0.187500,2264.114287,1197.293077,135.618285,0.623915,0.125689,0.023873,0.233797,93.329300,0.086416,0.557609,4,0,3:0 4:0 5:0,0/0/4/0,2,0,
82,439,8.969000,0,,0.425520,9.000000,9.000000,0.187500,2265.839617,1193.977017,135.537371,0.622187,0.125614,0.023886,0.234420,92.785164,0.085912,0.556946,4,0,3:0 4:0 5:0,0/0/4/0,2,0,
83,441,9.078000,0,,0.427035,9.000000,9.000000,0.187500,2297.773929,1191.888889,134.631676,0.621099,0.124774,0.023866,0.234648,91.425156,0.084653,0.557600,4,0,3:0 4:0 5:0,0/0/4/0,2,0,
84,443,9.187000,0,,0.430873,9.000000,9.000000,0.187500,2287.672226,1190.869446,131.231032,0.620568,0.121623,0.023974,0.235570,87.251381,0.080788,0.561615,4,0,3:0 4:0 5:0,0/0/5/0,2,0,
85,445,9.281000,0,,0.434800,9.000000,9.000000,0.187500,2278.577330,1191.954020,128.217356,0.621133,0.118830,0.024243,0.237065,83.243126,0.077077,0.565622,4,0,3:0 4:0 5:0,0/0/5/0,2,0,
86,447,9.391000,0,,0.436183,9.000000,9.000000,0.187500,2279.263939,1188.896579,128.787350,0.619540,0.119358,0.024261,0.239062,81.221535,0.075205,0.564230,4,0,3:0 4:0 5:0,0/0/5/0,2,0,
87,449,9.500000,0,,0.443994,10.000000,10.000000,0.208333,2198.285171,1140.676135,129.529034,0.594412,0.120045,0.028170,0.279158,83.693710,0.077494,0.553677,4,0,2:0 3:0 4:0 5:0,0/0/5/0,2,1,
88,451,9.609000,0,,0.440783,10.000000,10.000000,0.208333,2378.857930,1129.394147,135.855280,0.588533,0.125909,0.027609,0.278255,87.847939,0.081341,0.543659,4,0,2:0 3:0 4:0 5:0,0/0/4/0,2,1,
89,453,9.719000,0,,0.437337,10.000000,10.000000,0.208333,2568.308757,1122.311554,140.968326,0.584842,0.130647,0.027379,0.277667,92.241867,0.085409,0.535947,4,0,2:0 3:0 4:0 5:0,0/0/4/0,2,1,
90,455,9.828000,0,,0.438177,10.000000,10.000000,0.208333,2698.368936,1118.947638,141.408472,0.583089,0.131055,0.027349,0.278572,90.886658,0.084154,0.534835,4,0,2:0 3:0 4:0 5:0,0/0/3/0,2,1,
91,457,9.937000,0,,0.440561,10.000000,10.000000,0.208333,2657.743739,1115.486115,139.771995,0.581285,0.129538,0.027548,0.279761,88.426659,0.081877,0.536375,4,0,2:0 3:0 4:0,0/0/4/0,2,1,
92,459,10.047000,0,,0.441256,10.000000,10.000000,0.208333,2524.649655,1107.426764,139.895825,0.577085,0.129653,0.027747,0.280618,87.584869,0.081097,0.534975,4,0,2:0 3:0 4:0,0/0/3/0,2,1,
93,461,10.156000,0,,0.473238,12.000000,11.000000,0.250000,2501.825999,1102.160848,133.048295,0.574341,0.123307,0.032454,0.281735,74.440384,0.068926,0.542999,4,0,2:0 3:0 4:0,0/0/5/0,2,1,
94,463,10.266000,0,,0.465976,12.000000,11.000000,0.250000,2722.417325,1088.118724,140.047161,0.567024,0.129793,0.032443,0.280957,81.707214,0.075655,0.532062,3,0,2:0 3:0 4:0,0/0/4/0,2,1,
95,465,10.375000,0,,0.462885,12.000000,11.000000,0.250000,2835.904090,1083.915090,144.110886,0.564833,0.133560,0.033116,0.280933,85.709122,0.079360,0.526273,3,0,2:0 3:0 4:0,0/0/4/0,2,1,
96,467,10.484000,0,,0.461016,12.000000,11.000000,0.250000,2856.850711,1079.062291,145.451991,0.562304,0.134803,0.032797,0.280871,87.145355,0.080690,0.523929,3,0,2:0 3:0 4:0,0/0/4/0,2,1,
97,469,10.594000,0,,0.460764,12.000000,11.000000,0.250000,2864.629563,1075.086914,145.581612,0.560233,0.134923,0.032800,0.280806,87.348557,0.080878,0.523277,3,0,2:0 3:0 4:0,0/0/4/0,2,1,
98,471,10.703000,0,,0.461680,12.000000,11.000000,0.250000,2779.069709,1067.166133,144.879705,0.556105,0.134272,0.033035,0.281400,86.552238,0.080141,0.523268,3,0,2:0 3:0 4:0,0/0/4/0,2,1,
99,473,10.812000,0,,0.461012,12.000000,11.000000,0.250000,2764.095819,1058.554138,145.272448,0.551618,0.134636,0.032859,0.281885,86.845398,0.080412,0.521833,3,0,2:0 3:0 4:0,0/0/4/0,2,1,
100,475,10.922000,0,,0.458980,12.000000,11.000000,0.250000,2788.133351,1050.598999,147.272013,0.547472,0.136489,0.032826,0.282016,88.766167,0.082191,0.518447,3,0,2:0 3:0 4:0,0/0/4/0,2,1,
101,477,11.031000,0,,0.454453,12.000000,11.000000,0.250000,2775.674510,1037.996684,150.893148,0.540905,0.139845,0.032311,0.281677,92.639618,0.085777,0.512610,3,0,2:0 3:0 4:0,0/0/4/0,2,1,
102,479,11.141000,0,,0.490627,14.000000,12.000000,0.291667,2825.050583,1008.910287,141.864695,0.525748,0.131478,0.037786,0.283516,75.691811,0.070085,0.522439,3,0,2:0 3:0 4:0,0/0/6/0,2,1,
103,481,11.266000,0,,0.454747,12.000000,11.000000,0.250000,2794.722182,1019.514191,151.042566,0.531274,0.139984,0.032675,0.283086,92.562904,0.085706,0.511057,3,0,2:0 3:0 4:0,0/0/4/0,2,1,
104,483,11.375000,0,,0.457460,12.000000,11.000000,0.250000,2776.271902,1005.452067,148.758139,0.523946,0.137867,0.032895,0.284594,89.840118,0.083185,0.513252,3,0,2:0 3:0 4:0,0/0/4/0,2,1,
105,485,11.500000,0,,0.457862,12.000000,11.000000,0.250000,2715.164844,995.597799,148.698067,0.518811,0.137811,0.033096,0.285491,89.585815,0.082950,0.512903,3,0,2:0 3:0 4:0,0/0/4/0,2,1,
106,487,11.609000,0,,0.457335,12.000000,11.000000,0.250000,2581.881406,977.603673,149.435017,0.509434,0.138494,0.033130,0.286951,90.037598,0.083368,0.511421,3,0,2:0 3:0 4:0,0/0/4/0,2,1,
107,489,11.734000,0,,0.488775,14.000000,12.000000,0.291667,2520.208304,938.247838,144.793459,0.488925,0.134192,0.038458,0.289541,78.265877,0.072468,0.517567,3,0,2:0 3:0 4:0,0/0/6/0,2,1,
108,491,11.844000,0,,0.482843,14.000000,12.000000,0.291667,2460.135694,922.980539,150.224476,0.480970,0.139226,0.038356,0.290394,83.905212,0.077690,0.510921,3,0,2:0 3:0 4:0,0/0/6/0,2,1,
109,493,11.953000,0,,0.478690,14.000000,12.000000,0.291667,2549.750194,906.020015,153.719394,0.472131,0.142465,0.037781,0.291373,88.183609,0.081651,0.507165,3,0,1:0 2:0 3:0 4:0,0/0/6/0,2,1,
110,495,12.062000,0,,0.478101,14.000000,12.000000,0.291667,2685.608271,893.809052,156.340807,0.465768,0.144894,0.038650,0.293008,89.883438,0.083225,0.504523,3,0,1:0 2:0 3:0 4:0 4:1,0/0/6/0,2,1,
111,497,12.172000,0,,0.475112,14.000000,12.000000,0.291667,2715.753732,879.507124,160.414969,0.458315,0.148670,0.039048,0.294694,93.606079,0.086672,0.500341,3,0,1:0 2:0 3:0 4:0 4:1,0/0/5/0,2,1,
112,499,12.281000,0,,0.509561,16.000000,13.000000,0.333333,2688.866408,830.761497,153.729885,0.432914,0.142474,0.044486,0.296899,79.662819,0.073762,0.514442,3,0,1:0 2:0 3:0 3:1 4:0 4:1,0/0/7/0,2,1,
113,501,12.391000,0,,0.507479,16.000000,13.000000,0.333333,2595.893088,819.762085,156.410404,0.427182,0.144959,0.044633,0.297082,82.239021,0.076147,0.512556,2,0,1:0 2:0 3:0 3:1 4:0 4:1,0/0/6/0,2,1,
114,503,12.500000,0,,0.504792,16.000000,13.000000,0.333333,2232.962561,800.847420,160.982826,0.417325,0.149196,0.046407,0.298567,84.008339,0.077785,0.509702,2,0,1:0 2:0 3:0 3:1 4:0 4:1,0/0/5/0,2,1,
115,505,12.625000,0,,0.493411,16.000000,13.000000,0.333333,2203.344406,782.231234,168.299220,0.407624,0.155977,0.044613,0.297465,94.126320,0.087154,0.503756,2,0,1:0 2:0 3:0 3:1,0/0/5/0,2,1,
116,507,12.734000,0,,0.527430,17.000000,14.000000,0.354167,2385.748758,780.062294,176.810921,0.406494,0.163866,0.053895,0.300981,75.840721,0.070223,0.493416,2,0,1:0 2:0 2:1 3:0 3:1,0/0/4/0,1,1,
117,509,12.844000,0,,0.515085,17.000000,14.000000,0.354167,2296.957963,768.069049,190.004823,0.400244,0.176093,0.053787,0.300674,87.535080,0.081051,0.479305,2,0,1:0 1:1 2:0 2:1 3:0 3:1,0/0/2/0,1,1,
118,511,12.953000,0,,0.536653,19.000000,15.000000,0.395833,2471.312401,775.012861,191.677876,0.403863,0.177644,0.057669,0.302224,86.921852,0.080483,0.475722,2,0,1:0 1:1 2:0 2:1 3:0 3:1,0/0/3/0,1,1,
119,513,13.078000,0,,0.524848,19.000000,15.000000,0.395833,2766.096091,762.806290,205.856369,0.397502,0.190784,0.058024,0.303861,100.310799,0.092880,0.460695,2,0,1:0 1:1 2:0 2:1 3:0 3:1,0/0/3/0,1,1,
120,515,13.187000,0,,0.585832,23.000000,17.000000,0.479167,2826.467969,734.944016,191.892485,0.382983,0.177843,0.067431,0.309427,79.421768,0.073539,0.484723,2,0,1:0 1:1 2:0 2:1 3:0 3:1,0/0/7/0,1,2,
121,517,13.312000,0,,0.563518,21.000000,16.000000,0.437500,2570.892366,720.163337,208.186069,0.375281,0.192944,0.067653,0.311004,86.694649,0.080273,0.468697,2,0,1:0 1:1 2:0 2:1 3:0 3:1,0/0/5/0,1,2,
122,519,13.437000,0,,0.571438,22.000000,17.000000,0.458333,2388.706365,687.003616,212.389648,0.358001,0.196839,0.070242,0.313047,89.456291,0.082830,0.473435,2,0,1:0 1:1 2:0 2:1 3:0 3:1,0/0/4/0,1,2,
123,521,13.562000,0,,0.579341,24.000000,18.000000,0.500000,2536.978502,673.122130,214.305255,0.350767,0.198615,0.069798,0.312209,99.456123,0.092089,0.475612,2,0,1:0 1:1 2:0 2:1 3:0 3:1,0/0/5/0,1,2,
124,523,13.687000,0,,0.569288,24.000000,18.000000,0.500000,2662.545553,656.700193,227.488380,0.342210,0.210833,0.070239,0.312336,111.324211,0.103078,0.465866,2,1,1:0 1:1 2:0 2:1 3:0 3:1,0/0/3/0,1,2,
125,525,13.828000,0,,0.624367,26.000000,19.000000,0.541667,2945.491215,664.720244,223.189050,0.346389,0.206848,0.082829,0.319738,80.245461,0.074301,0.468048,2,1,1:0 1:1 2:0 2:1 3:0 3:1,0/0/4/0,1,2,
126,527,13.937000,0,,0.621649,26.000000,19.000000,0.541667,3055.572154,659.104899,223.448642,0.343463,0.207089,0.083857,0.322764,85.798470,0.079443,0.469683,2,1,1:0 1:1 2:0 2:1 3:0 3:1,0/0/5/0,1,2,
127,529,14.062000,0,,0.623922,26.000000,19.000000,0.541667,2996.445040,652.235406,220.483191,0.339883,0.204340,0.084613,0.324868,85.244743,0.078930,0.475504,2,1,1:0 1:1 2:0 2:1 3:0 3:1,0/0/5/0,1,2,
128,531,14.187000,0,,0.607769,24.000000,18.000000,0.500000,3002.551981,651.462149,226.920804,0.339480,0.210307,0.085153,0.325930,86.793388,0.080364,0.468378,2,1,1:0 1:1 2:0 2:1 3:0 3:1,0/0/5/0,1,2,
129,533,14.312000,0,,0.616946,26.000000,19.000000,0.541667,2990.897535,649.300586,223.130488,0.338354,0.206794,0.084523,0.326100,93.745300,0.086801,0.473496,2,1,1:0 1:1 2:0 2:1 3:0 3:1,0/0/5/0,1,2,
130,535,14.437000,0,,0.615629,26.000000,19.000000,0.541667,3009.794744,642.451313,225.618940,0.334784,0.209100,0.085261,0.327896,96.607498,0.089451,0.473115,2,1,0:1 1:0 1:1 2:0 2:1 3:0 3:1,0/0/5/0,1,2,
131,537,14.562000,0,,0.614502,26.000000,19.000000,0.541667,3009.476447,638.590794,228.279658,0.332773,0.211566,0.085945,0.328823,98.894249,0.091569,0.471506,2,1,0:0 0:1 1:0 1:1 2:0 2:1 3:0 3:1,0/0/5/0,1,2,
132,539,14.687000,0,,0.618748,25.000000,19.000000,0.520833,3052.018112,640.529353,232.514108,0.333783,0.215490,0.090598,0.332001,90.624237,0.083911,0.465991,2,1,0:0 0:1 1:0 1:1 2:0 2:1 3:0 3:1,0/0/5/0,1,2,
133,541,14.812000,0,,0.656790,28.000000,20.000000,0.583333,3096.377244,639.922357,225.846435,0.333467,0.209311,0.095939,0.335307,80.083939,0.074152,0.473780,2,1,0:0 0:1 1:0 1:1 2:0 2:1 3:0 3:1,0/0/6/0,1,2,
134,543,14.937000,0,,0.656780,28.000000,20.000000,0.583333,3119.518580,637.323956,227.313253,0.332113,0.210670,0.096815,0.336682,81.419395,0.075388,0.473071,2,1,0:0 0:1 1:0 1:1 2:0 2:1 3:0 3:1,0/0/5/0,1,2,
135,545,15.062000,0,,0.659411,28.000000,20.000000,0.583333,3091.124556,635.894104,227.311471,0.331367,0.210669,0.098572,0.339229,81.040535,0.075038,0.473602,2,1,0:0 0:1 1:0 1:1 2:0 2:1 3:0 3:1,0/0/5/0,1,2,
136,547,15.187000,0,,0.650867,27.000000,19.000000,0.562500,3095.176438,647.385710,233.250406,0.337356,0.216173,0.099462,0.340293,82.013168,0.075938,0.462625,2,1,0:0 0:1 1:0 1:1 2:0 2:1 3:0 3:1,0/0/4/0,1,2,
137,549,15.312000,0,,0.601650,24.000000,18.000000,0.500000,3031.948867,644.833189,249.279470,0.336026,0.231028,0.093996,0.338532,105.009346,0.097231,0.445496,2,1,0:0 0:1 1:0 1:1 2:0 2:1 3:0 3:1,0/0/3/0,1,2,
138,551,15.437000,0,,0.648491,27.000000,19.000000,0.562500,3016.006668,637.624478,241.502678,0.332269,0.223821,0.102387,0.344783,88.864479,0.082282,0.456965,2,1,0:0 0:1 1:0 1:1 2:0 2:1 3:0 3:1,1/0/4/0,1,2,
139,553,15.547000,0,,0.683004,28.000000,20.000000,0.583333,2858.972151,640.923788,239.155579,0.333988,0.221646,0.111475,0.351938,68.998665,0.063888,0.458347,2,1,0:0 0:1 1:0 1:1 2:0 2:1 3:0 3:1,2/0/4/0,1,2,
140,555,15.672000,0,,0.647683,27.000000,19.000000,0.562500,2917.412451,620.214821,249.335810,0.323197,0.231080,0.103994,0.347120,92.236053,0.085404,0.455142,2,1,0:0 0:1 1:0 1:1 2:0 2:1 3:0 3:1,2/0/3/0,1,2,
141,557,15.797000,0,,0.659907,25.000000,19.000000,0.520833,3081.907889,627.538619,256.929456,0.327013,0.238118,0.112924,0.352987,70.181358,0.064983,0.443861,2,1,0:0 0:1 1:0 1:1 2:0 2:1 3:0 3:1,2/0/3/0,1,2,
142,559,15.922000,0,,0.681011,28.000000,20.000000,0.583333,3150.018970,625.469967,247.626022,0.325935,0.229496,0.113706,0.354276,74.630119,0.069102,0.454909,2,1,0:0 0:1 1:0 1:1 2:0 2:1 3:0 3:1,2/0/4/0,1,2,
143,561,16.031000,0,,0.657474,25.000000,19.000000,0.520833,3102.945729,624.186786,259.674211,0.325267,0.240662,0.114040,0.354976,74.879501,0.069333,0.442240,2,1,0:0 0:1 1:0 1:1 2:0 2:1 3:0 3:1,2/0/3/0,1,2,
144,563,16.156000,0,,0.679756,28.000000,20.000000,0.583333,3176.500037,617.907518,246.718679,0.321995,0.228655,0.112965,0.353290,75.806709,0.070191,0.458942,2,1,0:0 0:1 1:0 1:1 2:0 2:1 3:0 3:1,2/0/4/0,1,2,
145,565,16.266000,0,,0.677378,28.000000,20.000000,0.583333,3174.328086,622.155907,246.803694,0.324208,0.228734,0.112301,0.352085,77.431145,0.071696,0.457139,2,1,0:0 0:1 1:0 1:1 2:0 2:1 3:0 3:1,2/0/4/0,1,2,
146,567,16.391000,0,,0.673167,28.000000,20.000000,0.583333,3272.486967,624.520647,247.128482,0.325441,0.229035,0.110855,0.350004,80.225441,0.074283,0.455836,2,1,0:0 0:1 1:0 1:1 2:0 2:1 3:0 3:1,2/0/4/0,1,2,
147,569,16.516000,0,,0.674218,28.000000,20.000000,0.583333,3244.105109,623.052650,246.442038,0.324676,0.228399,0.110945,0.350249,79.274445,0.073402,0.457178,2,1,0:0 0:1 1:0 1:1 2:0 2:1 3:0 3:1,2/0/4/0,1,2,
148,571,16.625000,0,,0.676670,28.000000,20.000000,0.583333,3216.454350,621.782634,244.701645,0.324014,0.226786,0.111543,0.351289,77.564651,0.071819,0.459603,2,1,0:0 0:1 1:0 1:1 2:0 2:1 3:0 3:1,2/0/4/0,1,2,
149,573,16.750000,0,,0.681393,28.000000,20.000000,0.583333,3211.881479,621.758463,242.330279,0.324001,0.224588,0.112942,0.353369,74.285133,0.068783,0.462228,2,1,0:0 0:1 1:0 1:1 2:0 2:1 3:0 3:1,2/0/4/0,1,2,
150,575,16.859000,0,,0.681934,28.000000,20.000000,0.583333,3201.650114,620.895563,242.924382,0.323552,0.225138,0.113444,0.354126,74.360252,0.068852,0.461915,2,1,0:0 0:1 1:0 1:1 2:0 2:1 3:0 3:1,2/0/4/0,1,2,
151,577,16.969000,0,,0.653981,25.000000,19.000000,0.520833,3171.295435,619.623076,259.613130,0.322889,0.240605,0.113365,0.354051,78.660027,0.072833,0.444194,2,1,0:0 0:1 1:0 1:1 2:0 2:1 3:0 3:1,2/0/3/0,1,2,
152,579,17.094000,0,,0.675095,28.000000,20.000000,0.583333,3091.097772,614.271059,251.892432,0.320100,0.233450,0.113676,0.354725,82.223671,0.076133,0.454782,2,1,0:0 0:1 1:0 1:1 2:0 2:1 3:0 3:1,2/0/4/0,1,2,
153,581,17.219000,0,,0.676558,28.000000,20.000000,0.583333,3152.437147,605.921127,253.324606,0.315748,0.234777,0.114743,0.356844,82.479019,0.076369,0.456710,2,1,0:0 0:1 1:0 1:1 2:0 2:1 3:0 3:1,2/0/4/0,1,2,
154,583,17.328000,0,,0.683007,28.000000,20.000000,0.583333,3156.138238,601.685741,250.697753,0.313541,0.232343,0.116555,0.359703,78.035980,0.072256,0.461318,2,1,0:0 0:1 1:0 1:1 2:0 2:1 3:0 3:1,2/0/4/0,1,2,
155,585,17.453000,0,,0.687895,28.000000,20.000000,0.583333,3164.956705,599.845753,248.432958,0.312582,0.230244,0.118199,0.362308,75.066635,0.069506,0.464529,2,1,0:0 0:1 1:0 1:1 2:0 2:1 3:0 3:1,2/0/4/0,1,2,
156,587,17.562000,0,,0.683727,28.000000,20.000000,0.583333,3162.028133,598.980667,251.628143,0.312132,0.233205,0.117815,0.361770,79.231102,0.073362,0.461463,2,1,0:0 0:1 1:0 1:1 2:0 2:1 3:0 3:1,2/0/4/0,1,2,
157,589,17.687000,0,,0.677045,28.000000,20.000000,0.583333,3184.287602,598.288847,256.156927,0.311771,0.237402,0.116876,0.360775,85.443932,0.079115,0.456920,2,1,0:0 0:1 1:0 1:1 2:0 2:1 3:0 3:1,2/0/4/0,1,2,
158,591,17.797000,0,,0.672744,28.000000,20.000000,0.583333,3231.362325,599.739256,258.249659,0.312527,0.239342,0.116666,0.360909,90.114311,0.083439,0.454068,2,1,0:0 0:1 1:0 1:1 2:0 2:1 3:0 3:1,2/0/4/0,1,2,
159,593,17.922000,0,,0.672709,28.000000,20.000000,0.583333,3247.115137,600.563579,257.598103,0.312957,0.238738,0.117352,0.362603,91.367058,0.084599,0.454408,2,1,0:0 0:1 1:0 1:1 2:0 2:1 3:0 3:1,2/0/4/0,1,2,
160,595,18.031000,0,,0.672005,28.000000,20.000000,0.583333,3233.561039,602.390442,255.816019,0.313909,0.237086,0.116701,0.361810,91.412354,0.084641,0.455530,2,1,0:0 0:1 1:0 1:1 2:0 2:1 3:0 3:1,2/0/4/0,1,2,
161,597,18.156000,0,,0.671589,28.000000,20.000000,0.583333,3209.034943,607.161235,255.131208,0.316395,0.236452,0.116593,0.361601,91.523376,0.084744,0.454244,2,1,0:0 0:1 1:0 1:1 2:0 2:1 3:0 3:1,2/0/4/0,1,2,
162,599,18.281000,0,,0.644306,25.000000,19.000000,0.520833,3211.743887,612.436099,267.849150,0.319143,0.248238,0.115556,0.360036,93.720985,0.086779,0.438390,2,1,0:0 0:1 1:0 1:1 2:0 2:1 3:0 3:1,2/0/3/0,1,2,
163,601,18.406000,0,,0.663750,28.000000,20.000000,0.583333,3111.615323,614.589525,260.813198,0.320266,0.241718,0.115794,0.360933,98.555496,0.091255,0.445004,2,1,0:0 0:1 1:0 1:1 2:0 2:1 3:0 3:1,2/0/3/0,1,2,
164,603,18.531000,0,,0.662293,28.000000,20.000000,0.583333,2873.661926,619.922052,270.291332,0.323044,0.250502,0.117623,0.363199,101.074898,0.093588,0.432580,2,1,0:1 1:0 1:1 2:0 2:1 3:0 3:1 3:2,2/0/2/0,1,2,
165,605,18.656000,0,,0.699361,31.000000,22.000000,0.645833,3026.898211,605.642358,271.062583,0.315603,0.251216,0.122737,0.363351,90.949074,0.084212,0.437939,2,1,0:0 0:1 1:0 1:1 2:0 2:1 2:2 3:0 3:1 3:2,3/0/3/0,1,3,
166,607,18.797000,0,,0.732727,33.000000,23.000000,0.687500,3247.038655,620.653510,270.090230,0.323425,0.250315,0.128232,0.364673,74.702484,0.069169,0.432484,2,1,0:0 0:1 1:0 1:1 2:0 2:1 2:2 3:0 3:1 3:2,3/0/5/0,1,3,
167,609,18.922000,0,,0.722905,33.000000,23.000000,0.687500,3336.198880,624.006717,276.520327,0.325173,0.256275,0.125454,0.360827,81.189140,0.075175,0.424185,2,1,0:0 0:1 1:0 1:1 2:0 2:1 2:2 3:0 3:1 3:2,3/0/4/0,1,3,
168,611,19.062000,1,6,0.736674,35.000000,24.000000,0.729167,3275.943303,607.354681,271.775887,0.316495,0.251878,0.125449,0.360684,84.618652,0.078351,0.436437,2,1,0:0 0:1 1:0 1:1 2:0 2:1 2:2 3:0 3:1 3:2,3/0/6/0,1,3,0.286213
169,613,19.187000,0,,0.724148,35.000000,24.000000,0.729167,3164.838277,613.494701,285.958483,0.319695,0.265022,0.125010,0.359889,96.704536,0.089541,0.418867,2,1,0:0 0:1 1:0 1:1 1:2 2:0 2:1 2:2 3:0 3:1 3:2,2/0/5/0,1,3,
170,615,19.312000,0,,0.749269,37.000000,25.000000,0.770833,3137.903765,616.441924,296.676228,0.321231,0.274955,0.131192,0.361329,90.936775,0.084201,0.406457,2,1,0:0 0:1 0:2 1:0 1:1 1:2 2:0 2:1 2:2 3:0 3:1 3:2,1/0/3/0,1,3,
171,617,19.437000,0,,0.746623,35.000000,25.000000,0.729167,3329.570921,640.327628,301.195950,0.333678,0.279144,0.137281,0.364094,82.607452,0.076488,0.391000,2,1,0:0 0:2 1:0 1:1 1:2 2:0 2:1 2:2 3:0 3:1 3:2,0/0/4/0,1,3,
172,619,19.547000,1,7,0.794349,41.000000,27.000000,0.854167,3503.433450,616.433771,309.076865,0.321227,0.286448,0.142800,0.368354,82.540909,0.076427,0.393864,2,1,0:0 0:1 0:2 1:0 1:1 1:2 2:0 2:1 2:2 3:0 3:1 3:2,0/0/5/0,1,3,0.228986
173,621,19.672000,0,,0.793165,42.000000,28.000000,0.875000,3694.088101,610.274203,314.455765,0.318017,0.291433,0.142938,0.368758,93.056862,0.086164,0.391454,2,1,0:0 0:1 0:2 1:0 1:1 1:2 2:0 2:1 2:2 3:0 3:1 3:2,0/0/5/0,1,3,
174,623,19.781000,1,8,0.820487,44.000000,29.000000,0.916667,3846.059175,612.160572,315.096289,0.319000,0.292026,0.151242,0.374574,76.246475,0.070599,0.389908,2,1,0:0 0:1 0:2 1:0 1:1 1:2 2:0 2:1 2:2 3:0 3:1 3:2,0/0/5/0,1,3,0.274572
175,625,19.906000,0,,0.814620,44.000000,29.000000,0.916667,3957.005545,610.970337,321.803712,0.318380,0.298243,0.149918,0.372901,82.684464,0.076560,0.383906,2,1,0:0 0:1 0:2 1:0 1:1 1:2 2:0 2:1 2:2 3:0 3:1 3:2,0/0/4/0,1,3,
176,627,20.016000,0,,0.808516,44.000000,29.000000,0.916667,4101.207921,611.353019,328.499410,0.318579,0.304448,0.148404,0.370911,89.298714,0.082684,0.377238,2,1,0:0 0:1 0:2 1:0 1:1 1:2 2:0 2:1 2:2 3:0 3:1 3:2,0/0/4/0,1,3,
177,629,20.141000,1,9,0.829378,46.000000,30.000000,0.958333,4009.175968,608.302699,325.625521,0.316989,0.301785,0.152295,0.373308,81.995308,0.075922,0.381529,2,1,0:0 0:1 0:2 1:0 1:1 1:2 2:0 2:1 2:2 3:0 3:1 3:2,0/0/6/0,1,3,0.274639
178,631,20.266000,1,10,0.820934,46.000000,30.000000,0.958333,4296.518380,609.299457,333.325331,0.317509,0.308921,0.150429,0.371008,91.410347,0.084639,0.373669,2,1,0:0 0:1 0:2 1:0 1:1 1:2 2:0 2:1 2:2 3:0 3:1 3:2,0/0/6/0,1,3,0.320670
179,633,20.391000,0,,0.808167,46.000000,30.000000,0.958333,4364.844268,606.022347,342.837055,0.315801,0.317736,0.145544,0.365534,106.557381,0.098664,0.366468,2,1,0:1 0:2 1:0 1:1 1:2 2:0 2:1 2:2 3:0 3:1 3:2,0/0/6/0,1,3,
180,635,20.516000,1,11,0.825049,48.000000,31.000000,1.000000,4603.399195,591.601295,336.072265,0.308286,0.311466,0.146137,0.365209,106.258789,0.098388,0.380261,2,1,0:1 0:2 1:0 1:1 1:2 2:0 2:1 2:2 3:0 3:1 3:2,0/0/8/0,1,3,0.294189
181,637,20.641000,0,,0.803174,46.000000,30.000000,0.958333,4664.579018,604.154067,346.745084,0.314828,0.321358,0.144495,0.363469,112.523285,0.104188,0.363873,2,1,0:1 0:2 1:0 1:1 1:2 2:0 2:1 2:2 3:0 3:1 3:2,0/0/6/0,1,3,
182,639,20.766000,0,,0.772257,42.000000,29.000000,0.875000,4433.443391,609.190878,348.160171,0.317452,0.322669,0.143497,0.361901,114.022522,0.105576,0.359916,2,1,0:2 1:0 1:1 1:2 2:0 2:1 2:2 3:0 3:1 3:2,0/0/6/0,1,3,
183,641,20.891000,1,12,0.815303,48.000000,31.000000,1.000000,4910.256401,606.474530,339.043652,0.316037,0.314220,0.143799,0.362028,116.846527,0.108191,0.369747,2,1,1:0 1:1 1:2 2:0 2:1 2:2 3:0 3:1 3:2,0/0/8/0,1,3,0.307584
184,643,21.016000,0,,0.793591,46.000000,30.000000,0.958333,4786.500546,619.488038,354.333849,0.322818,0.328391,0.140889,0.357432,122.019722,0.112981,0.348835,2,1,1:0 1:1 1:2 2:0 2:1 2:2 3:0 3:1 3:2,0/0/6/0,1,3,
185,645,21.156000,0,,0.789721,46.000000,30.000000,0.958333,5020.627450,620.886295,357.978847,0.323547,0.331769,0.141405,0.358166,126.247658,0.116896,0.344782,2,1,1:0 1:1 1:2 2:0 2:1 2:2 3:0 3:1 3:2,0/0/4/0,1,3,
186,647,21.281000,1,13,0.807385,48.000000,31.000000,1.000000,4961.086703,604.963266,351.774007,0.315249,0.326019,0.139966,0.355457,124.940788,0.115686,0.358894,2,1,1:0 1:1 1:2 2:0 2:1 2:2 3:0 3:1 3:2,0/0/2/0,1,3,0.403559
187,649,21.406000,0,,0.804162,48.000000,31.000000,1.000000,5039.472993,603.781514,355.450688,0.314633,0.329426,0.139887,0.355233,128.472015,0.118956,0.356248,2,1,1:0 1:1 1:2 2:0 2:1 2:2 3:0 3:1 3:2,0/0/1/0,1,3,
188,651,21.531000,0,,0.801882,48.000000,31.000000,1.000000,5077.373074,604.675158,358.327648,0.315099,0.332092,0.139144,0.354610,132.389008,0.122582,0.353218,2,1,1:0 1:1 1:2 2:0 2:1 2:2 3:0 3:1 3:2,0/0/0/0,1,3,
189,653,21.656000,0,,0.785310,46.000000,30.000000,0.958333,4964.186789,607.534744,369.407366,0.316589,0.342361,0.138903,0.354569,134.171463,0.124233,0.342022,2,1,1:0 1:1 1:2 2:0 2:1 2:2 3:0 3:1 3:2,0/0/0/0,1,3,
190,655,21.781000,0,,0.802350,48.000000,31.000000,1.000000,5022.506817,593.565410,362.355231,0.309310,0.335825,0.139200,0.355722,138.584915,0.128319,0.355854,2,1,0:2 1:0 1:1 1:2 2:0 2:1 2:2 3:0 3:1 3:2,0/0/0/0,1,3,
191,657,21.922000,0,,0.803311,48.000000,31.000000,1.000000,4914.911458,589.512073,365.570287,0.307198,0.338805,0.140254,0.358785,148.523895,0.137522,0.355406,2,1,0:2 1:0 1:1 1:2 2:0 2:1 2:2 3:0 3:1 3:2,0/0/0/0,1,3,
192,659,22.047000,0,,0.803327,48.000000,31.000000,1.000000,4795.392602,581.912620,370.677467,0.303237,0.343538,0.143094,0.363503,155.234146,0.143735,0.355516,2,1,0:1 0:2 1:0 1:1 1:2 2:0 2:1 2:2 3:0 3:1 3:2,0/0/0/0,1,3,
193,661,22.172000,0,,0.803394,48.000000,31.000000,1.000000,4735.817264,573.884858,375.956407,0.299054,0.348430,0.148716,0.370250,154.736725,0.143275,0.355957,2,1,0:1 0:2 1:0 1:1 1:2 2:0 2:1 2:2 3:0 3:1 3:2,1/0/0/0,1,3,
194,663,22.297000,0,,0.787009,46.000000,30.000000,0.958333,4453.915533,576.314636,389.682958,0.300320,0.361152,0.149652,0.372071,160.299332,0.148425,0.343950,2,1,0:1 0:2 1:0 1:1 1:2 2:0 2:1 2:2 3:0 3:1 3:2,1/0/0/0,1,3,
195,665,22.437000,1,14,0.803963,48.000000,31.000000,1.000000,4597.731251,555.685495,385.276569,0.289570,0.357068,0.152561,0.374992,157.966217,0.146265,0.359750,2,1,0:0 0:1 0:2 1:0 1:1 1:2 2:0 2:1 2:2 3:0 3:1 3:2,2/0/0/0,1,3,0.291024
196,667,22.562000,0,,0.803991,48.000000,31.000000,1.000000,4671.896784,553.670398,386.694662,0.288520,0.358382,0.156470,0.379072,153.211411,0.141862,0.359942,2,1,0:0 0:1 0:2 1:0 1:1 1:2 2:0 2:1 2:2 3:0 3:1 3:2,3/0/0/0,1,3,
197,669,22.703000,0,,0.804059,48.000000,31.000000,1.000000,4498.244742,554.034944,385.776490,0.288710,0.357532,0.161860,0.384664,144.252991,0.133568,0.360390,2,1,0:0 0:1 0:2 1:0 1:1 1:2 2:0 2:1 2:2 3:0 3:1 3:2,3/0/0/0,1,3,
198,671,22.828000,0,,0.804191,48.000000,31.000000,1.000000,4448.079406,552.454942,385.891577,0.287887,0.357638,0.165338,0.388197,139.173050,0.128864,0.361272,2,1,0:0 0:1 0:2 1:0 1:1 1:2 2:0 2:1 2:2 3:0 3:1 3:2,4/0/0/0,1,3,
199,673,22.969000,1,15,0.804484,48.000000,31.000000,1.000000,4350.400255,550.063673,385.214983,0.286641,0.357011,0.168179,0.390894,133.542221,0.123650,0.363230,2,1,0:0 0:1 0:2 1:0 1:1 1:2 2:0 2:1 2:2 3:0 3:1 3:2,4/0/0/0,1,3,0.285337
200,675,23.094000,0,,0.804341,48.000000,31.000000,1.000000,4279.067181,550.909411,385.818163,0.287082,0.357570,0.169968,0.392727,131.480545,0.121741,0.362272,2,1,0:0 0:1 0:2 1:0 1:1 1:2 2:0 2:1 2:2 3:0 3:1 3:2,4/0/0/0,1,3,
201,677,23.234000,0,,0.808749,48.000000,31.000000,1.000000,4162.618452,552.210513,385.770333,0.287760,0.357526,0.174870,0.397432,123.739433,0.114574,0.361511,2,1,0:0 0:1 0:2 1:0 1:1 1:2 2:0 2:1 2:2 3:1 3:2,4/0/1/0,1,3,
202,679,23.359000,0,,0.811678,48.000000,31.000000,1.000000,4083.484494,552.057114,387.154436,0.287680,0.358809,0.177969,0.400203,119.765045,0.110894,0.360597,2,1,0:0 0:1 0:2 1:0 1:1 1:2 2:0 2:1 2:2 3:1 3:2,4/0/1/0,1,3,
203,681,23.484000,1,16,0.819068,48.000000,31.000000,1.000000,3943.696068,548.853798,385.848705,0.286010,0.357598,0.181670,0.403527,110.754768,0.102551,0.363510,2,1,0:0 0:1 0:2 1:0 1:1 1:2 2:0 2:1 2:2 3:1 3:2,5/0/2/0,1,3,0.355021
204,683,23.609000,1,17,0.790834,44.000000,30.000000,0.916667,4021.120025,544.747323,386.235114,0.283870,0.357957,0.180989,0.402564,109.981339,0.101835,0.365755,1,1,0:0 0:1 0:2 1:0 1:1 1:2 2:0 2:1 2:2 3:1 3:2,5/0/2/0,1,3,0.346373
205,685,23.734000,1,18,0.819864,48.000000,31.000000,1.000000,3925.801293,549.238046,388.656931,0.286211,0.360201,0.182075,0.403262,109.282761,0.101188,0.361247,2,1,0:0 0:1 0:2 1:0 1:1 1:2 2:0 2:1 2:2 3:1 3:2,5/0/2/0,1,3,0.347232
206,687,23.875000,1,19,0.819969,48.000000,31.000000,1.000000,3951.509953,550.363927,390.921009,0.286797,0.362299,0.183766,0.404853,108.697205,0.100646,0.358934,2,1,0:0 0:1 0:2 1:0 1:1 1:2 2:0 2:1 2:2 3:1 3:2,5/0/2/0,1,3,0.338587
207,689,24.000000,1,20,0.819439,48.000000,31.000000,1.000000,3999.327962,548.125671,393.788493,0.285631,0.364957,0.184891,0.405934,109.260681,0.101167,0.358304,1,1,0:0 0:1 0:2 1:0 1:1 1:2 2:0 2:1 2:2 3:1 3:2,5/0/2/0,1,3,0.340056
208,691,24.125000,1,21,0.818562,48.000000,31.000000,1.000000,3996.637901,551.011476,395.680692,0.287135,0.366711,0.185764,0.406721,109.791176,0.101658,0.355184,2,1,0:0 0:1 0:2 1:0 1:1 1:2 2:0 2:1 2:2 3:1 3:2,5/0/2/0,1,3,0.379465
209,693,24.266000,1,22,0.817729,48.000000,31.000000,1.000000,3942.446819,557.194202,395.693484,0.290357,0.366722,0.185002,0.405755,110.120224,0.101963,0.351321,2,1,0:0 0:1 0:2 1:0 1:1 1:2 2:0 2:1 2:2 3:1 3:2,5/0/2/0,1,3,0.441246
210,695,24.391000,0,,0.786237,44.000000,30.000000,0.916667,3935.430668,563.944569,393.822673,0.293874,0.364989,0.181640,0.402298,112.579956,0.104241,0.348471,2,1,0:0 0:1 0:2 1:0 1:1 1:2 2:0 2:1 2:2 3:1 3:2,4/0/2/0,1,3,
211,697,24.516000,1,23,0.811138,48.000000,31.000000,1.000000,3954.422815,578.068753,392.958287,0.301234,0.364187,0.177474,0.397828,116.548042,0.107915,0.340449,2,1,0:0 0:1 0:2 1:0 1:1 1:2 2:0 2:1 2:2 3:0 3:1 3:2,2/0/1/0,1,3,0.453882
212,699,24.641000,0,,0.806824,48.000000,31.000000,1.000000,4039.453233,587.680857,392.969926,0.306243,0.364198,0.173314,0.393255,121.004913,0.112042,0.334616,2,1,0:0 0:1 0:2 1:0 1:1 1:2 2:0 2:1 2:2 3:0 3:1 3:2,1/0/1/0,1,3,
213,701,24.766000,0,,0.800071,48.000000,31.000000,1.000000,4157.088587,600.377847,392.079406,0.312860,0.363373,0.166934,0.386289,128.410065,0.118898,0.327684,2,1,0:1 0:2 1:0 1:1 1:2 2:0 2:1 2:2 3:0 3:1 3:2,0/0/1/0,1,3,
214,703,24.891000,0,,0.801023,48.000000,31.000000,1.000000,4119.609180,610.496780,389.330764,0.318133,0.360826,0.166380,0.385510,126.433891,0.117068,0.323868,2,1,0:2 1:0 1:1 1:2 2:0 2:1 2:2 3:0 3:1 3:2,0/0/1/0,1,3,
215,705,25.016000,1,24,0.800998,48.000000,31.000000,1.000000,4515.128208,619.546040,388.441118,0.322848,0.360001,0.167188,0.386404,125.582527,0.116280,0.319319,2,1,0:2 1:0 1:1 1:2 2:0 2:1 2:2 3:0 3:1 3:2,0/0/1/0,1,3,0.540818
216,707,25.156000,0,,0.797885,48.000000,31.000000,1.000000,4615.359628,619.359526,388.676509,0.322751,0.360219,0.165627,0.384920,129.605072,0.120005,0.319236,2,1,0:2 1:0 1:1 1:2 2:0 2:1 2:2 3:0 3:1 3:2,0/0/0/0,1,3,
217,709,25.281000,0,,0.797088,48.000000,31.000000,1.000000,4535.639308,622.376387,393.092629,0.324323,0.364312,0.168227,0.387725,132.767868,0.122933,0.313922,2,1,0:2 1:0 1:1 1:2 2:0 2:1 2:2 3:0 3:1 3:2,0/0/0/0,1,3,
218,711,25.406000,0,,0.796797,48.000000,31.000000,1.000000,4533.598829,619.108358,397.984245,0.322620,0.368845,0.169092,0.389009,139.055084,0.128755,0.311978,2,1,0:2 1:0 1:1 1:2 2:0 2:1 2:2 3:0 3:1 3:2,0/0/0/0,1,3,
219,713,25.547000,0,,0.797373,48.000000,31.000000,1.000000,4476.627352,609.528748,400.428971,0.317628,0.371111,0.170737,0.390882,140.533661,0.130124,0.315822,2,1,0:2 1:0 1:1 1:2 2:0 2:1 2:2 3:0 3:1 3:2 3:3,0/0/0/0,1,3,
220,715,25.687000,0,,0.797924,48.000000,31.000000,1.000000,4656.219641,601.566659,401.963526,0.313479,0.372533,0.163181,0.382806,150.638351,0.139480,0.319493,2,1,0:1 0:2 1:0 1:1 1:2 2:0 2:1 2:2 3:0 3:1 3:2,0/0/0/0,1,3,
221,717,25.828000,0,,0.780913,46.000000,30.000000,0.958333,4532.465822,610.719650,416.644477,0.318249,0.386139,0.151165,0.370824,177.049362,0.163935,0.303307,2,1,0:2 1:0 1:1 1:2 2:0 2:1 2:2 3:0 3:1 3:2,0/0/0/0,1,3,
222,719,25.953000,0,,0.797572,48.000000,31.000000,1.000000,4589.532069,590.795324,414.706602,0.307866,0.384343,0.147207,0.365039,181.176376,0.167756,0.317149,2,1,0:2 1:0 1:1 1:2 2:0 2:1 2:2 3:0 3:1 3:2,0/0/0/0,1,3,
223,721,26.078000,0,,0.780797,46.000000,30.000000,0.958333,4494.387066,594.801342,433.520100,0.309954,0.401780,0.140681,0.358579,202.271317,0.187288,0.302539,2,2,0:2 1:0 1:1 1:2 2:0 2:1 2:2 2:3 3:1 3:2 3:3,0/0/0/0,1,3,
224,723,26.203000,0,,0.781855,46.000000,30.000000,0.958333,4288.706055,579.972761,438.228350,0.302227,0.406143,0.140160,0.358270,207.238144,0.191887,0.309592,2,2,0:1 0:2 1:0 1:1 1:2 2:0 2:1 2:2 2:3 3:1 3:2 3:3,0/0/0/0,1,3,
225,725,26.344000,1,25,0.799342,48.000000,31.000000,1.000000,4304.933945,558.642220,429.106050,0.291111,0.397689,0.145712,0.364581,198.734070,0.184013,0.328944,2,1,0:0 0:1 0:2 1:0 1:1 1:2 1:3 2:0 2:1 2:2 2:3 3:1 3:2 3:3,2/0/0/0,1,3,0.300053
226,727,26.469000,0,,0.801170,48.000000,31.000000,1.000000,4133.059903,540.833611,428.470323,0.281831,0.397099,0.152537,0.372969,190.644058,0.176522,0.341134,1,1,0:0 0:1 0:2 1:0 1:1 1:2 1:3 2:0 2:1 2:2 2:3 3:1 3:2 3:3,5/0/0/0,1,3,
227,729,26.609000,0,,0.785493,46.000000,30.000000,0.958333,4029.462444,542.069510,440.557441,0.282475,0.408302,0.150266,0.371796,181.164093,0.167745,0.333843,1,2,0:1 0:2 1:0 1:1 1:2 1:3 2:0 2:1 2:2 2:3 3:1 3:2 3:3,5/0/0/0,1,3,
228,731,26.734000,0,,0.773239,44.000000,30.000000,0.916667,4366.695066,524.699074,433.270058,0.273423,0.401548,0.154958,0.375806,174.558502,0.161628,0.349371,1,2,0:0 0:1 0:2 0:3 1:0 1:1 1:2 1:3 2:1 2:2 2:3 3:1 3:2 3:3,6/0/0/0,1,3,
229,733,26.875000,0,,0.773644,44.000000,30.000000,0.916667,4201.296234,520.269650,433.847779,0.271115,0.402083,0.153864,0.374845,170.378510,0.157758,0.352068,1,2,0:0 0:1 0:2 0:3 1:0 1:1 1:2 1:3 2:1 2:2 2:3 3:1 3:2 3:3,6/0/0/0,1,3,
230,735,27.000000,0,,0.774343,44.000000,30.000000,0.916667,4346.931541,514.361604,432.564205,0.268036,0.400894,0.154088,0.375172,164.301987,0.152131,0.356733,1,2,0:0 0:1 0:2 0:3 1:0 1:1 1:2 1:3 2:0 2:1 2:2 2:3 3:1 3:2 3:3,6/0/0/0,1,3,
231,737,27.141000,0,,0.803687,48.000000,31.000000,1.000000,4368.489828,512.870694,432.230758,0.267259,0.400585,0.155248,0.376546,161.478989,0.149518,0.357915,1,2,0:0 0:1 0:2 0:3 1:0 1:1 1:2 1:3 2:0 2:1 2:2 2:3 3:1 3:2 3:3,6/0/0/0,1,3,
232,739,27.281000,0,,0.774377,44.000000,30.000000,0.916667,4374.813526,512.722639,434.297710,0.267182,0.402500,0.155672,0.376905,161.789474,0.149805,0.356960,1,2,0:0 0:1 0:2 0:3 1:0 1:1 1:2 1:3 2:0 2:1 2:2 2:3 3:1 3:2 3:3,6/0/0/0,1,3,
233,741,27.422000,0,,0.803278,48.000000,31.000000,1.000000,4369.201823,514.587834,435.295919,0.268154,0.403425,0.155928,0.377246,162.815048,0.150755,0.355188,1,2,0:0 0:1 0:2 0:3 1:0 1:1 1:2 1:3 2:1 2:2 2:3 3:1 3:2 3:3,6/0/0/0,1,3,
234,743,27.562000,0,,0.803317,48.000000,31.000000,1.000000,4379.166076,515.079536,434.129191,0.268410,0.402344,0.156845,0.378200,162.840729,0.150778,0.355445,1,2,0:0 0:1 0:2 0:3 1:0 1:1 1:2 1:3 2:0 2:1 2:2 2:3 3:1 3:2 3:3,6/0/0/0,1,3,
235,745,27.703000,0,,0.802955,48.000000,31.000000,1.000000,4353.025715,519.501838,432.988458,0.270715,0.401287,0.157018,0.378330,167.247147,0.154858,0.353032,1,2,0:0 0:1 0:2 0:3 1:0 1:1 1:2 1:3 2:0 2:1 2:2 2:3 3:1 3:2 3:3,6/0/0/0,1,3,
236,747,27.828000,0,,0.773702,44.000000,30.000000,0.916667,4416.448921,521.153219,431.953028,0.271575,0.400327,0.156691,0.377871,169.913910,0.157328,0.352456,1,2,0:0 0:1 0:2 0:3 1:0 1:1 1:2 1:3 2:0 2:1 2:2 2:3 3:1 3:2 3:3,6/0/0/0,1,3,
237,748,27.922000,0,,0.802711,48.000000,31.000000,1.000000,4430.850116,523.260091,431.239446,0.272673,0.399666,0.157008,0.378178,171.549683,0.158842,0.351410,1,1,0:0 0:1 0:2 0:3 1:0 1:1 1:2 1:3 2:0 2:1 2:2 2:3 3:1 3:2 3:3,6/0/0/0,1,3,
238,750,28.062000,0,,0.773530,44.000000,30.000000,0.916667,4402.251074,522.516595,432.379875,0.272286,0.400723,0.156937,0.378048,171.598679,0.158888,0.351311,1,2,0:0 0:1 0:2 0:3 1:0 1:1 1:2 1:3 2:0 2:1 2:2 2:3 3:1 3:2 3:3,6/0/0/0,1,3,
239,752,28.203000,0,,0.802308,48.000000,31.000000,1.000000,4478.994646,525.020754,434.101872,0.273591,0.402319,0.156252,0.377282,174.158188,0.161258,0.348720,1,2,0:0 0:1 0:2 0:3 1:0 1:1 1:2 1:3 2:1 2:2 2:3 3:1 3:2 3:3,6/0/0/0,1,3,
240,753,28.297000,0,,0.802312,48.000000,31.000000,1.000000,4444.039439,524.624242,434.565954,0.273384,0.402749,0.156627,0.377792,173.099121,0.160277,0.348748,1,2,0:0 0:1 0:2 0:3 1:0 1:1 1:2 1:3 2:1 2:2 2:3 3:1 3:2 3:3,6/0/0/0,1,3,
241,755,28.437000,0,,0.802421,48.000000,31.000000,1.000000,4414.055406,523.642094,434.448652,0.272872,0.402640,0.157955,0.379207,171.203537,0.158522,0.349474,1,2,0:0 0:1 0:2 0:3 1:0 1:1 1:2 1:3 2:1 2:2 2:3 3:1 3:2 3:3,6/0/0/0,1,3,
242,757,28.578000,0,,0.802569,48.000000,31.000000,1.000000,4382.280432,520.174532,437.135619,0.271065,0.405130,0.157650,0.378919,168.152313,0.155697,0.350461,1,2,0:0 0:1 0:2 0:3 1:0 1:1 1:2 1:3 2:1 2:2 2:3 3:1 3:2 3:3,6/0/0/0,1,3,
243,759,28.719000,0,,0.802096,48.000000,31.000000,1.000000,4396.680661,521.740404,441.358346,0.271881,0.409044,0.156856,0.378020,169.964340,0.157374,0.347307,1,2,0:0 0:1 0:2 0:3 1:0 1:1 1:2 1:3 2:1 2:2 2:3 3:1 3:2 3:3,6/0/0/0,1,3,
244,761,28.844000,0,,0.802254,48.000000,31.000000,1.000000,4464.984700,519.125206,442.898497,0.270519,0.410471,0.156803,0.378102,167.105911,0.154728,0.348359,1,2,0:0 0:1 0:2 0:3 1:0 1:1 1:2 1:3 2:1 2:2 2:3 3:1 3:2 3:3,6/0/0/0,1,3,
245,763,28.984000,1,26,0.802565,48.000000,31.000000,1.000000,4439.384311,517.186585,441.351232,0.269508,0.409037,0.157741,0.379259,164.105011,0.151949,0.350430,1,2,0:0 0:1 0:2 0:3 1:0 1:1 1:2 1:3 2:1 2:2 2:3 3:1 3:2 3:3,6/0/0/0,1,3,0.268935
246,765,29.125000,0,,0.773179,44.000000,30.000000,0.916667,4353.085884,519.499585,441.095629,0.270714,0.408800,0.158139,0.379373,167.683563,0.155263,0.348969,1,2,0:0 0:1 0:2 0:3 1:0 1:1 1:2 1:3 2:1 2:2 2:3 3:1 3:2 3:3,6/0/0/0,1,3,
247,767,29.266000,0,,0.801110,48.000000,31.000000,1.000000,4429.235693,528.387269,445.560277,0.275345,0.412938,0.156550,0.377462,177.830109,0.164658,0.340733,1,2,0:0 0:1 0:2 0:3 1:0 1:1 1:2 1:3 2:1 2:2 2:3 3:1 3:2 3:3,6/0/0/0,1,3,
248,769,29.406000,0,,0.801011,48.000000,31.000000,1.000000,4475.619412,526.458532,449.856540,0.274340,0.416920,0.154749,0.375462,177.378937,0.164240,0.340073,1,2,0:0 0:1 0:2 0:3 1:0 1:1 1:2 1:3 2:1 2:2 2:3 3:1 3:2 3:3,6/0/0/0,1,3,
249,771,29.547000,0,,0.800929,48.000000,31.000000,1.000000,4445.694073,524.765815,453.728549,0.273458,0.420508,0.155005,0.375774,175.302765,0.162317,0.339530,1,2,0:0 0:1 0:2 0:3 1:1 1:2 1:3 2:1 2:2 2:3 3:1 3:2 3:3,6/0/0/0,1,3,
250,773,29.687000,0,,0.800243,48.000000,31.000000,1.000000,4280.686316,525.991552,462.720388,0.274097,0.428842,0.154231,0.374719,177.985977,0.164802,0.334950,1,2,0:1 0:2 0:3 1:1 1:2 1:3 2:1 2:2 2:3 3:1 3:2 3:3,6/0/0/0,1,3,
251,775,29.828000,0,,0.799053,48.000000,31.000000,1.000000,4235.261846,531.216009,474.202081,0.276819,0.439483,0.153614,0.374024,183.322754,0.169743,0.327023,1,2,0:1 0:2 0:3 1:1 1:2 1:3 2:1 2:2 2:3 3:1 3:2 3:3,6/0/0/0,1,3,
252,777,29.969000,1,27,0.798608,48.000000,31.000000,1.000000,3982.393083,528.322662,491.003694,0.275311,0.455054,0.152631,0.372862,181.835190,0.168366,0.324053,1,2,0:1 0:2 0:3 1:1 1:2 1:3 2:1 2:2 2:3 3:1 3:2 3:3,6/0/0/0,1,3,0.355219
253,779,30.094000,1,28,0.782009,46.000000,30.000000,0.958333,3792.978168,539.033621,523.001566,0.280893,0.484710,0.150056,0.370999,180.750031,0.167361,0.310618,1,2,0:1 0:2 0:3 1:1 1:2 1:3 2:1 2:2 2:3 3:1 3:2 3:3,5/0/0/0,1,3,0.385662
254,781,30.234000,0,,0.782410,46.000000,30.000000,0.958333,3686.386759,534.579543,546.715554,0.278572,0.506687,0.152052,0.373884,172.021027,0.159279,0.313289,1,2,0:1 0:2 0:3 1:1 1:2 1:3 2:1 2:2 2:3 3:1 3:2 3:3,5/0/0/0,1,3,
255,782,30.328000,0,,0.784104,46.000000,30.000000,0.958333,3330.373078,520.822997,561.633322,0.271403,0.520513,0.154514,0.377584,152.078415,0.140813,0.324583,1,2,0:1 0:2 0:3 1:1 1:2 1:3 2:1 2:2 2:3 3:1 3:2 3:3,5/0/0/0,1,3,
256,784,30.453000,1,29,0.801100,48.000000,31.000000,1.000000,3947.387924,499.649491,566.027855,0.260370,0.524586,0.165761,0.389178,132.200256,0.122408,0.340667,1,2,0:1 0:2 0:3 1:1 1:2 1:3 2:1 2:2 2:3 3:1 3:2,6/0/0/0,1,3,0.282481
257,786,30.594000,1,30,0.800236,48.000000,31.000000,1.000000,3425.850146,510.710158,579.684081,0.266133,0.537242,0.179358,0.403228,129.984390,0.120356,0.334904,1,2,0:1 0:2 0:3 1:1 1:2 1:3 2:1 2:2 2:3 3:1 3:2 3:3,6/0/0/0,1,3,0.496804
258,788,30.734000,0,,0.799448,48.000000,31.000000,1.000000,4082.732674,522.183245,592.386104,0.272112,0.549014,0.192045,0.415889,132.729233,0.122897,0.329652,1,2,0:1 0:2 0:3 1:1 1:2 1:3 2:1 2:2 2:3 3:1 3:2 3:3,6/0/0/0,1,3,
259,790,30.875000,1,31,0.799024,48.000000,31.000000,1.000000,3868.997334,530.847010,603.451612,0.276627,0.559269,0.197685,0.421079,137.113449,0.126957,0.326828,1,2,0:1 0:2 0:3 1:1 1:2 1:3 2:1 2:2 2:3 3:1 3:2 3:3 3:4,6/0/0/0,1,3,0.408552
260,792,31.000000,0,,0.797867,48.000000,31.000000,1.000000,3436.584623,548.429996,616.033504,0.285789,0.570930,0.204322,0.426928,149.798080,0.138702,0.319115,2,2,0:1 0:2 0:3 1:1 1:2 1:3 2:1 2:2 2:3 2:4 3:2 3:3 3:4,4/0/0/0,1,3,
261,794,31.125000,1,32,0.796094,48.000000,31.000000,1.000000,3166.036174,577.000470,632.857786,0.300678,0.586523,0.212248,0.433776,169.881348,0.157298,0.307296,2,2,0:1 0:2 0:3 1:1 1:2 1:3 2:1 2:2 2:3 2:4 3:2 3:3 3:4,3/0/0/0,1,3,0.860820
262,796,31.250000,0,,0.795549,48.000000,31.000000,1.000000,4316.387850,597.940659,650.622817,0.311590,0.602987,0.216581,0.437683,148.025574,0.137061,0.303660,2,3,0:2 0:3 1:1 1:2 1:3 1:4 2:1 2:2 2:3 2:4 3:2 3:3 3:4,2/0/0/0,1,3,
263,798,31.375000,0,,0.797617,48.000000,31.000000,1.000000,4145.762564,601.821121,669.113019,0.313612,0.620123,0.218202,0.439266,128.850891,0.119306,0.313593,2,3,0:2 0:3 1:1 1:2 1:3 1:4 2:2 2:3 2:4 3:2 3:3 3:4,2/0/0/0,1,3,
264,800,31.500000,1,33,0.811980,48.000000,31.000000,1.000000,4019.154049,606.762348,685.075425,0.316187,0.634917,0.218806,0.439786,111.960327,0.103667,0.322459,2,3,0:3 1:1 1:2 1:3 1:4 2:2 2:3 2:4 3:2 3:3 3:4,2/0/0/2,1,3,0.566605
265,802,31.609000,1,34,0.828565,48.000000,31.000000,1.000000,3929.849408,613.265640,705.187394,0.319576,0.653556,0.216956,0.438046,92.914978,0.086032,0.335060,2,3,0:3 0:4 1:1 1:2 1:3 1:4 2:2 2:3 2:4 3:2 3:3 3:4,1/0/0/3,1,3,0.377691
266,804,31.734000,1,35,0.839438,48.000000,31.000000,1.000000,4220.934926,618.104165,719.866086,0.322097,0.667160,0.214002,0.435339,80.801453,0.074816,0.345231,2,3,0:3 0:4 1:1 1:2 1:3 1:4 2:2 2:3 2:4 3:2 3:3 3:4,1/0/0/4,1,3,0.582653
267,806,31.844000,1,36,0.824590,46.000000,30.000000,0.958333,3978.311913,611.617219,730.654552,0.318717,0.677159,0.199508,0.423072,83.717041,0.077516,0.358466,2,3,0:3 0:4 1:2 1:3 1:4 2:2 2:3 2:4 3:2 3:3 3:4,1/0/0/4,1,3,0.458904
268,808,31.969000,1,37,0.808574,44.000000,29.000000,0.916667,4026.693665,611.677026,737.406611,0.318748,0.683417,0.187195,0.412560,86.780823,0.080353,0.364675,2,3,0:3 0:4 1:2 1:3 1:4 2:2 2:3 2:4 3:2 3:3 3:4,0/0/0/4,1,3,0.450723
269,810,32.078000,1,38,0.795885,42.000000,28.000000,0.875000,3928.127000,626.497141,746.862528,0.326471,0.692180,0.173702,0.399998,84.619263,0.078351,0.366185,2,3,0:4 1:2 1:3 1:4 2:2 2:3 2:4 3:2 3:3 3:4,0/0/0/3,1,3,0.463210
270,812,32.203000,0,,0.752697,40.000000,27.000000,0.833333,4052.782103,653.709271,746.466200,0.340651,0.691813,0.149020,0.375967,119.061340,0.110242,0.352659,2,3,1:2 1:3 1:4 2:2 2:3 2:4 3:2 3:3 3:4,0/0/0/2,1,3,
271,814,32.312000,0,,0.762539,40.000000,27.000000,0.833333,3393.602560,679.731229,759.976970,0.354211,0.704335,0.144009,0.369379,106.758545,0.098851,0.354984,2,3,1:2 1:3 1:4 2:2 2:3 2:4 3:2 3:3 3:4,0/0/0/3,1,3,
272,816,32.437000,1,39,0.769893,40.000000,27.000000,0.833333,3954.346073,697.558858,769.336914,0.363501,0.713009,0.141641,0.366210,97.772461,0.090530,0.357784,2,3,1:2 1:3 1:4 2:2 2:3 2:4 3:2 3:3 3:4,0/0/0/4,1,3,0.396136
273,818,32.562000,0,,0.763567,39.000000,26.000000,0.812500,4036.576765,706.256095,778.503789,0.368033,0.721505,0.136377,0.360623,91.814697,0.085014,0.364636,2,3,1:2 1:3 1:4 2:2 2:3 2:4 3:2 3:3 3:4,0/0/0/5,1,3,
274,820,32.672000,0,,0.738784,37.000000,25.000000,0.770833,4297.369743,702.056276,784.892275,0.365845,0.727426,0.127288,0.351944,91.597046,0.084812,0.373417,2,3,1:2 1:3 1:4 2:2 2:3 2:4 3:2 3:3 3:4,0/0/0/5,1,3,
275,822,32.797000,0,,0.722087,35.000000,24.000000,0.729167,4072.059289,695.483244,788.047079,0.362420,0.730349,0.122706,0.348637,87.872986,0.081364,0.379445,2,3,1:2 1:3 1:4 2:2 2:3 2:4 3:2 3:3 3:4,0/0/0/3,1,3,
276,824,32.906000,0,,0.633057,32.000000,22.000000,0.666667,4171.973431,713.226800,787.144978,0.371666,0.729513,0.096399,0.327166,139.725342,0.129375,0.371876,2,3,1:2 1:3 1:4 2:2 2:3 2:4 3:3 3:4,0/0/0/0,1,2,
277,826,33.016000,0,,0.598802,28.000000,21.000000,0.583333,4336.576300,712.942509,784.162354,0.371518,0.726749,0.092827,0.323919,133.853821,0.123939,0.368573,2,3,1:3 1:4 2:3 2:4 3:3 3:4,0/0/0/0,1,2,
278,828,33.125000,0,,0.596944,28.000000,21.000000,0.583333,4336.743825,718.164807,789.420234,0.374239,0.731622,0.090897,0.321822,130.366821,0.120710,0.372732,2,3,1:3 1:4 2:3 2:4 3:3 3:4,0/0/0/0,1,2,
279,830,33.250000,0,,0.625479,32.000000,22.000000,0.666667,4412.732850,729.451600,801.717554,0.380121,0.743019,0.089182,0.319465,132.379028,0.122573,0.383221,2,3,1:3 1:4 2:3 2:4 3:3 3:4,0/0/0/0,1,2,
280,832,33.359000,0,,0.625021,32.000000,22.000000,0.666667,4816.586719,733.152864,801.584446,0.382049,0.742896,0.088984,0.319504,132.515259,0.122699,0.381866,2,3,1:3 1:4 2:3 2:4 3:3 3:4,0/0/0/0,1,2,
281,834,33.469000,0,,0.630184,32.000000,22.000000,0.666667,4508.046680,732.468672,805.975639,0.381693,0.746965,0.089788,0.320342,125.298706,0.116017,0.387269,2,3,1:3 1:4 2:3 2:4 3:3 3:4,0/0/0/1,1,2,
282,836,33.594000,0,,0.637984,32.000000,22.000000,0.666667,3986.577867,733.865263,819.159550,0.382421,0.759184,0.088376,0.319689,115.796631,0.107219,0.402495,2,3,1:3 1:4 2:3 2:4 3:3 3:4,0/0/0/8,1,2,
283,838,33.719000,0,,0.615832,28.000000,21.000000,0.583333,4380.915740,741.932020,815.776202,0.386624,0.756048,0.088445,0.319991,105.562012,0.097743,0.396017,2,3,1:3 1:4 2:3 2:4 3:3 3:4,0/0/0/6,1,2,
284,840,33.844000,0,,0.617605,28.000000,21.000000,0.583333,4469.440896,739.517758,819.696084,0.385366,0.759681,0.088148,0.320012,103.823364,0.096133,0.401436,2,3,1:3 1:4 2:3 2:4 3:3 3:4,0/0/0/6,1,2,
285,842,33.969000,0,,0.621131,28.000000,21.000000,0.583333,4685.832760,741.492526,822.191899,0.386395,0.761994,0.088744,0.320516,100.715515,0.093255,0.403849,2,3,1:3 1:4 2:3 2:4 3:3 3:4,0/0/0/6,1,2,
286,844,34.094000,0,,0.626540,28.000000,21.000000,0.583333,4329.204083,746.449730,827.082251,0.388978,0.766527,0.089193,0.320922,95.321411,0.088261,0.408319,2,3,1:3 1:4 2:3 2:4 3:3 3:4,0/0/0/6,1,2,
287,846,34.219000,1,40,0.663702,32.000000,22.000000,0.666667,4370.442161,747.184933,845.811930,0.389362,0.783885,0.089402,0.321042,89.695557,0.083051,0.430886,2,3,1:3 1:4 2:3 2:4 3:3 3:4,0/0/0/8,1,2,0.230499
288,848,34.344000,0,,0.632727,28.000000,21.000000,0.583333,4448.174076,751.362407,834.851151,0.391539,0.773727,0.088676,0.320208,88.011292,0.081492,0.416390,2,3,1:3 1:4 2:3 2:4 3:3 3:4,0/0/0/6,1,2,
289,850,34.469000,0,,0.619119,26.000000,20.000000,0.541667,4522.038453,729.970764,824.772473,0.380391,0.764386,0.088825,0.320463,85.826965,0.079469,0.410381,2,3,1:3 1:4 2:3 2:4 3:3 3:4,0/0/0/4,1,2,
290,852,34.594000,0,,0.614925,26.000000,19.000000,0.541667,4407.196304,769.432584,817.615861,0.400955,0.757753,0.088591,0.319849,87.008423,0.080563,0.390504,2,3,1:3 1:4 2:3 2:4 3:3 3:4,0/0/0/2,1,2,
291,854,34.734000,0,,0.528602,24.000000,18.000000,0.500000,4208.413878,751.295853,806.195175,0.391504,0.747169,0.059376,0.305142,176.920898,0.163816,0.381743,2,3,1:3 1:4 2:3 2:4 3:3 3:4,0/0/0/0,1,1,
292,856,34.859000,0,,0.528100,24.000000,18.000000,0.500000,4291.728745,753.568921,808.858729,0.392688,0.749637,0.058690,0.304503,174.914368,0.161958,0.384278,2,3,1:3 1:4 2:3 2:4 3:3 3:4,0/0/0/0,1,1,
293,858,35.000000,0,,0.527405,24.000000,18.000000,0.500000,4002.297656,757.402704,811.742841,0.394686,0.752310,0.057871,0.302663,172.812622,0.160012,0.386656,2,3,1:3 1:4 2:3 2:4 3:3 3:4,0/0/0/0,1,1,
294,860,35.141000,0,,0.511659,22.000000,17.000000,0.458333,3916.141775,771.941112,806.680376,0.402262,0.747619,0.058155,0.301390,167.731567,0.155307,0.376477,2,3,1:3 1:4 2:3 2:4 3:3 3:4,0/0/0/0,1,1,
295,862,35.266000,0,,0.510936,22.000000,17.000000,0.458333,4226.366483,779.509128,808.893055,0.406206,0.749669,0.057511,0.298538,165.807739,0.153526,0.377179,2,3,1:3 1:4 2:3 2:4 3:3 3:4,0/0/0/0,1,1,
296,863,35.359000,0,,0.511396,22.000000,17.000000,0.458333,4066.648009,781.060059,811.724518,0.407014,0.752293,0.057510,0.298781,162.947388,0.150877,0.380259,2,3,1:3 1:4 2:3 2:4 3:3 3:4,0/0/0/0,1,1,
297,865,35.484000,0,,0.514067,22.000000,17.000000,0.458333,4082.333949,789.875190,817.516055,0.411608,0.757661,0.059006,0.299768,154.615234,0.143162,0.385233,2,3,1:3 1:4 2:3 2:4 3:3 3:4 4:3 4:4,0/0/0/0,1,1,
298,866,35.578000,0,,0.513606,22.000000,17.000000,0.458333,4105.332007,789.213253,819.871457,0.411263,0.759844,0.058289,0.299488,153.676208,0.142293,0.388312,2,3,1:3 1:4 2:3 2:4 3:3 3:4 4:3 4:4,0/0/0/0,1,1,
299,868,35.703000,0,,0.514065,22.000000,17.000000,0.458333,3810.706016,791.065488,824.194580,0.412228,0.763850,0.058070,0.299042,148.995544,0.137959,0.393245,2,3,1:3 1:4 2:3 2:4 3:3 3:4 4:3 4:4,0/0/0/0,1,1,
300,869,35.797000,0,,0.514534,22.000000,17.000000,0.458333,4076.715376,797.376846,827.833654,0.415517,0.767223,0.058073,0.298285,145.164978,0.134412,0.396347,2,3,1:3 1:4 2:3 2:4 3:3 3:4 4:3 4:4,0/0/0/0,1,1,
301,871,35.937000,0,,0.513534,22.000000,17.000000,0.458333,4064.046707,797.383982,832.632077,0.415521,0.771670,0.056595,0.298084,143.220276,0.132611,0.402347,2,3,1:3 1:4 2:3 2:4 3:3 3:4 4:3 4:4,0/0/0/0,1,1,
302,873,36.062000,0,,0.515838,22.000000,17.000000,0.458333,4006.952260,804.665888,837.684354,0.419315,0.776353,0.057828,0.299394,136.026306,0.125950,0.407138,2,3,1:3 1:4 2:3 2:4 3:3 3:4 4:3 4:4,0/0/0/0,1,1,
303,874,36.156000,0,,0.534644,24.000000,18.000000,0.500000,4073.277028,810.117283,846.707288,0.422156,0.784715,0.059912,0.301721,132.359680,0.122555,0.417426,2,3,1:3 1:4 2:3 2:4 3:3 3:4 4:3 4:4,0/0/0/0,1,1,
304,876,36.281000,0,,0.519509,22.000000,17.000000,0.458333,4044.406398,810.909958,837.151811,0.422569,0.775859,0.060910,0.303616,132.550293,0.122732,0.405200,2,3,1:3 1:4 2:3 2:4 3:3 3:4 4:3 4:4,0/0/0/0,1,2,
305,878,36.422000,0,,0.518400,22.000000,17.000000,0.458333,4106.806199,808.298179,837.501387,0.421208,0.776183,0.059934,0.302423,133.465454,0.123579,0.406165,2,3,1:3 1:4 2:3 2:4 3:3 3:4 4:3 4:4,0/0/0/0,1,1,
306,880,36.562000,0,,0.518683,22.000000,17.000000,0.458333,4111.009410,812.533643,839.604115,0.423415,0.778132,0.059943,0.301441,130.909058,0.121212,0.407977,2,3,1:3 1:4 2:3 2:4 3:3 3:4 4:3 4:4,0/0/0/0,1,1,
307,882,36.703000,0,,0.532994,24.000000,18.000000,0.500000,4041.619851,807.653554,850.967333,0.420872,0.788663,0.057945,0.300093,130.979675,0.121277,0.423291,2,3,1:3 1:4 2:3 2:4 3:3 3:4 4:3 4:4,0/0/0/0,1,1,
308,884,36.844000,0,,0.516703,22.000000,17.000000,0.458333,4145.099179,809.536183,845.906830,0.421853,0.783973,0.056900,0.298257,128.758240,0.119221,0.416527,2,3,1:3 1:4 2:3 2:4 3:3 3:4 4:3 4:4,0/0/0/0,1,1,
309,886,36.969000,0,,0.518093,22.000000,17.000000,0.458333,4168.189525,813.014318,845.816012,0.423666,0.783889,0.057534,0.298469,127.859558,0.118388,0.415740,2,3,1:3 1:4 2:3 2:4 3:3 3:4 4:3 4:4,0/0/0/1,1,1,
310,888,37.109000,0,,0.518283,22.000000,17.000000,0.458333,4165.066855,812.845023,845.832497,0.423577,0.783904,0.057627,0.298585,127.779175,0.118314,0.415793,2,3,1:3 1:4 2:3 2:4 3:3 3:4 4:3 4:4,0/0/0/1,1,1,
311,890,37.234000,0,,0.518854,22.000000,17.000000,0.458333,4123.635700,813.491941,846.243089,0.423915,0.784285,0.057759,0.298655,127.335754,0.117903,0.416189,2,3,1:3 1:4 2:3 2:4 3:3 3:4 4:3 4:4,0/0/0/1,1,1,
312,891,37.328000,0,,0.533679,24.000000,18.000000,0.500000,4120.385076,812.514428,853.882095,0.423405,0.791364,0.057402,0.298137,128.344421,0.118837,0.426051,2,3,1:3 1:4 2:3 2:4 3:3 3:4 4:3 4:4,0/0/0/1,1,1,
313,893,37.453000,0,,0.520149,22.000000,17.000000,0.458333,3920.959214,812.899253,847.351934,0.423606,0.785312,0.057970,0.298865,126.303528,0.116948,0.417706,2,3,1:3 1:4 2:3 2:4 3:3 3:4 4:3 4:4,0/0/0/1,1,1,
314,895,37.594000,0,,0.521121,22.000000,17.000000,0.458333,3996.450913,807.136300,849.727323,0.420603,0.787514,0.057641,0.299803,125.296875,0.116016,0.421825,2,3,1:3 1:4 2:3 2:4 3:3 3:4 4:3 4:4,0/0/0/2,1,1,
315,897,37.719000,0,,0.541005,24.000000,18.000000,0.500000,3844.439705,806.202249,860.774910,0.420116,0.797752,0.058249,0.301116,122.190674,0.113140,0.435977,2,3,1:3 1:4 2:3 2:4 3:3 3:4 4:3 4:4,0/0/0/5,1,1,
316,899,37.859000,0,,0.530119,22.000000,17.000000,0.458333,3657.527487,805.532640,854.944391,0.419767,0.792349,0.059946,0.304600,118.817627,0.110016,0.428731,2,3,1:3 1:4 2:3 2:4 3:3 3:4 4:3 4:4,0/0/0/6,1,1,
317,901,37.984000,0,,0.529589,22.000000,17.000000,0.458333,3573.685230,796.680933,855.749284,0.415154,0.793095,0.059831,0.306899,119.856079,0.110978,0.431517,2,3,1:3 1:4 2:3 2:4 3:3 3:4 4:3 4:4,0/0/0/6,1,1,
318,903,38.125000,0,,0.546668,24.000000,18.000000,0.500000,3430.062148,797.756690,865.126549,0.415715,0.801785,0.059981,0.305836,119.126831,0.110303,0.443122,2,4,1:3 1:4 2:3 2:4 3:3 3:4 4:3 4:4,0/0/0/8,1,1,
319,905,38.250000,0,,0.534147,22.000000,17.000000,0.458333,3348.147438,802.818081,857.651803,0.418352,0.794858,0.061242,0.306421,116.525879,0.107894,0.432684,2,3,1:3 1:4 2:3 2:4 3:3 3:4 4:3 4:4,0/0/0/6,1,2,
320,907,38.375000,0,,0.535153,22.000000,17.000000,0.458333,3252.948326,798.505493,858.947205,0.416105,0.796059,0.061558,0.309136,116.233276,0.107623,0.435176,2,3,1:3 1:4 2:3 2:4 3:3 3:4 4:3 4:4,0/0/0/6,1,2,
321,909,38.500000,0,,0.554132,24.000000,18.000000,0.500000,3169.870407,796.421346,869.949427,0.415019,0.806255,0.061892,0.309730,113.871887,0.105437,0.449475,2,4,1:3 1:4 2:3 2:4 3:3 3:4 4:3 4:4,0/0/0/8,1,2,
322,911,38.625000,0,,0.541924,22.000000,17.000000,0.458333,3229.628755,795.122312,864.903126,0.414342,0.801578,0.061954,0.309640,109.709778,0.101583,0.443366,2,4,1:3 1:4 2:3 2:4 3:3 3:4 4:3 4:4,0/0/0/6,1,2,
323,913,38.750000,0,,0.539755,22.000000,17.000000,0.458333,3196.552572,800.418243,863.148490,0.417102,0.799952,0.061955,0.308828,111.886902,0.103599,0.440099,2,3,1:3 1:4 2:3 2:4 3:3 3:4 4:3 4:4,0/0/0/6,1,2,
324,915,38.891000,0,,0.538990,22.000000,17.000000,0.458333,3159.893316,799.016789,861.890234,0.416371,0.798786,0.061976,0.308864,112.659302,0.104314,0.438787,2,3,1:3 1:4 2:3 2:4 3:3 3:4 4:3 4:4,0/0/0/6,1,2,
325,917,39.016000,0,,0.541282,22.000000,17.000000,0.458333,3187.781555,798.210856,863.795524,0.415951,0.800552,0.062148,0.309266,110.474243,0.102291,0.441352,2,4,1:3 1:4 2:3 2:4 3:3 3:4 4:3 4:4,0/0/0/6,1,2,
326,919,39.141000,0,,0.546333,22.000000,17.000000,0.458333,3029.245229,793.713056,868.880970,0.413608,0.805265,0.061796,0.308357,104.762390,0.097002,0.448666,2,4,1:3 1:4 2:3 2:4 3:3 3:4 4:4,0/0/0/6,1,2,
327,921,39.266000,0,,0.565697,24.000000,18.000000,0.500000,3123.496179,793.887628,880.798704,0.413699,0.816310,0.061610,0.307915,101.175598,0.093681,0.463681,2,4,1:3 1:4 2:3 2:4 3:3 3:4 4:4,0/0/0/8,1,2,
328,923,39.406000,0,,0.551744,22.000000,17.000000,0.458333,3112.800702,794.747459,873.266532,0.414147,0.809330,0.062218,0.309270,99.489624,0.092120,0.453995,2,4,1:3 1:4 2:3 2:4 3:3 3:4 4:3 4:4,0/0/0/6,1,2,
329,925,39.531000,0,,0.550048,22.000000,17.000000,0.458333,3194.094290,798.307352,872.437142,0.416002,0.808561,0.062048,0.308828,101.065186,0.093579,0.452251,2,4,1:3 1:4 2:3 2:4 3:3 3:4 4:3 4:4,0/0/0/6,1,2,
330,927,39.656000,0,,0.565202,24.000000,18.000000,0.500000,3105.357269,797.897825,881.702731,0.415788,0.817148,0.060975,0.306770,100.832397,0.093363,0.464057,2,4,1:3 1:4 2:3 2:4 3:3 3:4 4:3 4:4,0/0/0/8,1,2,
331,929,39.797000,0,,0.551926,22.000000,17.000000,0.458333,3119.398945,797.109766,875.296828,0.415378,0.811211,0.061174,0.306917,97.921753,0.090668,0.456099,2,4,1:3 1:4 2:3 2:4 3:3 3:4 4:3 4:4,0/0/0/6,1,2,
332,931,39.922000,0,,0.555322,22.000000,17.000000,0.458333,3070.719593,797.143065,877.486017,0.415395,0.813240,0.061747,0.308214,95.012878,0.087975,0.458862,2,4,1:3 1:4 2:3 2:4 3:3 3:4 4:3 4:4,0/0/0/6,1,2,
333,933,40.062000,0,,0.558192,22.000000,17.000000,0.458333,3130.240247,797.458281,879.114327,0.415559,0.814749,0.062320,0.309356,92.637207,0.085775,0.460863,2,4,1:3 1:4 2:3 2:4 3:3 3:4 4:3 4:4,0/0/0/6,1,2,
334,935,40.187000,0,,0.573658,24.000000,18.000000,0.500000,3143.054624,798.978818,886.901054,0.416352,0.821966,0.062462,0.309844,93.594238,0.086661,0.470444,2,4,1:3 1:4 2:3 2:4 3:3 3:4 4:3 4:4,0/0/0/8,1,2,
335,937,40.328000,0,,0.556387,22.000000,17.000000,0.458333,3091.514825,782.429374,877.245417,0.407728,0.813017,0.062291,0.309661,95.055115,0.088014,0.461506,2,4,1:3 1:4 2:3 2:4 3:3 3:4 4:3 4:4,0/0/0/6,1,2,
336,939,40.453000,0,,0.557154,22.000000,17.000000,0.458333,3050.153482,798.717625,877.160983,0.416216,0.812939,0.062663,0.310272,94.028564,0.087063,0.458150,2,4,1:3 1:4 2:3 2:4 3:3 3:4 4:3 4:4,0/0/0/6,1,2,
337,941,40.578000,0,,0.558201,22.000000,17.000000,0.458333,3019.299069,796.676507,877.618317,0.415152,0.813363,0.062768,0.310431,93.032959,0.086142,0.459120,2,4,1:3 1:4 2:3 2:4 3:3 3:4 4:3 4:4,0/0/0/6,1,2,
338,943,40.703000,0,,0.550754,21.000000,16.000000,0.437500,3097.846053,809.844102,874.509109,0.422014,0.810481,0.061590,0.306431,90.029663,0.083361,0.452726,2,4,1:3 1:4 2:3 2:4 3:3 3:4 4:3 4:4,0/0/0/5,1,2,
339,945,40.828000,0,,0.549682,21.000000,16.000000,0.437500,3129.482903,811.485914,874.649681,0.422869,0.810611,0.061183,0.305546,90.718323,0.083998,0.452612,2,4,1:3 1:4 2:3 2:4 3:3 3:4 4:3 4:4,0/0/0/5,1,2,
340,947,40.969000,0,,0.525134,19.000000,15.000000,0.395833,3062.489419,831.380989,863.589073,0.433237,0.800361,0.059216,0.306450,96.958496,0.089776,0.435141,3,4,1:3 1:4 2:3 2:4 3:3 3:4 4:3 4:4,0/0/0/3,1,1,
341,949,41.094000,0,,0.527835,19.000000,15.000000,0.395833,3006.737051,834.873951,866.464031,0.435057,0.803025,0.059163,0.306416,93.979919,0.087018,0.438273,3,4,1:3 1:4 2:3 2:4 3:3 3:4 4:3 4:4,0/0/0/3,1,1,
342,951,41.234000,0,,0.528433,19.000000,15.000000,0.395833,3030.495992,834.937783,869.605745,0.435090,0.805937,0.057895,0.304483,91.873047,0.085068,0.442291,3,4,1:3 1:4 2:3 2:4 3:3 3:4 4:3 4:4,0/0/0/3,1,1,
343,953,41.359000,0,,0.532055,19.000000,15.000000,0.395833,2964.965195,834.309554,873.856802,0.434763,0.809877,0.057703,0.304650,87.935974,0.081422,0.447838,3,4,1:3 1:4 2:3 2:4 3:3 3:4 4:3 4:4,0/0/0/3,1,1,
344,955,41.484000,0,,0.533324,19.000000,15.000000,0.395833,3001.851750,834.203975,874.926376,0.434708,0.810868,0.057867,0.305224,86.834717,0.080403,0.449226,3,4,1:3 1:4 2:3 2:4 3:3 3:4 4:3 4:4,0/0/0/3,1,1,
345,957,41.609000,0,,0.513154,17.000000,14.000000,0.354167,2959.548797,817.350037,862.760326,0.425925,0.799593,0.056745,0.305536,89.721313,0.083075,0.436447,2,3,1:3 1:4 2:3 2:4 3:3 3:4 4:3 4:4,0/0/0/1,1,1,
346,959,41.766000,0,,0.515069,17.000000,14.000000,0.354167,2920.389875,822.358300,864.598170,0.428535,0.801296,0.056676,0.304708,87.409729,0.080935,0.437919,2,4,1:3 1:4 2:3 2:4 3:3 3:4 4:3 4:4,0/0/0/1,1,1,
347,960,41.859000,0,,0.516746,17.000000,14.000000,0.354167,2928.616224,823.213415,867.559908,0.428980,0.804041,0.056270,0.303874,85.267761,0.078952,0.441553,3,4,1:3 1:4 2:3 2:4 3:3 3:4 4:3 4:4,0/0/0/1,1,1,
348,962,42.000000,0,,0.443270,16.000000,13.000000,0.333333,2928.259968,804.029442,865.065792,0.418984,0.801729,0.031368,0.294071,160.291687,0.148418,0.441824,2,4,1:3 1:4 2:3 2:4 3:3 3:4 4:3 4:4,0/0/0/0,1,1,
349,964,42.125000,0,,0.443238,16.000000,13.000000,0.333333,2846.413697,808.138391,866.152702,0.421125,0.802737,0.031273,0.294226,159.484558,0.147671,0.442427,2,4,1:3 1:4 2:3 2:4 3:3 3:4 4:3 4:4,0/0/0/0,1,1,
350,966,42.266000,0,,0.442561,16.000000,13.000000,0.333333,2976.944661,813.387068,865.476955,0.423860,0.802110,0.030958,0.295338,161.142700,0.149206,0.440608,2,4,1:3 1:4 2:3 2:4 3:3 3:4 4:3 4:4,0/0/0/0,1,1,
351,968,42.391000,0,,0.443761,16.000000,13.000000,0.333333,2918.705077,812.234930,866.252190,0.423259,0.802829,0.031752,0.296798,159.137207,0.147349,0.441802,2,4,1:3 1:4 2:3 2:4 3:3 3:4 4:3 4:4,0/0/0/0,1,1,
352,970,42.531000,0,,0.444945,16.000000,13.000000,0.333333,2881.024947,809.694344,869.021858,0.421936,0.805396,0.032209,0.295017,155.179932,0.143685,0.445781,2,4,1:3 1:4 2:3 2:4 3:3 3:4 4:3 4:4,0/0/0/0,1,1,
353,972,42.672000,0,,0.443665,16.000000,13.000000,0.333333,2931.593163,815.257257,871.537449,0.424834,0.807727,0.030956,0.292892,154.594055,0.143143,0.447986,2,4,1:3 1:4 2:3 2:4 3:3 3:4 4:3 4:4,0/0/0/0,1,1,
354,974,42.812000,0,,0.445661,16.000000,13.000000,0.333333,2850.365503,810.588694,874.519417,0.422402,0.810491,0.031969,0.294232,149.981995,0.138872,0.452606,2,4,1:3 1:4 2:3 2:4 3:3 3:4 4:3 4:4,0/0/0/0,1,1,
355,976,42.953000,0,,0.446299,16.000000,13.000000,0.333333,2892.159883,808.295975,876.615547,0.421207,0.812433,0.032107,0.295747,147.935181,0.136977,0.455682,2,4,1:3 1:4 2:3 2:4 3:3 3:4 4:3 4:4,0/0/0/0,1,1,
356,978,43.078000,0,,0.446611,16.000000,13.000000,0.333333,2884.722292,807.489462,876.569042,0.420787,0.812390,0.032339,0.295603,147.551208,0.136621,0.455768,2,4,1:3 1:4 2:3 2:4 3:3 3:4 4:3 4:4,0/0/0/0,1,1,
357,979,43.172000,0,,0.444445,16.000000,13.000000,0.333333,2838.115586,813.524128,875.080139,0.423931,0.811010,0.031001,0.293058,151.011230,0.139825,0.452800,2,4,1:3 1:4 2:3 2:4 3:3 3:4 4:3 4:4,0/0/0/0,1,1,
358,981,43.312000,0,,0.445431,16.000000,13.000000,0.333333,2866.101538,814.293545,876.676453,0.424332,0.812490,0.031547,0.294181,148.569519,0.137564,0.454699,2,4,1:3 1:4 2:3 2:4 3:3 3:4 4:3 4:4,0/0/0/0,1,1,
359,983,43.453000,0,,0.448186,16.000000,13.000000,0.333333,2803.648570,811.401268,883.350002,0.422825,0.818675,0.032639,0.296942,140.689026,0.130268,0.463701,2,4,1:3 1:4 2:3 2:4 3:3 3:4 4:3 4:4,0/0/0/0,1,1,
360,985,43.594000,0,,0.449881,16.000000,13.000000,0.333333,2770.846866,811.988623,891.011856,0.423131,0.825776,0.032829,0.297097,132.700073,0.122870,0.473368,2,4,1:3 1:4 2:3 2:4 3:3 3:4 4:3 4:4,0/0/0/0,1,1,
361,987,43.734000,0,,0.449427,16.000000,13.000000,0.333333,2833.055080,814.229115,891.290489,0.424299,0.826034,0.032479,0.295675,132.875854,0.123033,0.473347,2,4,1:3 1:4 2:3 2:4 3:3 3:4 4:3 4:4,0/0/0/0,1,1,
362,989,43.875000,0,,0.448425,16.000000,13.000000,0.333333,2859.584219,817.411818,889.034962,0.425957,0.823943,0.032097,0.296198,135.836121,0.125774,0.469940,2,4,1:3 1:4 2:3 2:4 3:3 3:4 4:3 4:4,0/0/0/0,1,1,
363,991,44.000000,0,,0.449109,16.000000,13.000000,0.333333,2803.474136,814.024096,887.887409,0.424192,0.822880,0.032734,0.297058,135.931519,0.125863,0.469038,2,4,1:3 1:4 2:3 2:4 3:3 3:4 4:3 4:4,0/0/0/0,1,1,
364,992,44.094000,0,,0.450491,16.000000,13.000000,0.333333,2807.081872,811.459925,890.272316,0.422856,0.825090,0.033403,0.297630,132.594421,0.122773,0.472514,2,4,1:3 1:4 2:3 2:4 3:3 3:4 4:3 4:4,0/0/0/0,1,1,
365,994,44.234000,0,,0.450495,16.000000,13.000000,0.333333,2732.569836,811.567137,893.401249,0.422911,0.827990,0.032943,0.296391,129.988525,0.120360,0.476487,2,4,1:3 1:4 2:3 2:4 3:3 3:4 4:3 4:4,0/0/0/0,1,1,
366,996,44.375000,0,,0.454711,16.000000,13.000000,0.333333,2737.253043,806.537455,897.426651,0.420290,0.831721,0.033016,0.293852,125.421509,0.116131,0.482477,2,4,1:3 1:4 2:3 2:4 3:3 3:4 4:3 4:4,0/0/0/2,1,1,
367,998,44.516000,0,,0.457669,16.000000,13.000000,0.333333,2761.957075,803.075390,897.810627,0.418486,0.832077,0.034021,0.294027,123.475952,0.114330,0.483569,2,4,1:3 1:4 2:3 2:4 3:3 3:4 4:3 4:4,0/0/0/2,1,1,
368,1000,44.656000,0,,0.448081,16.000000,13.000000,0.333333,2339.268823,815.084097,890.634930,0.424744,0.825426,0.032998,0.292816,132.221863,0.122428,0.472368,2,4,1:3 1:4 2:3 2:4 3:3 3:4 4:3 4:4,0/0/0/0,1,1,
369,1002,44.781000,0,,0.443107,16.000000,13.000000,0.333333,2283.624836,837.207184,882.426727,0.436273,0.817819,0.031285,0.289475,142.829895,0.132250,0.458411,3,4,1:3 1:4 2:3 2:4 3:3 3:4 4:3 4:4,0/0/0/0,1,1,
370,1003,44.875000,0,,0.436165,16.000000,13.000000,0.333333,2078.962032,860.653725,877.102695,0.448491,0.812885,0.029101,0.286769,151.723450,0.140485,0.448442,3,4,1:4 2:3 2:4 3:3 3:4 4:3 4:4,0/0/0/0,1,1,
371,1005,45.000000,0,,0.434553,16.000000,13.000000,0.333333,2083.199750,896.609901,867.464375,0.467228,0.803952,0.029680,0.283186,161.443115,0.149484,0.432345,3,4,2:3 2:4 3:3 3:4 4:3 4:4,0/0/0/0,1,1,
372,1007,45.141000,0,,0.533860,19.000000,15.000000,0.395833,2074.734811,936.956283,891.871174,0.488252,0.826572,0.058510,0.294639,82.929810,0.076787,0.462141,3,4,2:3 2:4 3:3 3:4 4:3 4:4,0/0/0/5,1,1,
373,1009,45.266000,0,,0.562235,22.000000,17.000000,0.458333,2553.687313,952.766565,870.590718,0.496491,0.806850,0.066291,0.297757,88.787537,0.082211,0.433979,3,4,2:3 2:4 3:3 3:4 4:3 4:4,0/0/0/5,1,2,
374,1011,45.406000,0,,0.556405,22.000000,17.000000,0.458333,3381.115843,966.829154,858.026900,0.503819,0.795206,0.068882,0.299195,97.462219,0.090243,0.417519,3,3,2:3 2:4 3:3 3:4 4:3 4:4,0/0/0/3,1,2,
375,1013,45.547000,0,,0.552584,22.000000,17.000000,0.458333,3442.573276,975.826804,851.583344,0.508508,0.789234,0.070009,0.299994,102.677490,0.095072,0.409215,3,3,2:3 2:4 3:3 3:4 4:3 4:4,0/0/0/3,1,2,
376,1015,45.687000,0,,0.567551,24.000000,18.000000,0.500000,3381.916268,990.685532,854.988269,0.516251,0.792389,0.071076,0.299186,104.915955,0.097144,0.414139,3,3,2:3 2:4 3:3 3:4 4:3 4:4,0/0/0/3,1,2,
377,1017,45.812000,0,,0.542596,22.000000,17.000000,0.458333,3590.460309,994.927485,840.428367,0.518461,0.778896,0.070030,0.297899,112.948669,0.104582,0.395281,3,3,2:3 2:4 3:3 3:4 4:3 4:4,0/0/0/2,1,2,
378,1019,45.953000,0,,0.550205,24.000000,18.000000,0.500000,3211.530689,1000.372431,840.277812,0.521299,0.778756,0.069899,0.298430,121.785217,0.112764,0.395370,3,3,2:3 2:4 3:3 3:4 4:3 4:4,0/0/0/1,1,2,
379,1021,46.078000,0,,0.524062,22.000000,17.000000,0.458333,3009.475471,1010.805767,819.845035,0.526736,0.759819,0.068630,0.297668,136.046082,0.125969,0.369380,3,3,2:3 2:4 3:3 3:4 4:3 4:4,0/0/0/0,1,2,
380,1023,46.219000,0,,0.598999,25.000000,19.000000,0.520833,3239.719113,994.315061,826.781326,0.518142,0.766248,0.085950,0.310505,91.250916,0.084492,0.377404,3,3,2:3 2:4 3:3 3:4 4:3 4:4,0/0/0/3,1,2,
381,1025,46.359000,0,,0.650905,30.000000,21.000000,0.625000,3342.831637,1017.773834,841.110189,0.530367,0.779528,0.089778,0.311341,81.543457,0.075503,0.397637,3,3,2:3 2:4 3:3 3:4 4:3 4:4,0/0/0/6,1,2,
382,1027,46.484000,0,,0.651839,30.000000,21.000000,0.625000,4075.388796,1032.147469,843.240698,0.537857,0.781502,0.088983,0.310621,79.795898,0.073885,0.401688,3,3,2:3 2:4 3:3 3:4 4:3 4:4,0/0/0/6,1,2,
383,1029,46.625000,0,,0.665252,32.000000,22.000000,0.666667,4152.357393,1051.853355,852.598516,0.548126,0.790175,0.086828,0.309115,80.498840,0.074536,0.415975,3,3,2:3 2:4 3:3 3:4 4:3 4:4,0/0/0/8,1,2,
384,1031,46.766000,0,,0.646167,32.000000,22.000000,0.666667,3772.185523,1058.500984,844.915588,0.551590,0.783054,0.081811,0.304046,95.108887,0.088064,0.406894,3,3,2:3 2:4 3:3 3:4 4:3 4:4,0/0/0/8,1,2,
385,1033,46.906000,0,,0.597587,28.000000,21.000000,0.583333,4167.245176,1069.206824,823.410433,0.557169,0.763124,0.078231,0.300321,109.229614,0.101139,0.380795,3,3,2:3 2:4 3:3 3:4 4:3 4:4,0/0/0/6,1,2,
386,1035,47.031000,0,,0.598957,28.000000,21.000000,0.583333,2858.567305,1081.025691,816.537183,0.563328,0.756754,0.080234,0.302834,109.466614,0.101358,0.373986,3,3,2:3 2:4 3:3 3:4 4:3 4:4 5:3 5:4,0/0/0/6,1,2,
387,1036,47.125000,0,,0.593615,28.000000,21.000000,0.583333,2748.161811,1098.442753,813.220228,0.572404,0.753680,0.079333,0.302310,114.713867,0.106217,0.373083,4,3,2:3 2:4 3:3 3:4 4:3 4:4 5:3 5:4,0/0/0/6,1,2,
388,1038,47.250000,0,,0.582807,28.000000,21.000000,0.583333,3734.271679,1124.632505,804.437097,0.586051,0.745539,0.078233,0.300750,125.890076,0.116565,0.367952,4,3,3:3 3:4 4:3 4:4 5:3 5:4,0/0/0/3,1,2,
389,1040,47.391000,0,,0.583367,28.000000,21.000000,0.583333,4239.692421,1133.014088,797.518529,0.590419,0.739127,0.080471,0.302431,127.648193,0.118193,0.361545,4,3,3:3 3:4 4:3 4:4 5:3 5:4,0/0/0/1,1,2,
390,1042,47.516000,0,,0.583280,28.000000,21.000000,0.583333,4144.104218,1145.945136,790.350621,0.597157,0.732484,0.082182,0.304348,132.314392,0.122513,0.356338,4,3,3:3 3:4 4:3 4:4 5:3 5:4,0/0/0/0,1,2,
391,1044,47.641000,0,,0.586915,28.000000,21.000000,0.583333,4377.747497,1156.377308,784.196224,0.602594,0.726781,0.085514,0.308720,134.551575,0.124585,0.352008,4,3,3:3 3:4 4:3 4:4 5:3 5:4,0/0/0/0,1,2,
392,1045,47.734000,0,,0.661053,29.000000,22.000000,0.604167,4081.716426,1174.985903,785.986507,0.612291,0.728440,0.106759,0.327229,79.916443,0.073997,0.359983,4,3,3:3 3:4 4:3 4:4 5:2 5:3 5:4,0/0/0/1,1,2,
393,1047,47.859000,0,,0.681484,31.000000,23.000000,0.645833,3581.945715,1203.239984,790.739153,0.627014,0.732844,0.109931,0.329795,80.561890,0.074594,0.375098,4,3,3:3 3:4 4:2 4:3 4:4 5:2 5:3 5:4,0/0/0/3,1,2,
394,1049,48.000000,0,,0.730668,37.000000,25.000000,0.770833,4559.019415,1218.093616,800.110658,0.634754,0.741530,0.112664,0.331572,81.192566,0.075178,0.391140,4,3,3:2 3:3 3:4 4:2 4:3 4:4 5:2 5:3 5:4,0/0/0/5,1,2,
395,1051,48.125000,0,,0.699659,33.000000,24.000000,0.687500,3984.025863,1230.958337,786.702067,0.641458,0.729103,0.115511,0.335418,86.310791,0.079917,0.380785,4,3,3:2 3:3 3:4 4:2 4:3 4:4 5:2 5:3 5:4,0/0/0/5,1,2,
396,1053,48.250000,0,,0.698506,33.000000,24.000000,0.687500,3407.176195,1257.201126,783.092868,0.655133,0.725758,0.116350,0.337213,90.485291,0.083783,0.387384,4,3,3:2 3:3 3:4 4:2 4:3 4:4 5:2 5:3 5:4,0/0/0/5,1,2,
397,1055,48.375000,0,,0.751764,39.000000,26.000000,0.812500,4762.131318,1261.608760,794.819345,0.657430,0.736626,0.119638,0.339966,86.471436,0.080066,0.401936,4,3,3:2 3:3 3:4 4:2 4:3 4:4 5:2 5:3 5:4,0/0/0/7,1,2,
398,1056,48.469000,1,41,0.760506,40.000000,27.000000,0.833333,4282.723553,1262.237013,791.438943,0.657758,0.733493,0.122562,0.343016,88.797668,0.082220,0.398513,4,3,3:2 3:3 3:4 4:2 4:3 4:4 5:2 5:3 5:4,0/0/0/7,1,3,0.257820
399,1058,48.594000,0,,0.750764,40.000000,27.000000,0.833333,4353.679097,1278.748201,779.819136,0.666362,0.722724,0.123573,0.345351,102.065796,0.094505,0.393147,4,3,3:2 3:3 3:4 4:2 4:3 4:4 5:2 5:3 5:4,0/0/0/6,1,3,
400,1060,48.719000,0,,0.715001,36.000000,26.000000,0.750000,4834.312535,1286.605425,765.886288,0.670456,0.709811,0.124940,0.347564,110.783997,0.102578,0.382298,4,3,3:2 3:3 3:4 4:2 4:3 4:4 5:2 5:3 5:4,0/0/0/4,1,3,
401,1062,48.844000,0,,0.705159,36.000000,26.000000,0.750000,4604.040688,1303.462918,759.271550,0.679241,0.703681,0.123496,0.346863,121.404907,0.112412,0.383701,4,3,3:2 3:3 3:4 4:2 4:3 4:4 5:2 5:3 5:4,0/0/0/2,1,3,
402,1064,48.969000,0,,0.702017,36.000000,26.000000,0.750000,5409.945257,1316.155102,754.147756,0.685855,0.698932,0.123935,0.347714,126.463074,0.117095,0.385009,4,3,3:2 3:3 3:4 4:2 4:3 4:4 5:2 5:3 5:4 6:4,0/0/0/1,1,3,
403,1066,49.094000,0,,0.732127,40.000000,27.000000,0.833333,6003.726288,1326.173640,753.552942,0.691075,0.698381,0.126025,0.350402,130.531372,0.120862,0.389525,4,3,3:2 3:3 3:4 4:2 4:3 4:4 5:2 5:3 5:4 6:3 6:4,0/0/0/0,1,3,
404,1068,49.234000,0,,0.733104,40.000000,27.000000,0.833333,6157.725116,1330.065678,749.761989,0.693104,0.694867,0.126965,0.351419,133.462219,0.123576,0.387975,4,3,3:2 3:3 3:4 4:2 4:3 4:4 5:2 5:3 5:4 6:3 6:4,0/0/0/0,1,3,
405,1070,49.359000,0,,0.734342,40.000000,27.000000,0.833333,6024.841390,1329.060855,745.914642,0.692580,0.691302,0.128405,0.352960,135.449768,0.125416,0.383884,4,3,3:2 3:3 3:4 4:2 4:3 4:4 5:2 5:3 5:4 6:3 6:4,0/0/0/0,1,3,
406,1072,49.484000,0,,0.737728,40.000000,27.000000,0.833333,5282.721584,1335.122668,738.457654,0.695739,0.684391,0.131457,0.356559,139.847595,0.129489,0.380299,4,3,3:2 3:3 3:4 4:2 4:3 4:4 5:2 5:3 5:4 6:3 6:4,0/0/0/0,1,3,
407,1074,49.625000,0,,0.771978,38.000000,27.000000,0.791667,4886.871363,1365.704625,742.778433,0.711675,0.688395,0.155406,0.378281,84.521973,0.078261,0.400747,4,3,3:2 3:3 3:4 4:2 4:3 4:4 5:2 5:3 5:4 6:2 6:3 6:4,0/2/0/2,1,3,
408,1076,49.766000,0,,0.800759,42.000000,28.000000,0.875000,4786.765020,1384.478867,743.677925,0.721459,0.689229,0.156150,0.379381,87.199890,0.080741,0.411950,5,3,3:2 3:3 3:4 4:2 4:3 4:4 5:2 5:3 5:4 6:2 6:3 6:4,0/4/0/2,1,3,
409,1078,49.906000,1,42,0.802618,42.000000,28.000000,0.875000,4840.871578,1402.888527,744.613679,0.731052,0.690096,0.156677,0.380153,86.964722,0.080523,0.423135,5,3,3:2 3:3 3:4 4:2 4:3 4:4 5:2 5:3 5:4 6:2 6:3 6:4,0/5/0/2,1,3,0.692561
410,1080,50.031000,0,,0.749670,40.000000,27.000000,0.833333,5824.448731,1397.919885,739.926286,0.728463,0.685752,0.136532,0.362866,135.701904,0.125650,0.416411,5,3,3:2 3:3 4:2 4:3 4:4 5:2 5:3 5:4 6:2 6:3 6:4,0/5/0/0,1,3,
411,1081,50.125000,0,,0.722496,36.000000,26.000000,0.750000,5782.152342,1399.626638,739.558523,0.729352,0.685411,0.137836,0.364108,129.320984,0.119742,0.417084,5,3,3:2 3:3 4:2 4:3 4:4 5:2 5:3 5:4 6:2 6:3 6:4,0/5/0/0,1,3,
412,1083,50.266000,0,,0.731839,36.000000,26.000000,0.750000,5778.825249,1405.946391,748.974487,0.732645,0.694138,0.138176,0.364513,120.001709,0.111113,0.428517,5,3,3:2 3:3 4:2 4:3 4:4 5:2 5:3 5:4 6:2 6:3 6:4,0/5/0/2,1,3,
413,1085,50.406000,0,,0.734970,36.000000,26.000000,0.750000,5872.303274,1413.423601,752.345540,0.736542,0.697262,0.138192,0.364803,117.343628,0.108652,0.435578,5,3,3:2 3:3 4:2 4:3 4:4 5:2 5:3 5:4 6:2 6:3 6:4,0/5/0/2,1,3,
414,1087,50.547000,0,,0.735808,36.000000,26.000000,0.750000,5683.371907,1423.037913,752.990372,0.741552,0.697859,0.138157,0.365149,117.364319,0.108671,0.441578,5,3,3:2 4:2 4:3 4:4 5:2 5:3 5:4 6:2 6:3 6:4,0/5/0/2,1,3,
415,1089,50.672000,0,,0.772496,40.000000,27.000000,0.833333,5494.955273,1431.001843,763.220074,0.745702,0.707340,0.138912,0.365991,111.418823,0.103166,0.454663,5,3,4:2 4:3 4:4 5:2 5:3 5:4 6:2 6:3 6:4,0/6/0/3,1,3,
416,1090,50.766000,0,,0.776032,40.000000,27.000000,0.833333,5515.790613,1437.894171,769.319519,0.749293,0.712993,0.138013,0.365249,107.097412,0.099164,0.463710,5,3,4:2 4:3 4:4 5:2 5:3 5:4 6:2 6:3 6:4,0/6/0/4,1,3,
417,1092,50.906000,0,,0.783867,40.000000,27.000000,0.833333,5561.151148,1444.555109,777.322726,0.752765,0.720410,0.138174,0.365520,99.266235,0.091913,0.474280,5,3,4:2 4:3 4:4 5:2 5:3 5:4 6:2 6:3 6:4,0/6/0/5,1,3,
418,1094,51.031000,1,43,0.794580,40.000000,27.000000,0.833333,4924.067464,1454.941785,787.824567,0.758177,0.730143,0.138846,0.366820,89.386780,0.082766,0.489124,5,3,4:2 4:3 4:4 5:2 5:3 5:4 6:2 6:3 6:4,0/7/0/7,1,3,0.765896
419,1095,51.125000,0,,0.784855,39.000000,26.000000,0.812500,5170.357413,1452.081311,787.390101,0.756686,0.729741,0.135367,0.360400,86.365295,0.079968,0.487173,5,3,4:2 4:3 4:4 5:2 5:3 5:4 6:2 6:3 6:4,0/7/0/7,1,3,
420,1097,51.266000,1,44,0.785039,39.000000,26.000000,0.812500,5018.608242,1468.023760,791.959049,0.764994,0.733975,0.133597,0.359598,85.658447,0.079313,0.499932,5,3,4:2 4:3 4:4 5:2 5:3 5:4 6:2 6:3 6:4,0/8/0/7,1,3,0.747982
421,1099,51.391000,0,,0.731770,33.000000,24.000000,0.687500,4369.157877,1461.663493,788.743467,0.761680,0.730995,0.125975,0.346296,84.068420,0.077841,0.493629,5,3,4:2 4:3 4:4 5:2 5:3 5:4 6:2 6:3 6:4,0/7/0/7,1,3,
422,1101,51.516000,0,,0.765279,37.000000,25.000000,0.770833,5495.640281,1474.732514,799.227059,0.768490,0.740711,0.125451,0.346139,80.740601,0.074760,0.509958,5,3,4:2 4:3 4:4 5:2 5:3 5:4 6:2 6:3 6:4,0/7/0/7,2,3,
423,1102,51.609000,0,,0.758450,36.000000,24.000000,0.750000,5480.396327,1483.093136,796.394516,0.772847,0.738086,0.125191,0.346127,80.127930,0.074193,0.512114,5,3,4:2 4:3 4:4 5:2 5:3 5:4 6:2 6:3 6:4,0/7/0/6,2,3,
424,1104,51.719000,0,,0.738459,34.000000,23.000000,0.708333,5375.263488,1495.831119,788.647863,0.779485,0.730906,0.122842,0.344572,83.336060,0.077163,0.512698,5,3,4:2 4:3 4:4 5:2 5:3 5:4 6:2 6:3 6:4,0/7/0/4,2,3,
425,1106,51.844000,0,,0.740326,34.000000,23.000000,0.708333,5393.373000,1497.349462,790.100462,0.780276,0.732253,0.123095,0.344958,81.741272,0.075686,0.514773,5,3,4:3 4:4 5:2 5:3 5:4 6:2 6:3 6:4,0/7/0/4,2,3,
426,1108,51.969000,0,,0.739395,34.000000,23.000000,0.708333,5398.177991,1502.542929,788.166016,0.782982,0.730460,0.123245,0.345733,83.459045,0.077277,0.516121,5,3,4:2 4:3 4:4 5:2 5:3 5:4 6:2 6:3 6:4,0/7/0/4,2,3,
427,1110,52.078000,0,,0.729057,32.000000,23.000000,0.666667,5478.895694,1491.934647,790.761639,0.777454,0.732865,0.124925,0.346785,80.007690,0.074081,0.512264,5,3,4:2 4:3 4:4 5:2 5:3 5:4 6:2 6:3 6:4,0/7/0/6,2,3,
428,1112,52.203000,0,,0.695576,30.000000,22.000000,0.625000,5525.792429,1472.074320,800.355593,0.767105,0.741757,0.111088,0.322543,80.903015,0.074910,0.509493,5,3,4:2 4:3 4:4 5:2 5:3 5:4 6:2 6:3 6:4,0/5/0/6,2,2,
429,1114,52.328000,0,,0.705015,31.000000,23.000000,0.645833,5418.718432,1466.954172,806.238073,0.764437,0.747209,0.111679,0.323201,79.579468,0.073685,0.511935,5,3,4:2 4:3 4:4 5:2 5:3 5:4 6:2 6:3 6:4,0/5/0/7,2,2,
430,1116,52.437000,0,,0.735784,35.000000,24.000000,0.729167,5310.753214,1475.933451,811.187932,0.769116,0.751796,0.112018,0.323786,79.869202,0.073953,0.521200,5,3,4:2 4:3 4:4 5:2 5:3 5:4 6:2 6:3 6:4,0/5/0/7,2,2,
431,1118,52.562000,0,,0.704136,31.000000,23.000000,0.645833,5265.082109,1473.821265,805.067733,0.768015,0.746124,0.111695,0.323511,81.264954,0.075245,0.514605,5,3,4:2 4:3 4:4 5:2 5:3 5:4 6:2 6:3 6:4,0/6/0/7,2,2,
432,1120,52.672000,0,,0.703604,31.000000,23.000000,0.645833,5325.718901,1476.456945,805.312087,0.769389,0.746350,0.111258,0.322926,81.546997,0.075506,0.516253,5,3,4:2 4:3 4:4 5:2 5:3 5:4 6:2 6:3 6:4,0/6/0/7,2,2,
433,1122,52.797000,0,,0.733988,35.000000,24.000000,0.729167,5115.214503,1487.362085,811.082111,0.775071,0.751698,0.111111,0.323048,81.869263,0.075805,0.527288,5,3,4:2 4:3 4:4 5:2 5:3 5:4 6:2 6:3 6:4,0/6/0/7,2,2,
434,1124,52.906000,0,,0.734872,35.000000,24.000000,0.729167,5171.104773,1491.945808,811.465735,0.777460,0.752054,0.111282,0.323441,81.560181,0.075519,0.530123,5,3,4:3 4:4 5:2 5:3 5:4 6:2 6:3 6:4,0/7/0/7,2,2,
435,1126,53.016000,0,,0.704690,31.000000,23.000000,0.645833,5273.451788,1488.451322,805.676915,0.775639,0.746689,0.111432,0.323684,81.765564,0.075709,0.523129,5,3,4:2 4:3 4:4 5:2 5:3 5:4 6:2 6:3 6:4,0/7/0/7,2,2,
436,1128,53.125000,0,,0.732519,35.000000,24.000000,0.729167,5196.469616,1493.449697,810.368100,0.778244,0.751036,0.110575,0.322476,83.402649,0.077225,0.529979,5,3,4:2 4:3 4:4 5:2 5:3 5:4 6:2 6:3 6:4,0/7/0/7,2,2,
437,1130,53.250000,0,,0.731040,35.000000,24.000000,0.729167,5316.435180,1490.820818,809.843424,0.776874,0.750550,0.110224,0.321947,84.365723,0.078116,0.528080,5,3,4:2 4:3 4:4 5:2 5:3 5:4 6:2 6:3 6:4,0/6/0/7,2,2,
438,1132,53.359000,0,,0.729897,35.000000,24.000000,0.729167,5150.324177,1495.120801,809.028943,0.779115,0.749795,0.110005,0.321919,85.801697,0.079446,0.529722,5,3,4:2 4:3 4:4 5:2 5:3 5:4 6:2 6:3 6:4,0/7/0/7,2,2,
439,1134,53.469000,0,,0.700291,31.000000,23.000000,0.645833,5189.941192,1489.684129,803.207634,0.776281,0.744400,0.110435,0.322466,85.519043,0.079184,0.521657,5,3,4:2 4:3 4:4 5:2 5:3 5:4 6:2 6:3 6:4,0/7/0/7,2,2,
440,1136,53.578000,0,,0.730348,35.000000,24.000000,0.729167,5160.363830,1497.828631,809.191823,0.780526,0.749946,0.110084,0.322092,85.665466,0.079320,0.531352,5,3,4:2 4:3 4:4 5:2 5:3 5:4 6:2 6:3 6:4,0/7/0/7,2,2,
441,1138,53.672000,0,,0.730733,35.000000,24.000000,0.729167,5265.169723,1497.752975,810.331794,0.780486,0.751003,0.109782,0.321693,84.847778,0.078563,0.532306,5,3,4:2 4:3 4:4 5:2 5:3 5:4 6:2 6:3 6:4,0/7/0/7,2,2,
442,1140,53.781000,0,,0.702339,31.000000,23.000000,0.645833,5050.971897,1494.035637,806.569379,0.778549,0.747516,0.109990,0.322105,83.158997,0.076999,0.526979,5,3,4:2 4:3 4:4 5:2 5:3 5:4 6:2 6:3 6:4,0/7/0/7,2,2,
443,1142,53.891000,0,,0.702345,31.000000,23.000000,0.645833,5140.704554,1498.102271,807.979866,0.780668,0.748823,0.109355,0.321497,82.766602,0.076636,0.530448,5,3,4:3 4:4 5:2 5:3 5:4 6:2 6:3 6:4,0/8/0/7,2,2,
444,1144,53.984000,0,,0.732950,35.000000,24.000000,0.729167,5050.895949,1502.686530,815.221751,0.783057,0.755535,0.108699,0.320485,81.528564,0.075489,0.539294,5,3,4:3 4:4 5:2 5:3 5:4 6:2 6:3 6:4,0/7/0/7,2,2,
445,1146,54.094000,0,,0.700630,31.000000,23.000000,0.645833,5206.677509,1493.027426,809.414395,0.778024,0.750152,0.108115,0.319740,82.624634,0.076504,0.528911,5,3,4:3 4:4 5:2 5:3 5:4 6:2 6:3 6:4,0/7/0/7,2,2,
446,1148,54.187000,0,,0.698771,31.000000,23.000000,0.645833,5136.758171,1493.501563,807.826654,0.778271,0.748681,0.107888,0.319512,84.434631,0.078180,0.527782,5,3,4:3 4:4 5:2 5:3 5:4 6:2 6:3 6:4,0/7/0/7,2,2,
447,1150,54.281000,0,,0.727786,35.000000,24.000000,0.729167,5176.621199,1500.105577,812.115785,0.781712,0.752656,0.107682,0.319247,85.722839,0.079373,0.535157,5,3,4:2 4:3 4:4 5:2 5:3 5:4 6:2 6:3 6:4,0/7/0/7,2,2,
448,1152,54.375000,0,,0.725846,35.000000,24.000000,0.729167,5177.062752,1499.217470,810.042718,0.781249,0.750735,0.107496,0.318979,87.479309,0.080999,0.532858,5,3,4:2 4:3 4:4 5:2 5:3 5:4 6:2 6:3 6:4,0/7/0/7,2,2,
449,1154,54.484000,0,,0.693615,31.000000,23.000000,0.645833,4998.163844,1490.437189,803.239138,0.776674,0.744429,0.106906,0.318050,88.376282,0.081830,0.522100,5,3,4:2 4:3 4:4 5:2 5:3 5:4 6:2 6:3 6:4,0/7/0/7,2,2,
450,1156,54.578000,0,,0.721935,35.000000,24.000000,0.729167,4517.707057,1489.766047,807.371786,0.776324,0.748259,0.106078,0.316513,88.724121,0.082152,0.525334,5,3,4:2 4:3 4:4 5:2 5:3 5:4 6:2 6:3 6:4,0/6/0/7,2,2,
451,1158,54.672000,0,,0.687539,31.000000,23.000000,0.645833,4506.696903,1472.959520,798.857924,0.767566,0.740369,0.104936,0.314544,90.357117,0.083664,0.508663,5,3,4:2 4:3 4:4 5:2 5:3 5:4 6:2 6:3 6:4,0/5/0/7,2,2,
452,1160,54.766000,0,,0.716149,35.000000,24.000000,0.729167,4564.283332,1470.945292,803.704464,0.766517,0.744860,0.103626,0.312325,89.511414,0.082881,0.511835,5,3,4:2 4:3 4:4 5:2 5:3 5:4 6:2 6:3 6:4,0/5/0/7,2,2,
453,1162,54.859000,0,,0.749281,37.000000,25.000000,0.770833,4685.645116,1484.470779,795.107029,0.773565,0.736893,0.115886,0.338298,85.889648,0.079527,0.511773,5,3,4:2 4:3 4:4 5:2 5:3 5:4 6:2 6:3 6:4,0/7/0/7,2,2,
454,1164,54.953000,0,,0.717096,33.000000,24.000000,0.687500,4510.555308,1477.288304,787.251520,0.769822,0.729612,0.115354,0.337617,86.830444,0.080399,0.501050,5,3,4:2 4:3 4:4 5:2 5:3 5:4 6:2 6:3 6:4,0/7/0/7,2,2,
455,1166,55.047000,0,,0.748225,37.000000,25.000000,0.770833,4808.701218,1476.984306,791.487224,0.769664,0.733538,0.116450,0.337775,86.784851,0.080356,0.504496,5,3,4:2 4:3 4:4 5:2 5:3 5:4 6:2 6:3 6:4,0/7/0/7,2,2,
456,1169,55.156000,0,,0.753758,37.000000,25.000000,0.770833,4699.052114,1481.894155,789.461500,0.772222,0.731660,0.119422,0.340041,84.762268,0.078484,0.505512,5,3,4:2 4:3 4:4 5:2 5:3 5:4 6:2 6:3 6:4,0/7/0/7,2,2,
457,1171,55.250000,0,,0.753201,37.000000,25.000000,0.770833,4478.336778,1482.239693,787.162512,0.772402,0.729530,0.120014,0.340375,86.130798,0.079751,0.503759,5,3,4:2 4:3 4:4 5:2 5:3 5:4 6:2 6:3 6:4,0/7/0/7,2,3,
458,1173,55.344000,1,45,0.778308,39.000000,26.000000,0.812500,4400.353045,1500.530683,786.863442,0.781934,0.729252,0.123455,0.345789,80.194580,0.074254,0.513894,5,3,4:2 4:3 4:4 5:2 5:3 5:4 6:2 6:3 6:4,0/9/0/7,2,3,0.622836
459,1176,55.469000,0,,0.740464,35.000000,25.000000,0.729167,3885.292299,1492.994465,773.718966,0.778006,0.717070,0.125588,0.346666,92.062622,0.085243,0.498813,5,3,4:2 4:3 4:4 5:2 5:3 5:4 6:2 6:3 6:4,0/9/0/6,1,3,
460,1179,55.578000,0,,0.780497,40.000000,27.000000,0.833333,3004.979402,1491.023532,775.379607,0.776979,0.718609,0.129125,0.348475,93.363098,0.086447,0.499014,5,3,4:2 4:3 4:4 5:2 5:3 5:4 6:2 6:3 6:4,0/10/0/5,1,3,
461,1181,55.672000,0,,0.773870,40.000000,27.000000,0.833333,3302.317796,1475.288220,765.869087,0.768780,0.709795,0.130097,0.348089,100.302551,0.092873,0.482196,5,3,4:2 4:3 4:4 5:2 5:3 5:4 6:2 6:3 6:4,0/10/0/4,1,3,
462,1183,55.766000,0,,0.768877,40.000000,27.000000,0.833333,4144.108365,1463.622226,760.712447,0.762700,0.705016,0.129771,0.346300,104.104248,0.096393,0.471260,5,3,4:2 4:3 4:4 5:2 5:3 5:4 6:2 6:3 6:4,0/5/0/3,1,3,
463,1186,55.875000,0,,0.734702,36.000000,26.000000,0.750000,4184.358359,1455.678328,751.328089,0.758561,0.696319,0.129546,0.345204,107.859192,0.099870,0.459118,5,3,4:2 4:3 4:4 5:2 5:3 5:4 6:2 6:3 6:4,0/5/0/3,1,3,
464,1188,55.969000,0,,0.757423,40.000000,27.000000,0.833333,3931.099409,1447.389795,750.438058,0.754242,0.695494,0.128884,0.343566,114.028748,0.105582,0.453557,5,3,4:2 4:3 4:4 5:2 5:3 5:4 6:2 6:3 6:4,0/5/0/2,1,3,
465,1191,56.078000,0,,0.776888,38.000000,27.000000,0.791667,4074.815164,1428.680516,746.721832,0.744492,0.692050,0.144585,0.358803,85.726746,0.079377,0.439681,5,3,4:2 4:3 4:4 5:2 5:3 5:4 6:2 6:3 6:4,0/5/0/3,1,3,
466,1193,56.172000,1,46,0.800600,42.000000,28.000000,0.875000,4180.637285,1433.403128,744.078660,0.746953,0.689600,0.145737,0.360081,92.918091,0.086035,0.440305,5,3,4:2 4:3 4:4 5:2 5:3 5:4 6:2 6:3 6:4,0/5/0/3,1,3,0.532647
467,1195,56.266000,0,,0.789689,42.000000,28.000000,0.875000,3922.085127,1438.950675,732.039675,0.749844,0.678443,0.145948,0.359596,105.871155,0.098029,0.434198,5,3,4:2 4:3 4:4 5:2 5:3 5:4 6:2 6:3 6:4,0/5/0/2,1,3,
468,1198,56.375000,1,47,0.814932,44.000000,29.000000,0.916667,4390.866201,1437.640675,732.565795,0.749161,0.678930,0.154625,0.367464,91.981262,0.085168,0.433814,5,3,4:2 4:3 4:4 5:2 5:3 5:4 6:2 6:3 6:4,0/5/0/3,1,3,0.219967
469,1200,56.469000,0,,0.807203,44.000000,29.000000,0.916667,4861.910045,1434.043415,723.393182,0.747287,0.670429,0.153460,0.365507,100.232605,0.092808,0.424728,5,3,4:2 4:3 4:4 5:2 5:3 5:4 6:2 6:3 6:4,0/5/0/3,1,3,
470,1203,56.594000,1,48,0.833908,46.000000,30.000000,0.958333,5055.788161,1440.068075,727.812355,0.750426,0.674525,0.160585,0.372495,85.873230,0.079512,0.431676,5,3,4:2 4:3 4:4 5:2 5:3 5:4 6:2 6:3 6:4,0/5/0/4,1,3,0.502351
471,1206,56.703000,0,,0.799925,42.000000,29.000000,0.875000,4939.452962,1440.704494,720.930424,0.750758,0.668147,0.161066,0.372932,91.200989,0.084445,0.426973,5,3,4:2 4:3 4:4 5:2 5:3 5:4 6:2 6:3 6:4,0/5/0/4,1,3,
472,1208,56.797000,0,,0.793208,42.000000,29.000000,0.875000,4882.471682,1439.938715,712.943241,0.750359,0.660744,0.161670,0.373666,98.697388,0.091386,0.420757,5,3,4:2 4:3 4:4 5:2 5:3 5:4 6:2 6:3 6:4,0/5/0/3,1,3,
473,1211,56.906000,1,49,0.818375,44.000000,30.000000,0.916667,4759.964432,1451.531286,717.003430,0.756400,0.664507,0.168437,0.380562,86.937744,0.080498,0.430821,5,3,4:2 4:3 4:4 5:2 5:3 5:4 6:2 6:3 6:4,0/6/0/4,1,3,0.281218
474,1213,57.000000,1,50,0.839470,48.000000,31.000000,1.000000,5016.056191,1448.974383,708.970488,0.755067,0.657063,0.167562,0.379611,95.999268,0.088888,0.423623,5,3,4:1 4:2 4:3 4:4 5:2 5:3 5:4 6:2 6:3 6:4,0/6/0/4,1,3,0.510358
475,1215,57.094000,1,51,0.834981,48.000000,31.000000,1.000000,5061.098168,1444.311900,705.356789,0.752638,0.653713,0.165461,0.377231,100.766785,0.093303,0.418219,5,3,4:1 4:2 4:3 4:4 5:2 5:3 5:4 6:2 6:3 6:4,0/6/0/3,1,3,0.254248
476,1218,57.219000,1,52,0.835653,48.000000,31.000000,1.000000,5193.398552,1442.410767,706.301866,0.751647,0.654589,0.165003,0.376746,99.788452,0.092397,0.417670,5,3,4:1 4:2 4:3 4:4 5:2 5:3 5:4 6:2 6:3 6:4,0/6/0/3,1,3,0.537194
477,1221,57.328000,0,,0.807271,44.000000,30.000000,0.916667,5130.908964,1439.312536,708.024331,0.750033,0.656186,0.165043,0.376829,98.625488,0.091320,0.416918,5,3,4:1 4:2 4:3 4:4 5:2 5:3 5:4 6:2 6:3 6:4,0/6/0/4,1,3,
478,1223,57.422000,0,,0.807951,44.000000,30.000000,0.916667,5021.469825,1435.422311,709.476551,0.748005,0.657532,0.165874,0.377901,97.469788,0.090250,0.415507,5,3,4:1 4:2 4:3 4:4 5:2 5:3 5:4 6:2 6:3 6:4,0/6/0/4,1,3,
479,1225,57.516000,0,,0.808368,44.000000,30.000000,0.916667,5147.209328,1433.027954,710.307680,0.746758,0.658302,0.166191,0.378315,96.754150,0.089587,0.414605,5,3,4:1 4:2 4:3 4:4 5:2 5:3 5:4 6:2 6:3 6:4,0/6/0/4,1,3,
480,1227,57.609000,1,53,0.838203,48.000000,31.000000,1.000000,5210.380866,1433.648911,710.445457,0.747081,0.658430,0.166964,0.379282,95.982361,0.088873,0.415088,5,3,4:1 4:2 4:3 4:4 5:2 5:3 5:4 6:2 6:3 6:4,0/6/0/4,1,3,0.491634
481,1229,57.703000,1,54,0.835383,48.000000,31.000000,1.000000,5086.075817,1434.000122,707.363184,0.747264,0.655573,0.166739,0.379095,99.258118,0.091906,0.413141,5,3,4:1 4:2 4:3 4:4 5:2 5:3 5:4 6:2 6:3 6:4,0/6/0/4,1,3,0.233722
482,1231,57.797000,1,55,0.830616,48.000000,31.000000,1.000000,4806.694727,1436.715729,702.165199,0.748679,0.650756,0.166796,0.379321,105.071594,0.097289,0.411263,5,3,4:1 4:2 4:3 4:4 5:2 5:3 5:4 6:2 6:3 6:4,0/6/0/3,1,3,0.511300
483,1233,57.906000,0,,0.797302,44.000000,30.000000,0.916667,4694.873528,1441.049880,697.198373,0.750938,0.646152,0.167109,0.379945,110.333923,0.102161,0.410683,5,3,4:1 4:2 4:3 4:4 5:2 5:3 5:4 6:2 6:3 6:4,0/6/0/2,1,3,
484,1235,58.000000,1,56,0.820000,48.000000,31.000000,1.000000,4934.713917,1443.982786,691.141806,0.752466,0.640539,0.165932,0.378895,118.318176,0.109554,0.408633,5,3,4:1 4:2 4:3 4:4 5:2 5:3 5:4 6:2 6:3 6:4,0/6/0/2,1,3,0.506792
485,1237,58.094000,0,,0.783116,44.000000,30.000000,0.916667,4882.620994,1441.448639,684.882703,0.751146,0.634738,0.164298,0.377424,127.236633,0.117812,0.403060,5,3,4:1 4:2 4:3 4:4 5:2 5:3 5:4 6:2 6:3 6:4,0/6/0/1,1,3,
486,1239,58.203000,0,,0.809532,48.000000,31.000000,1.000000,4879.150646,1437.936999,678.508406,0.749316,0.628831,0.162583,0.376052,136.685974,0.126561,0.396877,5,3,4:1 4:2 4:3 4:4 5:2 5:3 5:4 6:2 6:3 6:4,0/6/0/0,1,3,
487,1241,58.297000,1,57,0.808531,48.000000,31.000000,1.000000,4598.825954,1434.313192,671.255510,0.747427,0.622109,0.159970,0.373738,148.567993,0.137563,0.390207,5,3,4:1 4:2 4:3 4:4 5:2 5:3 5:4 6:2 6:3 6:4,0/6/0/0,1,3,0.294789
488,1243,58.391000,0,,0.808044,48.000000,31.000000,1.000000,4713.063874,1435.184347,664.514626,0.747881,0.615862,0.159411,0.373615,156.483459,0.144892,0.386960,5,3,4:1 4:2 4:3 4:4 5:2 5:3 5:4 6:2 6:3 6:4,0/6/0/0,1,3,
489,1245,58.500000,0,,0.807827,48.000000,31.000000,1.000000,4871.463794,1438.369881,657.897827,0.749541,0.609729,0.158440,0.372892,164.664490,0.152467,0.385516,5,3,4:1 4:2 4:3 4:4 5:1 5:2 5:3 5:4 6:2 6:3 6:4,0/6/0/0,1,3,
490,1247,58.609000,0,,0.778365,44.000000,30.000000,0.916667,4833.672769,1439.488140,652.623623,0.750124,0.604841,0.156857,0.371509,161.446777,0.149488,0.383546,5,3,4:1 4:2 4:3 4:4 5:1 5:2 5:3 5:4 6:2 6:3 6:4,0/6/0/0,1,3,
491,1249,58.703000,0,,0.778526,44.000000,30.000000,0.916667,4755.521072,1444.964419,647.220114,0.752978,0.599833,0.156811,0.371569,155.529541,0.144009,0.384615,5,2,4:1 4:2 4:3 4:4 5:1 5:2 5:3 5:4 6:2 6:3 6:4,0/6/0/0,1,3,
492,1251,58.812000,1,58,0.778624,44.000000,30.000000,0.916667,4934.933754,1449.401212,642.115334,0.755290,0.595102,0.156826,0.371753,151.077759,0.139887,0.385272,5,2,4:1 4:2 4:3 5:1 5:2 5:3 5:4 6:2 6:3 6:4,0/6/0/0,1,3,0.205994
493,1253,58.922000,1,59,0.807410,48.000000,31.000000,1.000000,4945.315192,1449.444061,636.354927,0.755312,0.589764,0.155903,0.370884,150.518921,0.139369,0.382732,5,2,4:1 4:2 4:3 5:1 5:2 5:3 5:4 6:2 6:3 6:4,0/6/0/0,1,3,0.225010
494,1255,59.016000,0,,0.778220,44.000000,30.000000,0.916667,5168.821275,1450.951338,633.549814,0.756098,0.587164,0.155847,0.370835,148.930542,0.137899,0.382579,5,2,4:1 4:2 4:3 5:1 5:2 5:3 5:4 6:1 6:2 6:3 6:4,0/6/0/0,1,3,
495,1257,59.125000,0,,0.778276,44.000000,30.000000,0.916667,5138.890197,1451.936152,632.793056,0.756611,0.586463,0.156066,0.371130,147.879639,0.136926,0.382949,5,2,4:1 4:2 4:3 5:1 5:2 5:3 5:4 6:1 6:2 6:3 6:4,0/6/0/0,1,3,
496,1259,59.234000,0,,0.777575,44.000000,30.000000,0.916667,5263.141790,1446.008506,631.530117,0.753522,0.585292,0.153983,0.369316,152.109131,0.140842,0.378281,5,2,4:1 4:2 4:3 5:1 5:2 5:3 5:4 6:1 6:2 6:3 6:4,0/6/0/0,1,3,
497,1261,59.328000,0,,0.777411,44.000000,30.000000,0.916667,5234.420562,1445.735166,629.339251,0.753379,0.583262,0.152977,0.368471,151.416748,0.140201,0.377183,5,2,4:1 4:2 4:3 5:1 5:2 5:3 5:4 6:1 6:2 6:3 6:4,0/6/0/0,1,3,
498,1263,59.437000,0,,0.777162,44.000000,30.000000,0.916667,5261.549460,1445.340843,625.909576,0.753174,0.580083,0.151706,0.367621,149.611206,0.138529,0.375527,5,2,4:1 4:2 4:3 5:1 5:2 5:3 6:1 6:2 6:3 6:4,0/6/0/0,1,3,
499,1265,59.531000,0,,0.776603,44.000000,30.000000,0.916667,5302.455611,1442.348322,621.717437,0.751615,0.576198,0.149009,0.365448,149.444458,0.138374,0.371796,5,2,4:1 4:2 4:3 5:1 5:2 5:3 6:1 6:2 6:3 6:4,0/6/0/0,1,3,
500,1267,59.641000,1,60,0.805103,48.000000,31.000000,1.000000,5251.314284,1438.870298,616.352575,0.749802,0.571226,0.145520,0.362678,148.597778,0.137591,0.367353,5,2,4:1 4:2 4:3 5:1 5:2 5:3 6:1 6:2 6:3,0/6/0/0,1,3,0.561553
501,1269,59.750000,0,,0.804619,48.000000,31.000000,1.000000,5430.312879,1437.586950,609.649418,0.749133,0.565013,0.143128,0.360808,147.215088,0.136310,0.364127,5,2,4:1 4:2 4:3 5:1 5:2 5:3 6:1 6:2 6:3,0/6/0/0,1,3,
502,1271,59.844000,0,,0.771375,44.000000,30.000000,0.916667,4418.841168,1426.976845,603.186559,0.743604,0.559024,0.137954,0.356329,154.933350,0.143457,0.354477,5,2,4:1 4:2 4:3 5:1 5:2 5:3 6:1 6:2 6:3,0/6/0/0,1,3,
503,1273,59.953000,1,61,0.795930,48.000000,31.000000,1.000000,3900.031049,1408.831558,594.779120,0.734149,0.551232,0.136177,0.354902,170.729126,0.158083,0.338970,5,2,4:1 4:2 4:3 5:1 5:2 5:3 6:1 6:2 6:3,0/6/0/0,1,3,0.431373
504,1275,60.047000,0,,0.767042,44.000000,30.000000,0.916667,5142.184729,1389.482741,587.536874,0.724066,0.544520,0.138249,0.357781,187.054199,0.173198,0.323072,5,2,3:1 3:2 3:3 4:1 4:2 4:3 5:1 5:2 5:3 6:1 6:2 6:3,0/4/0/0,1,3,
505,1277,60.156000,0,,0.767104,44.000000,30.000000,0.916667,6122.257040,1385.775110,583.151237,0.722134,0.540455,0.138735,0.358537,189.271118,0.175251,0.319312,5,2,3:1 3:2 3:3 4:1 4:2 4:3 5:1 5:2 5:3 6:1 6:2 6:3,0/4/0/0,1,3,
506,1279,60.250000,0,,0.793306,48.000000,31.000000,1.000000,6041.989483,1386.234022,577.680571,0.722373,0.535385,0.136531,0.356172,189.008911,0.175008,0.318440,5,2,3:1 3:2 3:3 4:1 4:2 4:3 5:1 5:2 5:3 6:1 6:2 6:3,0/4/0/0,1,3,
507,1281,60.359000,0,,0.794866,48.000000,31.000000,1.000000,5963.525527,1386.644292,569.954492,0.722587,0.528225,0.137877,0.357962,185.769653,0.172009,0.317306,5,2,3:1 3:2 3:3 4:1 4:2 4:3 5:1 5:2 5:3 6:1 6:2 6:3,0/4/0/0,1,3,
508,1283,60.453000,0,,0.796949,48.000000,31.000000,1.000000,6010.224244,1392.105843,562.469274,0.725433,0.521288,0.139155,0.359597,179.266113,0.165987,0.320229,5,2,3:1 3:2 3:3 4:1 4:2 4:3 5:1 5:2 5:3 6:1 6:2 6:3,0/5/0/0,1,3,
509,1285,60.562000,0,,0.797454,48.000000,31.000000,1.000000,6263.096120,1394.664970,557.344993,0.726767,0.516538,0.139394,0.359996,175.818481,0.162795,0.321548,5,2,3:1 3:2 3:3 4:1 4:2 4:3 5:1 5:2 5:3 6:1 6:2 6:3,0/5/0/0,1,3,
510,1287,60.656000,0,,0.798069,48.000000,31.000000,1.000000,6470.281589,1393.517845,554.531089,0.726169,0.513931,0.140496,0.361244,175.314697,0.162328,0.320457,5,2,3:1 3:2 3:3 4:1 4:2 4:3 5:1 5:2 5:3 6:1 6:2 6:3,0/5/0/0,1,3,
511,1289,60.750000,0,,0.798243,48.000000,31.000000,1.000000,6552.182618,1395.277227,552.831048,0.727086,0.512355,0.140324,0.361190,172.910889,0.160103,0.321622,5,2,3:1 3:2 3:3 4:1 4:2 4:3 5:1 5:2 5:3 6:1 6:2 6:3,0/5/0/0,1,3,
512,1291,60.859000,0,,0.769338,44.000000,30.000000,0.916667,6430.474738,1397.784726,551.291219,0.728392,0.510928,0.141260,0.362438,168.852661,0.156345,0.323365,5,2,3:1 3:2 3:3 4:1 4:2 4:3 5:1 5:2 5:3 6:1 6:2 6:3,0/5/0/0,1,3,
513,1293,60.953000,1,62,0.798634,48.000000,31.000000,1.000000,6584.660505,1399.130112,548.984185,0.729093,0.508790,0.141060,0.362268,166.428955,0.154101,0.324225,5,2,3:1 3:2 3:3 4:1 4:2 4:3 5:1 5:2 5:3 6:1 6:2 6:3,0/5/0/0,1,3,0.260547
514,1295,61.047000,0,,0.769462,44.000000,30.000000,0.916667,6731.471817,1399.154549,547.874997,0.729106,0.507762,0.141463,0.362864,165.284790,0.153041,0.324191,5,2,3:1 3:2 3:3 4:1 4:2 4:3 5:1 5:2 5:3 6:1 6:2 6:3,0/5/0/0,1,3,
515,1297,61.156000,0,,0.769603,44.000000,30.000000,0.916667,6700.565289,1400.556360,545.453230,0.729837,0.505517,0.141501,0.363099,163.411255,0.151307,0.325132,5,2,3:1 3:2 3:3 4:1 4:2 4:3 5:1 5:2 5:3 6:1 6:2 6:3,0/5/0/0,1,3,
516,1299,61.250000,0,,0.798735,48.000000,31.000000,1.000000,6667.287159,1400.357325,541.609554,0.729733,0.501955,0.141874,0.363687,162.370117,0.150343,0.324903,5,2,3:1 3:2 3:3 4:1 4:2 4:3 5:1 5:2 5:3 6:1 6:2 6:3,0/5/0/0,1,3,
517,1301,61.344000,0,,0.798999,48.000000,31.000000,1.000000,6461.230915,1402.721107,536.282705,0.730965,0.497018,0.142711,0.364827,159.244873,0.147449,0.326661,5,2,3:1 3:2 3:3 4:1 4:2 4:3 5:1 5:2 5:3 6:1 6:2 6:3,0/6/0/0,1,3,
518,1303,61.453000,0,,0.770189,44.000000,30.000000,0.916667,6648.227726,1405.822679,532.693980,0.732581,0.493692,0.142688,0.365034,155.994873,0.144440,0.329040,5,2,3:1 3:2 3:3 4:1 4:2 4:3 5:1 5:2 5:3 6:1 6:2 6:3,0/6/0/0,1,3,
519,1305,61.547000,0,,0.770462,44.000000,30.000000,0.916667,6477.665701,1407.982874,527.949317,0.733707,0.489295,0.141550,0.363879,154.546143,0.143098,0.330858,5,2,3:1 3:2 4:1 4:2 4:3 5:1 5:2 5:3 6:1 6:2 6:3,0/6/0/0,1,3,
520,1307,61.641000,0,,0.799665,48.000000,31.000000,1.000000,6740.467680,1408.077395,525.392827,0.733756,0.486926,0.141666,0.364094,153.203857,0.141855,0.331097,5,2,3:1 3:2 4:1 4:2 4:3 5:1 5:2 5:3 6:1 6:2 6:3,0/6/0/0,1,3,
521,1309,61.734000,0,,0.770739,44.000000,30.000000,0.916667,6803.229553,1410.569724,525.429613,0.735055,0.486960,0.139974,0.362297,152.320923,0.141038,0.332929,5,2,3:1 4:1 4:2 4:3 5:1 5:2 5:3 6:1 6:2 6:3,0/6/0/0,1,3,
522,1311,61.844000,0,,0.770148,44.000000,30.000000,0.916667,6595.571791,1408.944472,524.596684,0.734208,0.486188,0.139646,0.362192,153.776855,0.142386,0.331795,5,2,3:1 3:2 4:1 4:2 4:3 5:1 5:2 5:3 6:1 6:2 6:3,0/6/0/0,1,3,
523,1313,61.937000,0,,0.770115,44.000000,30.000000,0.916667,6286.954879,1409.117207,521.406921,0.734298,0.483232,0.139574,0.362112,155.098633,0.143610,0.332194,5,2,3:1 3:2 4:1 4:2 4:3 5:1 5:2 5:3 6:1 6:2 6:3,0/6/0/0,1,3,
524,1315,62.031000,0,,0.798378,48.000000,31.000000,1.000000,5001.149150,1409.170059,512.411683,0.734325,0.474895,0.138744,0.359887,161.035400,0.149107,0.333282,5,2,3:1 3:2 3:3 4:1 4:2 4:3 5:1 5:2 5:3 6:1 6:2 6:3,0/6/0/0,1,3,
525,1317,62.125000,0,,0.767794,44.000000,30.000000,0.916667,4999.348751,1401.293576,504.488508,0.730221,0.467552,0.138165,0.358278,175.673828,0.162661,0.328799,5,2,3:1 3:2 3:3 4:1 4:2 4:3 5:1 5:2 5:3 6:1 6:2 6:3,0/6/0/0,1,3,
526,1319,62.219000,1,63,0.799029,48.000000,31.000000,1.000000,5320.407459,1397.494611,500.212378,0.728241,0.463589,0.140141,0.358431,185.976807,0.172201,0.326863,5,2,3:1 3:2 3:3 4:1 4:2 4:3 5:1 5:2 5:3 6:1 6:2 6:3,0/5/0/0,1,3,0.224382
527,1321,62.328000,0,,0.799153,48.000000,31.000000,1.000000,4776.270429,1396.963687,494.721736,0.727964,0.458500,0.142804,0.359360,194.040527,0.179667,0.327689,5,2,3:1 3:2 3:3 4:1 4:2 4:3 5:1 5:2 5:3 6:1 6:2 6:3,0/5/0/0,1,3,
528,1323,62.422000,0,,0.769798,44.000000,30.000000,0.916667,4909.866641,1393.863661,490.707700,0.726349,0.454780,0.143148,0.358259,203.738159,0.188646,0.326431,5,2,3:1 3:2 3:3 4:1 4:2 4:3 5:1 5:2 5:3 6:1 6:2 6:3,0/4/0/0,1,3,
529,1325,62.516000,0,,0.769328,44.000000,30.000000,0.916667,5220.072851,1388.494174,487.920279,0.723551,0.452197,0.141860,0.355875,212.940430,0.197167,0.323296,5,2,3:1 3:2 3:3 4:1 4:2 4:3 5:1 5:2 5:3 6:1 6:2 6:3,0/3/0/0,1,3,
530,1328,62.641000,0,,0.770352,44.000000,30.000000,0.916667,4376.045388,1395.949263,482.782125,0.727436,0.447435,0.143016,0.355968,211.015381,0.195385,0.330122,5,2,3:1 3:2 3:3 4:1 4:2 4:3 5:1 5:2 5:3 6:1 6:2 6:3,0/4/0/0,1,3,
531,1330,62.750000,0,,0.801005,48.000000,31.000000,1.000000,4384.169327,1406.651789,475.515599,0.733013,0.440700,0.145042,0.356748,208.130859,0.192714,0.340034,5,2,3:3 4:1 4:2 4:3 5:1 5:2 5:3 6:1 6:2 6:3,0/5/0/0,1,3,
532,1332,62.844000,0,,0.772974,44.000000,30.000000,0.916667,4602.228433,1413.766283,468.112993,0.736720,0.433840,0.146393,0.357333,206.098755,0.190832,0.347602,5,2,4:1 4:2 4:3 5:1 5:2 5:3 6:1 6:2 6:3,0/6/0/0,1,3,
533,1334,62.937000,1,64,0.803149,48.000000,31.000000,1.000000,4773.320895,1420.618973,462.948105,0.740291,0.429053,0.146602,0.356667,205.703613,0.190466,0.354326,5,2,4:0 4:1 4:2 4:3 5:1 5:2 5:3 6:1 6:2 6:3,0/6/0/0,1,3,0.279068
534,1336,63.031000,0,,0.804070,48.000000,31.000000,1.000000,4957.058120,1427.809530,460.115450,0.744038,0.426428,0.146697,0.355957,199.320465,0.184556,0.360465,5,2,4:0 4:1 4:2 4:3 5:1 5:2 5:3 6:1 6:2 6:3,0/6/0/0,1,3,
535,1338,63.125000,0,,0.804477,48.000000,31.000000,1.000000,5192.074022,1431.282740,459.414059,0.745848,0.425778,0.146656,0.355585,196.560547,0.182001,0.363181,5,2,4:0 4:1 4:2 4:3 5:1 5:2 5:3 6:1 6:2 6:3,0/6/0/0,1,3,
536,1340,63.219000,0,,0.775381,44.000000,30.000000,0.916667,5263.465495,1432.311729,460.088708,0.746384,0.426403,0.146349,0.355151,196.938858,0.182351,0.363653,5,2,4:0 4:1 4:2 4:3 5:1 5:2 5:3 6:1 6:2 6:3,0/6/0/0,1,3,
537,1342,63.312000,0,,0.804398,48.000000,31.000000,1.000000,5303.115937,1430.308932,459.000682,0.745341,0.425395,0.146259,0.355011,195.498886,0.181017,0.362652,5,2,4:0 4:1 4:2 4:3 5:1 5:2 5:3 6:1 6:2 6:3,0/6/0/0,1,3,
538,1344,63.422000,0,,0.804368,48.000000,31.000000,1.000000,5287.163437,1428.920278,456.982069,0.744617,0.423524,0.147297,0.356227,192.127075,0.177895,0.362453,5,2,4:0 4:1 4:2 4:3 5:1 5:2 5:3 6:1 6:2 6:3,0/6/0/0,1,3,
539,1346,63.516000,0,,0.804120,48.000000,31.000000,1.000000,5351.563272,1426.093725,456.141939,0.743144,0.422745,0.147125,0.355892,190.192657,0.176104,0.360798,5,2,4:0 4:1 4:2 4:3 5:1 5:2 5:3 6:1 6:2 6:3,0/6/0/0,1,3,
540,1348,63.609000,0,,0.803911,48.000000,31.000000,1.000000,5431.158272,1423.952906,455.859016,0.742029,0.422483,0.146503,0.355195,190.895187,0.176755,0.359407,5,2,4:0 4:1 4:2 4:3 5:1 5:2 5:3 6:1 6:2 6:3,0/6/0/0,1,3,
541,1350,63.719000,0,,0.803803,48.000000,31.000000,1.000000,5236.675427,1422.232508,454.659552,0.741132,0.421371,0.145846,0.354476,190.871841,0.176733,0.358684,5,2,4:0 4:1 4:2 4:3 5:1 5:2 5:3 6:1 6:2 6:3,0/5/0/0,1,3,
542,1353,63.844000,0,,0.774872,44.000000,30.000000,0.916667,5247.886641,1423.114885,452.331163,0.741592,0.419213,0.145695,0.354493,189.983948,0.175911,0.360259,5,2,4:0 4:1 4:2 4:3 5:1 5:2 5:3 6:1 6:2 6:3,0/5/0/0,1,3,
543,1355,63.937000,0,,0.804827,48.000000,31.000000,1.000000,5032.524726,1428.310430,448.469296,0.744299,0.415634,0.146502,0.355675,187.247864,0.173378,0.365513,5,2,4:0 4:1 4:2 4:3 5:1 5:2 5:3 6:1 6:2 6:3,0/6/0/0,1,3,
544,1357,64.047000,0,,0.776726,44.000000,30.000000,0.916667,4713.006795,1435.868994,444.204546,0.748238,0.411682,0.148369,0.358521,185.238708,0.171517,0.372619,5,2,4:0 4:1 4:2 4:3 5:1 5:2 5:3 6:1 6:2 6:3,0/6/0/0,1,3,
545,1359,64.141000,0,,0.778211,44.000000,30.000000,0.916667,4273.177108,1446.537345,438.589779,0.753797,0.406478,0.149702,0.360703,173.825317,0.160949,0.382517,5,2,4:0 4:1 4:2 5:1 5:2 5:3 6:1 6:2 6:3,0/6/0/0,1,3,
546,1362,64.281000,1,65,0.809250,48.000000,31.000000,1.000000,4941.099957,1459.555133,431.015175,0.760581,0.399458,0.150186,0.361997,157.564941,0.145893,0.394997,5,1,4:0 4:1 4:2 5:0 5:1 5:2 5:3 6:1 6:2 6:3,0/6/0/0,1,3,0.214397
547,1364,64.375000,0,,0.809407,48.000000,31.000000,1.000000,5027.032641,1459.860926,429.241684,0.760740,0.397814,0.148424,0.360498,155.545654,0.144024,0.396049,5,1,4:0 4:1 4:2 5:0 5:1 5:2 5:3 6:1 6:2 6:3,0/6/0/0,1,3,
548,1366,64.469000,0,,0.808863,48.000000,31.000000,1.000000,4878.216938,1453.682716,427.994516,0.757521,0.396658,0.146036,0.358479,158.957275,0.147183,0.392419,5,1,4:0 4:1 4:2 5:1 5:2 5:3 6:1 6:2 6:3,0/6/0/0,1,3,
549,1368,64.562000,1,66,0.779205,44.000000,30.000000,0.916667,4950.255173,1447.702709,426.354973,0.754405,0.395139,0.143935,0.356439,164.211304,0.152048,0.389147,5,1,4:0 4:1 4:2 5:1 5:2 5:3 6:1 6:2 6:3,0/6/0/0,1,3,0.206260
550,1370,64.672000,0,,0.778946,44.000000,30.000000,0.916667,4891.141243,1441.233740,421.157042,0.751034,0.390322,0.141786,0.354503,168.660522,0.156167,0.387420,5,1,4:0 4:1 4:2 5:0 5:1 5:2 6:1 6:2 6:3,0/6/0/0,1,3,
551,1372,64.766000,0,,0.779262,44.000000,30.000000,0.916667,5048.944466,1437.056175,412.133690,0.748857,0.381959,0.140162,0.353214,170.792480,0.158141,0.389521,5,1,4:0 4:1 4:2 5:0 5:1 5:2 6:1 6:2 6:3,0/6/0/0,1,3,
552,1374,64.859000,1,67,0.807503,48.000000,31.000000,1.000000,5117.209390,1437.360420,404.555702,0.749015,0.374936,0.138748,0.352112,169.191284,0.156659,0.394080,5,1,4:0 4:1 4:2 5:0 5:1 5:2 6:1 6:2,0/6/0/0,1,3,0.215895
553,1376,64.953000,0,,0.805747,48.000000,31.000000,1.000000,5053.699061,1436.234004,400.492468,0.748428,0.371170,0.137187,0.350910,169.087036,0.156562,0.395762,5,1,4:0 4:1 4:2 5:0 5:1 5:2 6:1 6:2,0/6/0/0,1,3,
554,1378,65.047000,0,,0.772774,44.000000,30.000000,0.916667,5319.930620,1429.802965,395.471001,0.745077,0.366516,0.134354,0.348525,173.315186,0.160477,0.394666,5,1,4:0 4:1 4:2 5:0 5:1 5:2 6:1 6:2,0/6/0/0,1,3,
555,1380,65.156000,0,,0.799856,48.000000,31.000000,1.000000,5272.750305,1424.071037,390.664459,0.742090,0.362062,0.132805,0.346946,175.191330,0.162214,0.394042,5,1,4:0 4:1 4:2 5:0 5:1 5:2 6:0 6:1 6:2,0/6/0/0,1,3,
556,1382,65.250000,0,,0.767461,44.000000,30.000000,0.916667,5321.279489,1416.954817,387.525058,0.738382,0.359152,0.130583,0.344898,175.879623,0.162852,0.391571,5,1,4:0 4:1 4:2 5:0 5:1 5:2 6:0 6:1 6:2,0/6/0/0,1,3,
557,1384,65.344000,0,,0.793704,48.000000,31.000000,1.000000,5335.480931,1409.046229,383.093618,0.734261,0.355045,0.128540,0.342774,174.315659,0.161403,0.389590,5,1,4:0 4:1 4:2 5:0 5:1 5:2 6:0 6:1 6:2,0/5/0/0,1,3,
558,1386,65.453000,1,68,0.790778,48.000000,31.000000,1.000000,5095.383398,1399.266563,378.777836,0.729164,0.351045,0.126620,0.340954,172.688034,0.159896,0.386533,5,1,3:2 4:0 4:1 4:2 5:0 5:1 5:2 6:0 6:1 6:2,0/4/0/0,1,3,0.475362
559,1389,65.578000,0,,0.787882,48.000000,31.000000,1.000000,5566.899375,1389.532021,372.425536,0.724092,0.345158,0.124522,0.339627,170.901016,0.158242,0.385209,5,1,3:0 3:1 3:2 4:0 4:1 4:2 5:0 5:1 5:2 6:0 6:1 6:2,0/3/0/0,1,3,
560,1391,65.672000,0,,0.789061,48.000000,31.000000,1.000000,5455.195116,1391.264852,365.522986,0.724995,0.338761,0.124710,0.340789,165.893982,0.153606,0.391461,5,1,3:0 3:1 3:2 4:0 4:1 4:2 5:0 5:1 5:2 6:0 6:1 6:2,0/3/0/0,1,3,
561,1393,65.781000,0,,0.791364,48.000000,31.000000,1.000000,5444.073355,1396.024251,355.865735,0.727475,0.329811,0.125299,0.342092,157.103180,0.145466,0.401769,5,1,3:1 3:2 4:0 4:1 4:2 5:0 5:1 5:2 6:0 6:1 6:2,0/4/0/0,1,3,
562,1395,65.875000,0,,0.792920,48.000000,31.000000,1.000000,5305.426944,1399.845777,347.636146,0.729466,0.322184,0.125485,0.342793,149.515137,0.138440,0.410545,5,1,3:1 3:2 4:0 4:1 4:2 5:0 5:1 5:2 6:0 6:1 6:2,0/5/0/0,1,3,
563,1397,65.969000,0,,0.765867,44.000000,30.000000,0.916667,5663.620323,1410.172569,343.420272,0.734848,0.318276,0.126033,0.343459,145.155441,0.134403,0.419945,5,1,4:0 4:1 4:2 5:0 5:1 5:2 6:0 6:1 6:2,0/6/0/0,1,3,
564,1399,66.062000,0,,0.792042,48.000000,31.000000,1.000000,5995.446119,1412.915253,339.283314,0.736277,0.314442,0.123131,0.341024,146.410553,0.135565,0.424873,5,1,4:0 4:1 4:2 5:0 5:1 5:2 6:0 6:1 6:2,0/6/0/0,1,3,
565,1401,66.156000,0,,0.792251,48.000000,31.000000,1.000000,5806.526888,1416.187851,333.091928,0.737982,0.308704,0.122484,0.340816,142.337692,0.131794,0.431809,5,1,4:0 4:1 4:2 5:0 5:1 5:2 6:0 6:1 6:2,0/6/0/0,1,3,
566,1403,66.250000,0,,0.793587,48.000000,31.000000,1.000000,5813.337633,1418.632805,328.411808,0.739256,0.304367,0.122909,0.341364,137.181870,0.127020,0.437072,5,1,4:0 4:1 4:2 5:0 5:1 5:2 6:0 6:1 6:2,0/6/0/0,1,3,
567,1405,66.359000,0,,0.794617,48.000000,31.000000,1.000000,5844.995369,1420.864217,321.223980,0.740419,0.297705,0.122861,0.341373,130.244766,0.120597,0.444352,5,1,4:0 4:1 4:2 5:0 5:1 5:2 6:0 6:1 6:2,0/6/0/0,1,3,
568,1407,66.453000,0,,0.800873,48.000000,31.000000,1.000000,5924.644120,1422.067980,314.283244,0.741046,0.291273,0.123163,0.341787,123.275696,0.114144,0.450933,5,1,4:0 4:1 4:2 5:0 5:1 5:2 6:0 6:1 6:2,0/6/7/0,1,3,
569,1409,66.547000,0,,0.805592,48.000000,31.000000,1.000000,5844.456139,1419.568179,308.500548,0.739744,0.285913,0.122903,0.341497,117.429573,0.108731,0.454555,5,1,4:0 4:1 4:2 5:0 5:1 5:2 6:0 6:1 6:2,0/6/8/0,1,3,
570,1411,66.641000,0,,0.807677,48.000000,31.000000,1.000000,5931.220295,1418.013474,304.252321,0.738934,0.281976,0.122274,0.340743,114.239189,0.105777,0.457435,5,1,4:0 4:1 4:2 5:0 5:1 5:2 6:0 6:1 6:2,0/6/8/0,1,3,
571,1413,66.734000,0,,0.810454,48.000000,31.000000,1.000000,5886.711664,1414.719859,298.755881,0.737217,0.276882,0.121377,0.339751,109.752243,0.101622,0.460551,5,1,4:0 4:1 4:2 5:0 5:1 5:2 6:0 6:1 6:2,0/6/8/0,1,3,
572,1415,66.828000,1,69,0.818828,48.000000,31.000000,1.000000,5627.920741,1415.074715,291.441400,0.737402,0.270103,0.122046,0.340363,101.338188,0.093832,0.467359,5,1,4:0 4:1 4:2 5:0 5:1 5:2 6:0 6:1 6:2,0/6/8/0,1,3,0.221698
573,1417,66.937000,1,70,0.828307,48.000000,31.000000,1.000000,5450.047379,1417.357910,282.424814,0.738592,0.261747,0.122620,0.341172,91.853859,0.085050,0.476845,5,1,4:0 4:1 4:2 5:0 5:1 5:2 6:0 6:1 6:2,0/6/8/0,1,3,0.234136
574,1419,67.031000,1,71,0.832460,48.000000,31.000000,1.000000,5631.901197,1417.555422,277.157914,0.738695,0.256866,0.122279,0.340913,86.874802,0.080440,0.481850,5,1,4:0 4:1 4:2 5:0 5:1 5:2 6:0 6:1 6:2,0/6/8/0,1,3,0.246401
575,1421,67.125000,1,72,0.835105,48.000000,31.000000,1.000000,5328.311561,1418.664632,270.446838,0.739273,0.250646,0.121009,0.340023,82.669189,0.076546,0.488731,5,1,4:0 4:1 4:2 5:0 5:1 5:2 6:0 6:1 6:2,0/6/8/0,1,3,0.232648
576,1423,67.219000,1,73,0.844687,48.000000,31.000000,1.000000,5690.607968,1423.437444,263.128618,0.741760,0.243863,0.122136,0.341429,73.950409,0.068473,0.498104,5,1,4:0 4:1 4:2 5:0 5:1 5:2 6:0 6:1 6:2,0/6/8/0,1,3,0.225000
577,1425,67.312000,1,74,0.844763,48.000000,31.000000,1.000000,5579.203159,1427.432696,259.623140,0.743842,0.240615,0.121048,0.341036,73.081711,0.067668,0.503467,5,1,4:0 4:1 4:2 5:0 5:1 5:2 6:0 6:1 6:2,0/6/8/0,2,3,0.237399
578,1427,67.406000,1,75,0.842618,48.000000,31.000000,1.000000,5905.829621,1428.989947,258.289415,0.744653,0.239379,0.119657,0.339655,73.944008,0.068467,0.505527,5,1,4:0 4:1 4:2 5:0 5:1 5:2 6:0 6:1 6:2,0/6/8/0,2,2,0.210576
579,1429,67.500000,1,76,0.847563,48.000000,31.000000,1.000000,5641.906145,1427.899434,254.424306,0.744085,0.235796,0.120048,0.339584,68.800430,0.063704,0.508687,5,1,4:0 4:1 4:2 5:0 5:1 5:2 6:0 6:1 6:2,0/6/8/0,2,3,0.225057
580,1431,67.594000,1,77,0.841762,46.000000,30.000000,0.958333,5276.090602,1436.056606,254.182615,0.748336,0.235572,0.120648,0.339734,59.261055,0.054871,0.513016,5,1,4:0 4:1 4:2 5:0 5:1 5:2 6:0 6:1 6:2,0/6/9/0,2,3,0.223767
581,1433,67.687000,0,,0.723518,40.000000,27.000000,0.833333,4822.460142,1424.576016,275.481948,0.742353,0.255312,0.100723,0.324882,117.556175,0.108848,0.487047,5,1,4:0 4:1 5:0 5:1 5:2 6:0 6:1 6:2,0/5/6/0,1,2,
582,1435,67.797000,0,,0.737956,40.000000,27.000000,0.833333,4703.661929,1423.412369,262.952210,0.741747,0.243700,0.101714,0.325309,102.674660,0.095069,0.498260,5,1,4:0 4:1 5:0 5:1 6:0 6:1 6:2,0/5/8/0,1,2,
583,1437,67.891000,0,,0.744162,40.000000,27.000000,0.833333,4715.517485,1418.736420,252.832319,0.739310,0.234321,0.100399,0.323669,93.884186,0.086930,0.505677,5,1,4:0 4:1 5:0 5:1 6:0 6:1,0/5/8/0,2,2,
584,1439,67.984000,0,,0.754650,40.000000,27.000000,0.833333,4918.294515,1418.024225,243.092808,0.738939,0.225295,0.100629,0.322846,82.464149,0.076356,0.514888,5,1,4:0 4:1 5:0 5:1 6:0 6:1,0/5/8/0,2,2,
585,1441,68.078000,0,,0.767878,40.000000,27.000000,0.833333,4718.221754,1419.965903,235.939175,0.739951,0.218665,0.102801,0.323328,70.502480,0.065280,0.522926,5,1,4:0 4:1 5:0 5:1 6:0 6:1,0/5/8/0,2,2,
586,1443,68.172000,1,78,0.765342,39.000000,26.000000,0.812500,4425.977849,1421.751027,235.463594,0.740881,0.218224,0.103155,0.322130,65.187584,0.060359,0.524255,5,1,4:0 4:1 5:0 5:1 6:0 6:1,0/5/7/0,2,2,0.200656
587,1445,68.266000,0,,0.739575,37.000000,25.000000,0.770833,4323.883077,1424.567215,244.273404,0.742349,0.226389,0.099792,0.315632,72.649292,0.067268,0.516906,5,1,4:0 4:1 5:0 5:1 6:0 6:1,0/5/6/0,2,2,
588,1447,68.359000,0,,0.739607,37.000000,25.000000,0.770833,4031.722990,1422.068643,244.180905,0.741047,0.226303,0.099572,0.312729,72.021835,0.066687,0.515778,5,1,4:0 4:1 5:0 5:1 6:0 6:1,0/4/7/0,2,2,
589,1449,68.453000,0,,0.743890,37.000000,25.000000,0.770833,3756.188831,1416.458526,240.708192,0.738123,0.223085,0.099766,0.311712,66.934631,0.061977,0.516498,5,1,4:0 4:1 5:0 5:1 6:0 6:1,0/0/7/0,2,2,
590,1451,68.547000,0,,0.709818,35.000000,24.000000,0.729167,3728.689061,1408.143000,244.326531,0.733790,0.226438,0.094319,0.306648,81.640350,0.075593,0.508909,5,1,3:1 4:0 4:1 5:0 5:1 6:0 6:1,0/0/6/0,2,2,
591,1453,68.641000,0,,0.717215,35.000000,24.000000,0.729167,3789.995137,1404.245619,239.011217,0.731759,0.221512,0.095615,0.308463,74.888611,0.069341,0.512383,5,1,3:1 4:0 4:1 5:0 5:1 6:0 6:1,0/0/7/0,2,2,
592,1455,68.734000,0,,0.728554,35.000000,24.000000,0.729167,3637.221042,1407.109096,233.636218,0.733251,0.216530,0.098867,0.313872,66.927490,0.061970,0.519155,5,1,3:1 4:0 4:1 5:0 5:1 6:0 6:1,0/0/7/0,2,2,
593,1457,68.844000,0,,0.694380,33.000000,23.000000,0.687500,3701.213052,1398.710298,240.205145,0.728875,0.222618,0.094485,0.312934,82.959785,0.076815,0.508575,5,1,3:1 4:0 4:1 5:0 5:1 6:0 6:1,0/1/6/0,2,2,
594,1459,68.937000,0,,0.700753,33.000000,23.000000,0.687500,3736.272509,1400.862734,238.508474,0.729996,0.221046,0.095817,0.315026,77.449799,0.071713,0.511300,5,1,3:1 4:0 4:1 5:0 5:1 6:0 6:1,0/2/6/0,2,2,
595,1461,69.031000,0,,0.704651,33.000000,23.000000,0.687500,3769.079685,1404.605839,237.821969,0.731947,0.220410,0.096160,0.315436,73.445999,0.068006,0.513751,5,1,3:1 4:0 4:1 5:0 5:1 6:0 6:1,0/3/6/0,2,2,
596,1463,69.125000,0,,0.706700,33.000000,23.000000,0.687500,3890.098667,1406.008456,237.191648,0.732678,0.219825,0.096406,0.316116,71.451897,0.066159,0.515047,5,1,3:1 4:0 4:1 5:0 5:1 6:0 6:1,0/4/6/0,2,2,
597,1465,69.219000,0,,0.633014,28.000000,21.000000,0.583333,4086.704376,1394.132978,253.948266,0.726489,0.235355,0.086505,0.308055,98.840622,0.091519,0.492614,5,1,3:1 4:0 4:1 5:0 5:1 6:0 6:1,0/3/3/0,1,2,
598,1467,69.312000,0,,0.630426,28.000000,21.000000,0.583333,4159.780935,1394.074415,254.937342,0.726459,0.236272,0.085957,0.307659,101.084480,0.093597,0.491602,5,1,3:1 4:0 4:1 5:0 5:1 6:0 6:1,0/3/3/0,1,2,
599,1469,69.406000,0,,0.660101,32.000000,22.000000,0.666667,4279.448593,1394.509979,241.654629,0.726686,0.223962,0.085186,0.307984,101.772423,0.094234,0.505141,5,1,3:1 4:0 4:1 5:0 5:1 6:0 6:1,0/3/6/0,2,2,
600,1471,69.516000,0,,0.662455,32.000000,22.000000,0.666667,4320.645662,1394.783520,239.595241,0.726828,0.222053,0.085719,0.309553,100.039948,0.092630,0.507357,5,1,3:1 4:0 4:1 5:0 5:1 6:0 6:1,0/3/6/0,2,2,
601,1473,69.609000,0,,0.665581,32.000000,22.000000,0.666667,4302.450935,1397.103867,237.393986,0.728037,0.220013,0.086313,0.310793,97.625023,0.090394,0.510674,5,1,3:1 4:0 4:1 5:0 5:1 6:0 6:1,0/4/6/0,2,2,
602,1475,69.703000,0,,0.672552,32.000000,22.000000,0.666667,4121.683350,1402.623543,233.918670,0.730914,0.216792,0.088117,0.313402,92.782722,0.085910,0.516774,5,1,3:1 4:0 4:1 5:0 5:1 6:0 6:1,0/4/7/0,2,2,
603,1477,69.797000,0,,0.679566,32.000000,22.000000,0.666667,4321.713277,1406.026184,231.827105,0.732687,0.214854,0.090229,0.316018,87.932083,0.081419,0.520484,5,1,3:1 4:0 4:1 5:0 5:1 6:0 6:1,0/4/7/0,2,2,
604,1479,69.891000,0,,0.685090,32.000000,22.000000,0.666667,4295.541830,1404.691677,228.035560,0.731991,0.211340,0.091125,0.317018,82.896339,0.076756,0.523727,5,1,3:1 4:0 4:1 5:0 5:1 6:0 6:1,0/4/8/0,2,2,
605,1481,69.984000,0,,0.670284,28.000000,21.000000,0.583333,3969.761400,1407.136357,235.272186,0.733265,0.218047,0.095988,0.321935,71.180435,0.065908,0.517514,5,1,3:1 4:0 4:1 5:0 5:1 6:0 6:1,0/4/6/0,2,2,
606,1483,70.094000,0,,0.683259,30.000000,21.000000,0.625000,4083.870501,1430.310010,229.792305,0.745341,0.212968,0.096043,0.324124,76.561905,0.070891,0.534003,5,1,3:1 4:0 4:1 5:0 5:1 6:0 6:1,0/4/6/0,2,2,
607,1485,70.187000,0,,0.678203,30.000000,21.000000,0.625000,4038.443845,1426.325191,230.170756,0.743265,0.213319,0.093832,0.321539,78.985626,0.073135,0.531722,5,1,3:1 4:0 4:1 5:0 5:1 6:0 6:1,0/4/6/0,2,2,
608,1487,70.281000,0,,0.645312,26.000000,20.000000,0.541667,4072.604419,1426.714111,245.741033,0.743467,0.227749,0.093500,0.320763,80.305305,0.074357,0.516521,5,1,3:1 4:0 4:1 5:0 5:1 6:0 6:1,0/4/4/0,2,2,
609,1489,70.391000,0,,0.682092,30.000000,21.000000,0.625000,4041.130313,1427.216418,230.302792,0.743729,0.213441,0.095557,0.323175,76.879021,0.071184,0.532015,5,1,3:1 4:0 4:1 5:0 5:1 6:0 6:1,0/4/6/0,2,2,
610,1491,70.484000,0,,0.679530,30.000000,21.000000,0.625000,4052.155977,1425.662797,231.650864,0.742920,0.214690,0.094992,0.322589,78.851151,0.073010,0.529927,5,1,3:1 4:0 4:1 5:0 5:1 6:0 6:1,0/4/6/0,2,2,
611,1493,70.594000,0,,0.679540,30.000000,21.000000,0.625000,3971.464665,1426.136031,233.501724,0.743166,0.216406,0.095620,0.322437,79.569511,0.073675,0.528310,5,1,3:1 4:0 4:1 5:0 5:1 6:0 6:1,0/4/5/0,2,2,
612,1495,70.687000,0,,0.647438,26.000000,20.000000,0.541667,4058.434539,1425.873911,249.332030,0.743030,0.231077,0.095838,0.323453,80.684387,0.074708,0.512607,5,1,3:1 4:0 4:1 5:0 5:1 6:0 6:1,0/4/3/0,2,2,
613,1497,70.781000,0,,0.679080,30.000000,21.000000,0.625000,4049.800065,1423.594120,234.845293,0.741842,0.217651,0.096089,0.323419,80.449348,0.074490,0.525754,5,1,3:1 4:0 4:1 5:0 5:1 6:0 6:1,0/4/5/0,2,2,
614,1499,70.875000,0,,0.681669,30.000000,21.000000,0.625000,4073.286892,1425.343302,234.565766,0.742753,0.217392,0.097175,0.324843,79.121567,0.073261,0.526871,5,1,3:1 4:0 4:1 5:0 5:1 6:0 6:1,0/4/5/0,2,2,
615,1501,70.984000,0,,0.652893,26.000000,20.000000,0.541667,4033.744251,1425.523029,249.246844,0.742847,0.230998,0.098174,0.325763,77.489677,0.071750,0.512517,5,1,3:1 4:0 4:1 5:0 5:1 6:0 6:1,0/4/3/0,2,2,
616,1503,71.078000,0,,0.683181,30.000000,21.000000,0.625000,3912.039765,1419.496960,234.842185,0.739707,0.217648,0.098119,0.326054,78.138115,0.072350,0.523797,5,1,3:1 4:0 4:1 5:0 5:1 6:0 6:1,0/3/5/0,2,2,
617,1505,71.172000,0,,0.680810,30.000000,21.000000,0.625000,4003.661394,1412.423999,235.327385,0.736021,0.218098,0.097456,0.325612,79.358093,0.073480,0.519951,5,1,3:1 4:0 4:1 5:0 5:1 6:0 6:1,0/3/5/0,2,2,
618,1507,71.281000,0,,0.678848,30.000000,21.000000,0.625000,4128.278359,1406.336112,235.414686,0.732848,0.218179,0.096870,0.325464,80.350060,0.074398,0.516995,5,1,3:0 3:1 4:0 4:1 5:0 5:1 6:0 6:1,0/3/5/0,2,2,
619,1509,71.375000,0,,0.681371,30.000000,21.000000,0.625000,4213.957317,1402.774642,233.035402,0.730993,0.215973,0.097262,0.326456,77.877632,0.072109,0.517742,5,1,3:0 3:1 4:0 4:1 5:0 5:1 6:0 6:1,0/2/6/0,2,2,
620,1511,71.469000,0,,0.614914,25.000000,19.000000,0.520833,4245.345287,1405.655288,249.312147,0.732494,0.231059,0.088515,0.321278,99.269249,0.091916,0.502758,5,1,3:0 3:1 4:0 4:1 5:0 5:1 6:0 6:1,0/2/3/0,2,2,
621,1513,71.578000,0,,0.653904,28.000000,20.000000,0.583333,4224.241789,1405.738809,233.105457,0.732537,0.216038,0.091275,0.322912,84.854225,0.078569,0.519052,5,1,3:0 3:1 4:0 4:1 5:0 5:1 6:0 6:1,0/2/4/0,2,2,
622,1515,71.672000,0,,0.626390,25.000000,19.000000,0.520833,4052.256946,1405.006367,236.839979,0.732155,0.219500,0.088244,0.321056,86.310219,0.079917,0.514930,5,1,3:0 3:1 4:0 4:1 5:0 5:1 6:0 6:1,0/2/3/0,2,2,
623,1517,71.766000,0,,0.627144,26.000000,19.000000,0.541667,4108.387556,1397.776921,231.516167,0.728388,0.214565,0.085116,0.318725,89.969658,0.083305,0.516980,5,1,3:0 3:1 4:0 4:1 5:0 5:1 6:0 6:1,0/2/3/0,2,2,
624,1519,71.859000,0,,0.629577,26.000000,19.000000,0.541667,4007.778139,1395.544175,228.065067,0.727225,0.211367,0.084594,0.317859,86.436386,0.080034,0.519500,5,1,3:0 3:1 4:0 4:1 5:0 5:1 6:0 6:1,0/2/3/0,2,2,
625,1521,71.969000,0,,0.635715,26.000000,19.000000,0.541667,4027.627183,1390.333482,222.707433,0.724509,0.206402,0.084929,0.318400,79.661530,0.073761,0.522694,5,1,3:0 3:1 4:0 4:1 5:0 5:1 6:0 6:1,0/2/4/0,2,2,
626,1523,72.062000,0,,0.570895,24.000000,18.000000,0.500000,3933.807388,1363.194722,227.968137,0.710367,0.211277,0.069576,0.305041,115.784309,0.107208,0.505203,4,1,3:0 3:1 4:0 4:1 5:0 5:1 6:0 6:1,0/0/2/0,2,2,
627,1525,72.156000,0,,0.577649,24.000000,18.000000,0.500000,3651.232688,1359.872437,218.994010,0.708636,0.202960,0.068983,0.304433,107.626892,0.099655,0.513345,4,1,3:0 3:1 4:0 4:1 5:0 5:1 6:0 6:1,0/0/4/0,2,2,
628,1527,72.266000,0,,0.583218,24.000000,18.000000,0.500000,3789.855775,1356.103505,209.721877,0.706672,0.194367,0.067692,0.302926,99.897049,0.092497,0.521776,4,0,3:0 3:1 4:0 4:1 5:0 5:1 6:0 6:1,0/0/5/0,2,2,
629,1529,72.359000,0,,0.588110,24.000000,18.000000,0.500000,3845.871510,1356.733124,204.368325,0.707000,0.189405,0.067668,0.303023,94.700607,0.087686,0.527860,4,0,3:0 3:1 4:0 4:1 5:0 5:1 6:0 6:1,0/0/6/0,2,2,
630,1531,72.469000,0,,0.576641,22.000000,17.000000,0.458333,3602.570473,1353.961798,209.320561,0.705556,0.193995,0.068303,0.303202,90.451614,0.083751,0.521330,4,0,3:0 3:1 4:0 4:1 5:0 5:1 6:0 6:1,0/0/4/0,2,2,
631,1533,72.562000,0,,0.590092,24.000000,18.000000,0.500000,3215.640847,1341.993566,199.811948,0.699319,0.185183,0.066709,0.300722,90.355209,0.083662,0.526950,4,0,3:0 3:1 4:0 4:1 5:0 5:1 6:0 6:1,0/0/6/0,2,2,
632,1535,72.656000,0,,0.591570,24.000000,18.000000,0.500000,3373.597922,1332.754087,200.904359,0.694504,0.186195,0.067656,0.300249,89.079254,0.082481,0.522122,4,0,3:0 3:1 4:0 4:1 5:0 5:1,0/0/6/0,2,2,
633,1537,72.750000,0,,0.570422,22.000000,17.000000,0.458333,3127.032006,1322.568670,210.165292,0.689197,0.194778,0.066538,0.300680,92.949326,0.086064,0.507850,4,0,3:0 3:1 4:0 4:1 5:0 5:1,0/0/4/0,2,2,
634,1539,72.844000,0,,0.577895,24.000000,18.000000,0.500000,3263.513221,1309.462453,204.619013,0.682367,0.189638,0.064374,0.299127,98.798508,0.091480,0.509083,4,0,3:0 3:1 4:0 4:1 5:0 5:1,0/0/6/0,2,2,
635,1541,72.937000,0,,0.563519,24.000000,18.000000,0.500000,3515.183592,1298.949498,211.790669,0.676889,0.196284,0.061656,0.297092,110.564064,0.102374,0.497057,4,0,3:0 3:1 4:0 4:1 5:0 5:1,0/0/5/0,1,2,
636,1543,73.047000,0,,0.551200,24.000000,18.000000,0.500000,3723.351624,1293.013631,220.046992,0.673796,0.203936,0.059942,0.295203,121.428093,0.112433,0.485507,4,1,3:0 3:1 4:0 4:1 5:0 5:1,0/0/2/0,1,1,
637,1545,73.141000,0,,0.628240,26.000000,19.000000,0.541667,3809.190934,1307.988802,212.998200,0.681599,0.197403,0.076636,0.304514,70.941437,0.065687,0.499085,4,0,3:0 3:1 4:0 4:1 5:0 5:1,0/0/3/0,1,2,
638,1547,73.250000,0,,0.621674,26.000000,19.000000,0.541667,3880.242960,1302.096680,218.072764,0.678529,0.202106,0.075871,0.303614,76.631531,0.070955,0.491148,4,1,3:0 3:1 4:0 4:1 5:0 5:1,0/0/2/0,1,2,
639,1549,73.344000,0,,0.640799,28.000000,20.000000,0.583333,3943.473170,1300.518162,213.014359,0.677706,0.197418,0.077646,0.304339,74.696198,0.069163,0.496256,4,0,3:0 3:1 4:0 4:1 5:0 5:1,0/0/4/0,1,2,
640,1551,73.437000,0,,0.627065,26.000000,20.000000,0.541667,4247.070041,1287.132831,222.078711,0.670731,0.205819,0.079299,0.305423,73.388962,0.067953,0.481023,4,1,3:0 3:1 4:0 4:1 5:0 5:1,0/0/4/0,1,2,
641,1553,73.531000,0,,0.680016,32.000000,22.000000,0.666667,4261.384799,1260.458220,202.324801,0.656831,0.187511,0.082052,0.308825,68.664291,0.063578,0.494459,4,0,3:0 3:1 4:0 4:1 5:0 5:1,0/0/8/0,1,2,
642,1555,73.641000,0,,0.680812,32.000000,22.000000,0.666667,4256.710503,1251.705168,203.570243,0.652269,0.188666,0.083154,0.310919,68.627014,0.063544,0.490133,4,0,3:0 3:1 4:0 4:1 5:0 5:1,0/0/8/0,1,2,
643,1557,73.750000,0,,0.673723,32.000000,22.000000,0.666667,4641.433939,1244.158667,206.839339,0.648337,0.191695,0.082018,0.311215,74.700775,0.069167,0.483850,4,0,3:0 3:1 4:0 4:1 5:0 5:1,0/0/8/0,1,2,
644,1559,73.844000,0,,0.672955,32.000000,22.000000,0.666667,4756.367469,1238.344990,207.929460,0.645307,0.192706,0.082254,0.311754,75.479614,0.069889,0.480716,4,0,3:0 3:1 4:0 4:1 5:0 5:1,0/0/8/0,1,2,
645,1561,73.953000,0,,0.669050,32.000000,22.000000,0.666667,4695.830066,1229.803656,206.408422,0.640857,0.191296,0.080597,0.311916,77.615891,0.071867,0.479872,4,0,3:0 3:1 4:0 4:1 5:0 5:1,0/0/8/0,1,2,
646,1563,74.062000,0,,0.676142,32.000000,22.000000,0.666667,4839.362015,1226.441683,201.403723,0.639105,0.186658,0.081763,0.313946,71.332771,0.066049,0.484837,4,0,3:0 3:1 4:0 4:1 5:0 5:1,0/0/8/0,1,2,
647,1565,74.172000,0,,0.651566,28.000000,21.000000,0.583333,4753.844253,1224.516316,204.855488,0.638101,0.189857,0.081956,0.316236,64.788597,0.059989,0.480127,4,0,3:0 3:1 4:0 4:1 5:0 5:1,0/0/6/0,1,2,
648,1567,74.281000,0,,0.683936,32.000000,22.000000,0.666667,4316.129133,1216.553755,187.178759,0.633952,0.173474,0.080112,0.315473,61.258495,0.056721,0.499124,4,0,3:0 3:1 4:0 4:1 5:0 5:1,0/0/8/0,1,2,
649,1569,74.391000,0,,0.661557,30.000000,21.000000,0.625000,4092.483971,1196.471983,189.697713,0.623487,0.175809,0.075781,0.312055,62.488453,0.057860,0.490610,4,0,3:0 3:1 4:0 4:1 5:0 5:1,0/0/6/0,1,2,
650,1571,74.500000,0,,0.638886,28.000000,21.000000,0.583333,4230.226385,1184.788162,188.415536,0.617399,0.174621,0.070861,0.307126,64.497101,0.059720,0.489192,4,0,3:0 3:1 4:0 4:1 5:0 5:1,0/0/6/0,1,2,
651,1573,74.625000,0,,0.618485,26.000000,20.000000,0.541667,4431.523240,1194.081491,195.873554,0.622242,0.181532,0.068452,0.303523,66.707481,0.061766,0.482420,4,0,3:0 3:1 4:0 4:1 5:0 5:1,0/0/5/0,1,2,
652,1575,74.734000,0,,0.662566,32.000000,22.000000,0.666667,4623.772380,1158.323530,179.031891,0.603608,0.165924,0.067589,0.301041,67.219124,0.062240,0.494654,4,0,3:0 3:1 4:0 4:1 5:0 5:1,0/0/8/0,1,2,
653,1577,74.844000,0,,0.667636,32.000000,22.000000,0.666667,4554.994777,1147.751911,171.845154,0.598099,0.159263,0.066955,0.300002,60.911152,0.056399,0.501448,4,0,3:0 3:1 4:0 4:1 5:0 5:1,0/0/8/0,2,2,
654,1579,74.953000,0,,0.513854,22.000000,17.000000,0.458333,4047.757213,1156.654638,203.572288,0.602738,0.188668,0.045055,0.290635,121.872597,0.112845,0.463644,4,0,3:0 3:1 4:0 4:1 5:0 5:1,0/0/6/0,1,1,
655,1581,75.062000,0,,0.537048,24.000000,18.000000,0.500000,4262.288695,1131.914777,188.688217,0.589846,0.174873,0.045227,0.291025,113.601265,0.105186,0.477032,4,0,3:0 3:1 4:0 4:1 5:0 5:1,0/0/8/0,1,1,
656,1583,75.172000,0,,0.541708,24.000000,18.000000,0.500000,4509.803519,1122.840233,182.952659,0.585117,0.169558,0.044928,0.290484,108.141060,0.100131,0.482570,4,0,2:0 2:1 3:0 3:1 4:0 4:1 5:0 5:1,0/0/8/0,1,1,
657,1585,75.281000,0,,0.546412,24.000000,18.000000,0.500000,4366.864794,1121.345614,178.172607,0.584339,0.165128,0.045043,0.290133,103.362816,0.095706,0.488370,4,0,2:0 2:1 3:0 3:1 4:0 4:1 5:0 5:1,0/0/8/0,1,1,
658,1587,75.406000,0,,0.549996,24.000000,18.000000,0.500000,4083.828672,1116.953763,172.215697,0.582050,0.159607,0.044259,0.289639,98.735313,0.091422,0.495176,4,0,2:0 2:1 3:0 3:1 4:0 4:1 5:0 5:1,0/0/8/0,1,1,
659,1589,75.500000,0,,0.559201,24.000000,18.000000,0.500000,4103.155161,1110.578036,163.056673,0.578727,0.151118,0.044325,0.289553,88.979980,0.082389,0.505799,4,0,2:0 2:1 3:0 3:1 4:0 4:1 5:0 5:1,0/0/8/0,2,1,
660,1591,75.609000,0,,0.567067,24.000000,18.000000,0.500000,4069.027903,1111.992180,155.075887,0.579464,0.143722,0.044462,0.290215,81.042870,0.075040,0.516234,4,0,2:0 2:1 3:0 3:1 4:0 4:1 5:0 5:1,0/0/8/0,2,1,
661,1593,75.719000,0,,0.572689,24.000000,18.000000,0.500000,4059.727948,1112.825399,147.588778,0.579899,0.136783,0.043975,0.290203,74.834251,0.069291,0.525948,4,0,2:0 2:1 3:0 3:1 4:0 4:1 5:0 5:1,0/0/8/0,2,1,
662,1595,75.812000,0,,0.578780,24.000000,18.000000,0.500000,4181.756610,1111.368080,142.086885,0.579139,0.131684,0.044170,0.289993,68.590340,0.063510,0.532766,4,0,2:0 3:0 4:0 5:0,0/0/8/0,2,1,
663,1597,75.906000,0,,0.581965,24.000000,18.000000,0.500000,3940.049589,1110.464536,137.825619,0.578668,0.127735,0.043797,0.289439,64.875122,0.060070,0.538090,4,0,2:0 3:0 4:0 5:0,0/0/8/0,2,1,
664,1599,76.016000,0,,0.540429,18.000000,16.000000,0.375000,3822.655116,1164.790900,148.299747,0.606978,0.137442,0.043350,0.289321,60.581543,0.056094,0.534589,4,0,2:0 3:0 4:0 5:0,0/0/4/0,2,1,
665,1601,76.125000,0,,0.444496,16.000000,13.000000,0.333333,3911.074880,1107.823097,163.414279,0.577292,0.151450,0.022540,0.284512,125.563293,0.116262,0.504899,4,0,2:0 3:0 4:0 5:0,0/0/8/0,2,0,
666,1603,76.219000,0,,0.448222,16.000000,13.000000,0.333333,3785.375483,1108.939034,158.431771,0.577873,0.146832,0.022212,0.285496,121.463562,0.112466,0.511453,4,0,2:0 3:0 4:0 5:0,0/0/8/0,2,0,
667,1605,76.328000,0,,0.437657,14.000000,12.000000,0.291667,3685.807302,1146.540410,158.588735,0.597468,0.146978,0.022008,0.286529,117.173874,0.108494,0.517928,4,0,2:0 3:0 4:0 5:0,0/0/6/0,2,0,
668,1607,76.422000,0,,0.454179,16.000000,13.000000,0.333333,3731.743070,1108.681808,151.379208,0.577739,0.140296,0.021897,0.286914,114.965179,0.106449,0.520443,4,0,2:0 3:0 4:0 5:0,0/0/8/0,2,0,
669,1609,76.531000,0,,0.451560,16.000000,13.000000,0.333333,3734.406667,1108.272526,152.868140,0.577526,0.141676,0.021502,0.286352,117.317749,0.108628,0.518472,4,0,2:0 3:0 4:0 5:0,0/0/8/0,2,0,
670,1611,76.625000,0,,0.565916,21.000000,16.000000,0.437500,3975.441559,1137.383664,131.988266,0.592696,0.122325,0.041056,0.290453,55.065937,0.050987,0.549966,4,0,2:0 3:0 4:0 5:0,0/0/13/0,2,1,
671,1613,76.734000,1,79,0.571426,22.000000,17.000000,0.458333,3925.911723,1123.255091,129.987911,0.585334,0.120471,0.040723,0.290120,56.854473,0.052643,0.550135,4,0,2:0 3:0 4:0 5:0,0/0/14/0,2,1,0.168548
672,1615,76.828000,0,,0.566040,21.000000,16.000000,0.437500,3821.343123,1140.438134,130.827929,0.594288,0.121249,0.040716,0.290882,54.731251,0.050677,0.551982,4,0,2:0 3:0 4:0 5:0,0/0/13/0,2,1,
673,1617,76.922000,0,,0.534440,17.000000,14.000000,0.354167,3747.735959,1128.048110,144.837607,0.587831,0.134233,0.040085,0.291276,52.945362,0.049023,0.531977,4,0,2:0 3:0 4:0 5:0,0/0/9/0,2,1,
674,1619,77.016000,0,,0.458666,16.000000,13.000000,0.333333,3625.574923,1111.335220,145.897361,0.579122,0.135215,0.021536,0.287579,109.994095,0.101846,0.527879,4,0,2:0 3:0 4:0 5:0,0/0/8/0,2,0,
675,1621,77.125000,0,,0.446494,14.000000,12.000000,0.291667,3623.136977,1148.758527,146.682420,0.598624,0.135943,0.021112,0.288270,107.236961,0.099293,0.533412,4,0,2:0 3:0 4:0 5:0,0/0/6/0,2,0,
676,1623,77.219000,0,,0.462807,16.000000,13.000000,0.333333,3574.813632,1107.462395,139.415727,0.577104,0.129208,0.020888,0.288246,105.046104,0.097265,0.535596,4,0,2:0 3:0 4:0 5:0,0/0/8/0,2,0,
677,1625,77.312000,0,,0.463965,16.000000,13.000000,0.333333,3626.998860,1105.835464,138.522660,0.576256,0.128381,0.020908,0.287924,103.756134,0.096070,0.536500,4,0,2:0 3:0 4:0 5:0,0/0/8/0,2,0,
678,1627,77.406000,0,,0.460575,16.000000,13.000000,0.333333,3442.670882,1102.508797,140.343300,0.574523,0.130068,0.020365,0.286947,106.694450,0.098791,0.533673,4,0,2:0 3:0 4:0 5:0,0/0/8/0,2,0,
679,1629,77.516000,0,,0.446237,14.000000,12.000000,0.291667,3614.492208,1135.679435,143.356418,0.591808,0.132860,0.019899,0.286347,105.897804,0.098054,0.535201,4,0,2:0 3:0 4:0 5:0,0/0/6/0,2,0,
680,1631,77.609000,0,,0.467668,16.000000,13.000000,0.333333,3416.744615,1100.116230,133.867598,0.573276,0.124066,0.020671,0.287684,99.565155,0.092190,0.541656,4,0,2:0 3:0 4:0 5:0,0/0/8/0,2,0,
681,1633,77.703000,0,,0.471511,16.000000,13.000000,0.333333,3315.858125,1105.653881,127.557797,0.576161,0.118219,0.019800,0.288919,94.863403,0.087836,0.550559,4,0,2:0 3:0 4:0 5:0,0/0/8/0,2,0,
682,1635,77.797000,0,,0.477795,16.000000,13.000000,0.333333,3413.464766,1108.447914,123.756376,0.577617,0.114695,0.020806,0.290089,89.423630,0.082800,0.555849,4,0,2:0 3:0 4:0 5:0,0/0/8/0,2,0,
683,1637,77.891000,0,,0.479719,16.000000,13.000000,0.333333,3383.632290,1109.524689,124.571477,0.578179,0.115451,0.021803,0.290017,88.418488,0.081869,0.554959,4,0,2:0 3:0 4:0 5:0,0/0/8/0,2,0,
684,1639,78.000000,0,,0.455644,14.000000,12.000000,0.291667,3449.505370,1148.861489,135.098204,0.598677,0.125207,0.020541,0.288513,97.284309,0.090078,0.548101,4,0,2:0 3:0 4:0 5:0,0/0/6/0,2,0,
685,1641,78.094000,0,,0.468586,16.000000,13.000000,0.333333,3594.829122,1110.667278,133.954882,0.578774,0.124147,0.020937,0.287939,99.095383,0.091755,0.543085,4,0,2:0 3:0 4:0 5:0,0/0/8/0,2,0,
686,1643,78.187000,0,,0.470100,16.000000,13.000000,0.333333,3600.358822,1110.899975,133.609814,0.578895,0.123827,0.021421,0.288608,98.032021,0.090770,0.543563,4,0,2:0 3:0 4:0 5:0,0/0/8/0,2,0,
687,1645,78.297000,0,,0.535864,17.000000,14.000000,0.354167,3584.885103,1129.108474,130.830785,0.588384,0.121252,0.037059,0.292503,49.565735,0.045894,0.550022,4,0,2:0 3:0 4:0 5:0,0/0/9/0,2,1,
688,1647,78.391000,0,,0.539222,17.000000,14.000000,0.354167,3677.934744,1179.578534,126.748938,0.614684,0.117469,0.037640,0.292825,49.048004,0.045415,0.564770,4,0,2:0 3:0 4:0 5:0,0/0/9/0,2,1,
689,1649,78.484000,0,,0.521074,15.000000,13.000000,0.312500,3513.720592,1168.931344,134.893952,0.609136,0.125018,0.036949,0.293153,50.094158,0.046383,0.552309,4,0,2:0 3:0 4:0 5:0,0/0/7/0,2,1,
690,1651,78.578000,0,,0.473021,16.000000,13.000000,0.333333,3278.189896,1119.510689,131.987880,0.583382,0.122324,0.021944,0.290385,95.782013,0.088687,0.546976,4,0,2:0 3:0 4:0 5:0,0/0/8/0,2,0,
691,1653,78.687000,0,,0.480256,16.000000,13.000000,0.333333,3208.041292,1127.981819,127.144709,0.587797,0.117836,0.022915,0.290935,89.494568,0.082865,0.554541,4,0,2:0 3:0 4:0 5:0,0/0/8/0,2,0,
692,1655,78.781000,0,,0.484127,16.000000,13.000000,0.333333,3348.957419,1135.951580,125.417252,0.591950,0.116235,0.023700,0.290738,86.474304,0.080069,0.558087,4,0,2:0 3:0 4:0 5:0,0/0/8/0,2,0,
693,1657,78.891000,0,,0.486945,16.000000,13.000000,0.333333,3398.838900,1140.249847,123.929396,0.594190,0.114856,0.024172,0.290231,84.122665,0.077891,0.560728,4,0,3:0 4:0 5:0,0/0/8/0,2,0,
694,1659,78.984000,0,,0.489900,16.000000,13.000000,0.333333,3320.607994,1143.159233,121.081842,0.595706,0.112217,0.024225,0.290541,81.184402,0.075171,0.564864,4,0,3:0 4:0 5:0,0/0/8/0,2,0,
695,1661,79.078000,0,,0.473914,14.000000,12.000000,0.291667,3298.342175,1182.793832,122.934360,0.616359,0.113934,0.023103,0.291320,82.176872,0.076090,0.570240,4,0,3:0 4:0 5:0,0/0/6/0,2,0,
696,1663,79.172000,0,,0.499861,16.000000,13.000000,0.333333,3289.309839,1143.287651,115.096089,0.595773,0.106669,0.025992,0.293119,72.705612,0.067320,0.572506,4,0,3:0 4:0 5:0,0/0/8/0,2,1,
697,1665,79.266000,0,,0.497517,16.000000,13.000000,0.333333,3273.727773,1142.167892,116.697238,0.595189,0.108153,0.025718,0.293696,74.853355,0.069309,0.570272,4,0,3:0 4:0 5:0,0/0/8/0,2,1,
698,1667,79.375000,0,,0.494314,16.000000,13.000000,0.333333,3299.437415,1141.930447,119.838927,0.595065,0.111065,0.025592,0.293154,78.006599,0.072228,0.566230,4,0,3:0 4:0 5:0,0/0/8/0,2,1,
699,1669,79.469000,0,,0.489430,16.000000,13.000000,0.333333,3371.177355,1140.878822,123.988183,0.594517,0.114910,0.025267,0.292569,82.731735,0.076603,0.560763,4,0,3:0 4:0 5:0,0/0/8/0,2,1,
