candidate_rank,frame_index,capture_time_s,used_for_calibration,selected_rank,score,num_charuco,num_aruco,corner_fraction,sharpness,centroid_u,centroid_v,centroid_u_norm,centroid_v_norm,bbox_area_norm,bbox_diag_norm,edge_margin_px,edge_margin_norm,radius_norm,corner_radius_norm_max,grid_col,grid_row,corner_grid_cells,edge_corners_lrtb,radius_bin,size_bin,selected_reprojection_mean_px
0,374,0.031000,0,,0.782001,48.000000,31.000000,1.000000,5376.801451,937.709670,470.974744,0.488645,0.436492,0.116240,0.328060,270.626068,0.250580,0.091238,0.416998,3,2,2:1 2:2 2:3 3:1 3:2 3:3 4:1 4:2 4:3,0/0/0/0,1,2,
1,376,0.156000,0,,0.781953,48.000000,31.000000,1.000000,5262.582684,940.159016,471.608725,0.489921,0.437079,0.116380,0.328131,270.916687,0.250849,0.090117,0.415475,3,2,2:1 2:2 2:3 3:1 3:2 3:3 4:1 4:2 4:3,0/0/0/0,1,2,
2,378,0.265000,0,,0.781335,48.000000,31.000000,1.000000,5253.629577,939.523514,472.143361,0.489590,0.437575,0.116047,0.327887,272.190979,0.252029,0.089501,0.414210,3,2,2:1 2:2 2:3 3:1 3:2 3:3 4:1 4:2 4:3,0/0/0/0,1,2,
3,380,0.390000,0,,0.779952,48.000000,31.000000,1.000000,5284.176198,938.432664,472.129808,0.489022,0.437562,0.115143,0.327005,273.883148,0.253596,0.089655,0.412733,3,2,2:1 2:2 2:3 3:1 3:2 3:3 4:1 4:2 4:3,0/0/0/0,1,2,
4,382,0.500000,0,,0.751096,44.000000,30.000000,0.916667,5354.809582,940.625866,473.053267,0.490165,0.438418,0.115567,0.327461,274.113708,0.253809,0.088194,0.411174,3,2,2:1 2:2 2:3 3:1 3:2 3:3 4:1 4:2 4:3,0/0/0/0,1,2,
5,384,0.609000,0,,0.749627,44.000000,30.000000,0.916667,5364.293998,938.054841,474.266696,0.488825,0.439543,0.114660,0.326780,277.135559,0.256607,0.086948,0.409154,3,2,2:1 2:2 2:3 3:1 3:2 3:3 4:1 4:2 4:3,0/0/0/0,1,2,
6,386,0.718000,0,,0.779119,48.000000,31.000000,1.000000,5214.924352,938.864178,473.726820,0.489247,0.439042,0.114846,0.326916,276.603241,0.256114,0.087538,0.409737,3,2,2:1 2:2 2:3 3:1 3:2 3:3 4:1 4:2 4:3,0/0/0/0,1,2,
7,388,0.843000,0,,0.780142,48.000000,31.000000,1.000000,5309.338305,941.333764,472.091339,0.490533,0.437527,0.115446,0.327282,273.711273,0.253436,0.089359,0.411406,3,2,2:1 2:2 2:3 3:1 3:2 3:3 4:1 4:2 4:3,0/0/0/0,1,2,
8,390,0.953000,0,,0.779077,48.000000,31.000000,1.000000,5307.946743,940.540886,472.865052,0.490120,0.438244,0.114795,0.326626,275.203583,0.254818,0.088447,0.409892,3,2,2:1 2:2 2:3 3:1 3:2 3:3 4:1 4:2 4:3,0/0/0/0,1,2,
9,392,1.062000,0,,0.778431,48.000000,31.000000,1.000000,5362.155248,940.208651,473.701934,0.489947,0.439019,0.114531,0.326512,277.122162,0.256595,0.087404,0.407843,3,2,2:1 2:2 2:3 3:1 3:2 3:3 4:1 4:2 4:3,0/0/0/0,1,2,
10,394,1.187000,0,,0.779955,48.000000,31.000000,1.000000,5255.690979,940.061770,474.117277,0.489871,0.439404,0.115486,0.327462,275.735718,0.255311,0.086884,0.409816,3,2,2:1 2:2 2:3 3:1 3:2 3:3 4:1 4:2 4:3,0/0/0/0,1,2,
11,396,1.312000,0,,0.778347,48.000000,31.000000,1.000000,5349.450343,939.231856,475.735742,0.489438,0.440904,0.114612,0.326673,278.882446,0.258224,0.084898,0.406590,3,2,2:1 2:2 2:3 3:1 3:2 3:3 4:1 4:2 4:3,0/0/0/0,1,2,
12,398,1.422000,0,,0.779018,48.000000,31.000000,1.000000,5335.383021,939.529212,475.104424,0.489593,0.440319,0.114988,0.327036,277.729675,0.257157,0.085675,0.407842,3,2,2:1 2:2 2:3 3:1 3:2 3:3 4:1 4:2 4:3,0/0/0/0,1,2,
13,400,1.531000,0,,0.779335,48.000000,31.000000,1.000000,5344.222608,939.855790,475.044746,0.489763,0.440264,0.115202,0.327248,277.210663,0.256677,0.085711,0.408117,3,2,2:1 2:2 2:3 3:1 3:2 3:3 4:1 4:2 4:3,0/0/0/0,1,2,
14,402,1.640000,0,,0.779018,48.000000,31.000000,1.000000,5424.788321,938.520301,475.213132,0.489067,0.440420,0.114952,0.327015,277.940369,0.257352,0.085666,0.408152,3,2,2:1 2:2 2:3 3:1 3:2 3:3 4:1 4:2 4:3,0/0/0/0,1,2,
15,404,1.750000,0,,0.779659,48.000000,31.000000,1.000000,5388.279665,940.709109,475.040088,0.490208,0.440260,0.115440,0.327428,276.868927,0.256360,0.085613,0.408236,3,2,2:1 2:2 2:3 3:1 3:2 3:3 4:1 4:2 4:3,0/0/0/0,1,2,
16,406,1.875000,0,,0.779185,48.000000,31.000000,1.000000,5362.284714,941.465837,475.315235,0.490602,0.440515,0.115243,0.327220,277.685181,0.257116,0.085168,0.406769,3,2,2:1 2:2 2:3 3:1 3:2 3:3 4:1 4:2 4:3,0/0/0/0,1,2,
17,408,1.984000,0,,0.727528,42.000000,29.000000,0.875000,5355.168755,952.857287,485.294542,0.496538,0.449763,0.113501,0.325756,284.003845,0.262967,0.071214,0.368987,3,2,2:1 2:2 2:3 3:1 3:2 3:3 4:1 4:2 4:3,0/0/0/0,1,2,
18,410,2.093000,0,,0.778917,48.000000,31.000000,1.000000,5313.490606,942.147110,475.908927,0.490957,0.441065,0.115171,0.327190,278.448334,0.257823,0.084322,0.405601,3,2,2:1 2:2 2:3 3:1 3:2 3:3 4:1 4:2 4:3,0/0/0/0,1,2,
19,412,2.218000,0,,0.778701,48.000000,31.000000,1.000000,5352.532280,942.843067,476.240393,0.491320,0.441372,0.115118,0.327083,278.871857,0.258215,0.083816,0.404617,3,2,2:1 2:2 2:3 3:1 3:2 3:3 4:1 4:2 4:3,0/0/0/0,1,2,
20,414,2.328000,0,,0.779266,48.000000,31.000000,1.000000,5326.030451,942.954980,476.527375,0.491378,0.441638,0.115502,0.327448,278.480347,0.257852,0.083432,0.405086,3,2,2:1 2:2 2:3 3:1 3:2 3:3 4:1 4:2 4:3,0/0/0/0,1,2,
21,416,2.453000,0,,0.779186,48.000000,31.000000,1.000000,4576.805488,946.367001,479.448945,0.493156,0.444346,0.115822,0.327433,280.061371,0.259316,0.079300,0.401817,3,2,2:1 2:2 2:3 3:1 3:2 3:3 4:1 4:2 4:3,0/0/0/0,1,2,
22,418,2.562000,0,,0.780209,48.000000,31.000000,1.000000,4826.574028,955.137615,487.846726,0.497727,0.452129,0.117786,0.329357,285.359131,0.264221,0.067777,0.391799,3,2,2:1 2:2 2:3 3:1 3:2 3:3 4:1 4:2 4:3,0/0/0/0,1,2,
23,420,2.672000,0,,0.781742,48.000000,31.000000,1.000000,4056.027384,951.485469,495.354320,0.495824,0.459086,0.119377,0.331176,290.446991,0.268932,0.058161,0.388377,3,2,2:1 2:2 2:3 3:1 3:2 3:3 4:1 4:2 4:3,0/0/0/0,1,2,
24,422,2.797000,0,,0.748532,44.000000,30.000000,0.916667,4560.244257,942.517091,512.392040,0.491150,0.474877,0.118265,0.331146,310.545227,0.287542,0.037670,0.370959,3,2,2:1 2:2 2:3 3:1 3:2 3:3 4:1 4:2 4:3,0/0/0/0,1,2,
25,424,2.906000,0,,0.787710,48.000000,31.000000,1.000000,4272.182987,951.171984,517.471748,0.495660,0.479585,0.125743,0.339676,306.642792,0.283929,0.029517,0.373603,3,2,2:1 2:2 2:3 3:1 3:2 3:3 4:1 4:2 4:3,0/0/0/0,1,3,
26,426,3.031000,0,,0.795156,48.000000,31.000000,1.000000,4799.338077,958.328791,520.591848,0.499390,0.482476,0.131237,0.345698,302.248291,0.279860,0.024797,0.376147,3,2,2:1 2:2 2:3 3:1 3:2 3:3 4:1 4:2 4:3,0/0/0/0,1,3,
27,428,3.156000,1,0,0.799258,48.000000,31.000000,1.000000,4255.468140,963.927963,532.488474,0.502307,0.493502,0.135510,0.349963,308.030426,0.285213,0.009752,0.366869,3,2,2:1 2:2 2:3 3:1 3:2 3:3 4:1 4:2 4:3,0/0/0/0,1,3,0.412054
28,430,3.265000,0,,0.778760,44.000000,30.000000,0.916667,3399.244236,974.917711,544.086110,0.508034,0.504250,0.139925,0.354296,304.887390,0.282303,0.012854,0.386822,3,2,2:1 2:2 2:3 3:1 3:2 3:3 4:1 4:2 4:3,0/0/0/0,1,3,
29,432,3.390000,0,,0.813715,48.000000,31.000000,1.000000,3128.971225,1001.240623,558.211680,0.521751,0.517342,0.147486,0.360982,277.179016,0.256647,0.039341,0.424764,3,2,2:1 2:2 2:3 3:1 3:2 3:3 4:1 4:2 4:3,0/0/0/0,1,3,
30,434,3.515000,0,,0.774752,42.000000,29.000000,0.875000,3229.986888,1037.095378,583.207539,0.540435,0.540507,0.142583,0.356166,255.499268,0.236573,0.080943,0.456680,3,2,2:1 2:2 2:3 3:1 3:2 3:3 4:1 4:2 4:3,0/0/0/0,1,3,
31,436,3.640000,0,,0.822199,48.000000,31.000000,1.000000,3304.949476,1045.678853,582.344654,0.544908,0.539708,0.154557,0.366695,237.949951,0.220324,0.084776,0.481326,3,2,2:1 2:2 2:3 3:1 3:2 3:3 4:1 4:2 4:3,0/0/0/0,1,3,
32,438,3.765000,0,,0.797980,44.000000,30.000000,0.916667,3400.937925,1068.942150,597.189563,0.557031,0.553466,0.159500,0.371703,215.284912,0.199338,0.110554,0.514311,3,2,2:1 2:2 2:3 3:1 3:2 3:3 4:1 4:2 4:3,0/0/0/0,2,3,
33,440,3.890000,0,,0.780861,41.000000,29.000000,0.854167,3288.138558,1088.874906,613.611488,0.567418,0.568685,0.165561,0.378047,195.822876,0.181317,0.136109,0.546015,3,2,2:2 2:3 3:1 3:2 3:3 4:1 4:2 4:3 4:4 5:2 5:3 5:4,0/0/0/0,2,3,
34,442,4.015000,0,,0.835179,48.000000,31.000000,1.000000,3428.680027,1120.130346,614.637888,0.583705,0.569637,0.169077,0.381670,184.115051,0.170477,0.153986,0.567860,4,2,2:2 2:3 3:1 3:2 3:3 4:1 4:2 4:3 4:4 5:2 5:3 5:4,0/0/0/0,2,3,
35,444,4.125000,0,,0.810249,44.000000,30.000000,0.916667,3354.794402,1150.404644,625.028517,0.599481,0.579266,0.171834,0.384581,170.244873,0.157634,0.179887,0.596103,4,2,2:3 3:1 3:2 3:3 4:1 4:2 4:3 4:4 5:2 5:3 5:4,0/0/0/0,2,3,
36,446,4.250000,1,1,0.842685,48.000000,31.000000,1.000000,4090.718739,1172.176737,636.874004,0.610827,0.590245,0.170981,0.383618,158.760376,0.147000,0.202122,0.617900,4,2,3:1 3:2 3:3 4:1 4:2 4:3 4:4 5:2 5:3 5:4,0/0/0/0,2,3,0.275556
37,448,4.375000,0,,0.844651,48.000000,31.000000,1.000000,4116.873595,1181.371755,647.439867,0.615618,0.600037,0.168473,0.380877,150.587280,0.139433,0.216218,0.631009,4,3,3:1 3:2 3:3 4:2 4:3 4:4 5:2 5:3 5:4,0/0/0/0,2,3,
38,450,4.484000,0,,0.817705,44.000000,30.000000,0.916667,4203.508476,1191.429335,662.158954,0.620859,0.613678,0.162627,0.374728,143.385864,0.132765,0.234648,0.645811,4,3,3:1 3:2 3:3 4:2 4:3 4:4 5:2 5:3 5:4,0/0/0/0,2,3,
39,452,4.609000,0,,0.847731,48.000000,31.000000,1.000000,4310.545235,1199.663233,666.993702,0.625150,0.618159,0.160021,0.372588,143.962097,0.133298,0.243410,0.651540,4,3,3:1 3:2 3:3 3:4 4:2 4:3 4:4 5:2 5:3 5:4,0/0/0/0,2,3,
40,454,4.718000,0,,0.848659,48.000000,31.000000,1.000000,3866.496163,1216.312336,667.541532,0.633826,0.618667,0.157935,0.371250,148.822266,0.137798,0.252948,0.657730,4,3,3:1 3:2 3:3 3:4 4:2 4:3 4:4 5:2 5:3 5:4,0/0/0/0,2,3,
41,456,4.843000,0,,0.820115,44.000000,30.000000,0.916667,3882.343502,1230.438066,666.534844,0.641187,0.617734,0.156326,0.370389,154.327209,0.142896,0.259981,0.661879,4,3,3:1 3:2 3:3 3:4 4:2 4:3 4:4 5:2 5:3 5:4,0/0/0/0,2,3,
42,458,4.968000,0,,0.850066,48.000000,31.000000,1.000000,4120.816742,1248.278394,665.226123,0.650484,0.616521,0.153316,0.368388,161.735901,0.149755,0.269156,0.667109,4,3,3:1 3:2 3:3 3:4 4:2 4:3 4:4 5:2 5:3 5:4,0/0/0/0,2,3,
43,460,5.093000,0,,0.821120,44.000000,30.000000,0.916667,5002.393875,1261.086226,665.352296,0.657158,0.616638,0.148526,0.364072,169.123779,0.156596,0.276778,0.668576,4,3,3:1 3:2 3:3 3:4 4:2 4:3 4:4 5:2 5:3 5:4,0/0/0/0,2,3,
44,462,5.203000,0,,0.849819,48.000000,31.000000,1.000000,5061.802909,1264.221068,665.684546,0.658792,0.616946,0.143028,0.359480,177.316406,0.164182,0.278895,0.665458,4,3,3:2 3:3 3:4 4:2 4:3 4:4 5:2 5:3 5:4,0/0/0/0,2,3,
45,464,5.328000,1,2,0.844590,48.000000,31.000000,1.000000,5134.915719,1264.556563,660.937088,0.658966,0.612546,0.137043,0.354851,192.319275,0.178073,0.275452,0.655945,4,3,3:2 3:3 3:4 4:2 4:3 4:4 5:2 5:3 5:4,0/0/0/0,2,3,0.327675
46,466,5.437000,0,,0.813292,44.000000,30.000000,0.916667,4912.235752,1268.263751,654.464689,0.660898,0.606547,0.136134,0.355250,202.064819,0.187097,0.272912,0.649526,4,3,3:2 3:3 3:4 4:2 4:3 4:4 5:2 5:3 5:4,0/0/0/0,2,3,
47,468,5.562000,0,,0.846596,48.000000,31.000000,1.000000,4796.801105,1278.213146,643.162343,0.666083,0.596073,0.142333,0.362249,206.914062,0.191587,0.271343,0.643973,4,2,3:2 3:3 3:4 4:2 4:3 4:4 5:1 5:2 5:3,0/0/0/0,2,3,
48,470,5.672000,0,,0.817436,44.000000,30.000000,0.916667,5168.588734,1287.239853,639.981754,0.670787,0.593125,0.143749,0.363841,209.490479,0.193973,0.275101,0.644020,4,2,3:2 3:3 3:4 4:1 4:2 4:3 5:1 5:2 5:3,0/0/0/0,2,3,
49,472,5.797000,0,,0.817960,44.000000,30.000000,0.916667,5293.757024,1297.767523,640.886271,0.676273,0.593963,0.146411,0.366723,206.060364,0.190797,0.282493,0.647511,4,2,3:2 3:3 3:4 4:1 4:2 4:3 4:4 5:1 5:2 5:3 6:3,0/0/0/0,2,3,
50,474,5.906000,0,,0.818347,44.000000,30.000000,0.916667,5385.237576,1303.965005,642.211891,0.679502,0.595192,0.151269,0.371912,199.649048,0.184860,0.287341,0.650092,4,2,3:2 3:3 3:4 4:1 4:2 4:3 4:4 5:1 5:2 5:3 6:3,0/0/0/0,2,3,
51,476,6.015000,0,,0.818929,44.000000,30.000000,0.916667,5392.936094,1312.031748,644.627513,0.683706,0.597431,0.159533,0.380890,189.846802,0.175784,0.294077,0.653973,4,2,3:2 3:3 3:4 4:2 4:3 4:4 5:1 5:2 5:3 6:3,0/0/0/0,2,3,
52,478,6.140000,0,,0.820032,44.000000,30.000000,0.916667,5210.781645,1322.864015,644.793129,0.689351,0.597584,0.161015,0.382516,189.765015,0.175708,0.301252,0.661326,4,2,3:2 3:3 3:4 4:2 4:3 4:4 5:1 5:2 5:3 6:3,0/0/0/0,2,3,
53,480,6.250000,1,3,0.850673,48.000000,31.000000,1.000000,5528.599369,1335.499761,645.848643,0.695935,0.598562,0.159821,0.381250,190.538147,0.176424,0.310178,0.671153,4,2,3:2 3:3 3:4 4:2 4:3 4:4 5:1 5:2 5:3 6:3,0/1/0/0,2,3,0.365630
54,482,6.359000,0,,0.822565,44.000000,30.000000,0.916667,5856.902256,1344.510368,647.877901,0.700631,0.600443,0.157910,0.379287,191.695068,0.177495,0.317306,0.678209,4,3,3:2 3:3 3:4 4:2 4:3 4:4 5:1 5:2 5:3 6:2 6:3,0/1/0/0,2,3,
55,484,6.468000,0,,0.824115,44.000000,30.000000,0.916667,5040.703192,1355.175362,649.178251,0.706188,0.601648,0.158586,0.380344,191.555176,0.177366,0.325103,0.688547,4,3,3:2 3:3 3:4 4:2 4:3 4:4 5:1 5:2 5:3 5:4 6:2 6:3,0/2/0/0,2,3,
56,486,6.578000,0,,0.827233,44.000000,30.000000,0.916667,4195.011895,1377.750572,650.936385,0.717952,0.603277,0.159911,0.382475,171.719482,0.159000,0.341085,0.709330,5,3,3:2 3:3 3:4 4:2 4:3 4:4 5:1 5:2 5:3 5:4 6:1 6:2 6:3,0/3/0/0,2,3,
57,488,6.687000,0,,0.859023,48.000000,31.000000,1.000000,4709.180222,1396.189634,654.047037,0.727561,0.606160,0.159915,0.383156,150.182007,0.139057,0.355117,0.726821,5,3,3:2 3:3 4:2 4:3 4:4 5:1 5:2 5:3 5:4 6:1 6:2 6:3,0/5/0/0,2,3,
58,490,6.797000,0,,0.860888,48.000000,31.000000,1.000000,5872.388164,1407.653086,658.528015,0.733535,0.610313,0.159813,0.383399,138.109253,0.127879,0.365260,0.739257,5,3,3:2 4:2 4:3 4:4 5:1 5:2 5:3 5:4 6:1 6:2 6:3 6:4,0/5/0/0,2,3,
59,492,6.922000,1,4,0.862174,48.000000,31.000000,1.000000,6142.612777,1410.559977,665.604794,0.735049,0.616872,0.159148,0.383020,134.139404,0.124203,0.371234,0.747826,5,3,3:2 4:2 4:3 4:4 5:2 5:3 5:4 6:1 6:2 6:3 6:4,0/5/0/0,2,3,0.247069
60,494,7.031000,0,,0.833324,44.000000,30.000000,0.916667,6192.719668,1410.170607,668.541857,0.734847,0.619594,0.158837,0.382894,135.592041,0.125548,0.372708,0.749938,5,3,3:2 4:2 4:3 4:4 5:2 5:3 5:4 6:2 6:3 6:4,0/5/0/0,2,3,
61,496,7.156000,0,,0.863061,48.000000,31.000000,1.000000,6024.310201,1413.337463,667.625039,0.736497,0.618744,0.156524,0.380988,132.696411,0.122867,0.374248,0.753740,5,3,3:2 4:2 4:3 4:4 5:2 5:3 5:4 6:2 6:3 6:4,0/6/0/0,3,3,
62,498,7.281000,0,,0.862746,48.000000,31.000000,1.000000,5935.304680,1412.754621,666.911918,0.736193,0.618083,0.154117,0.378404,135.544067,0.125504,0.373446,0.751639,5,3,3:2 4:2 4:3 4:4 5:2 5:3 5:4 6:2 6:3 6:4,0/6/0/0,3,3,
63,500,7.406000,0,,0.862707,48.000000,31.000000,1.000000,5879.048676,1413.563751,666.243450,0.736615,0.617464,0.152094,0.376349,136.286377,0.126191,0.373589,0.751377,5,3,3:2 4:2 4:3 4:4 5:2 5:3 5:4 6:2 6:3 6:4,0/6/0/0,3,3,
64,502,7.531000,0,,0.862828,48.000000,31.000000,1.000000,5890.920477,1415.996501,666.385056,0.737882,0.617595,0.149498,0.373579,136.018433,0.125943,0.375278,0.752185,5,3,3:2 4:2 4:3 4:4 5:2 5:3 5:4 6:2 6:3 6:4,0/6/0/0,3,3,
65,504,7.656000,0,,0.833922,44.000000,30.000000,0.916667,5780.803068,1418.574488,666.795523,0.739226,0.617975,0.148445,0.372615,134.230713,0.124288,0.377219,0.753925,5,3,3:2 4:2 4:3 4:4 5:2 5:3 5:4 6:2 6:3 6:4,0/6/0/0,3,3,
66,506,7.781000,0,,0.834028,44.000000,30.000000,0.916667,5850.641986,1420.384128,665.770491,0.740169,0.617025,0.147048,0.371120,133.898804,0.123980,0.377826,0.754633,5,3,4:2 4:3 4:4 5:2 5:3 5:4 6:2 6:3 6:4,0/6/0/0,3,3,
67,508,7.906000,0,,0.833987,44.000000,30.000000,0.916667,5682.209402,1421.159221,663.831050,0.740573,0.615228,0.146098,0.370307,133.537476,0.123646,0.377234,0.754360,5,3,4:2 4:3 4:4 5:2 5:3 5:4 6:2 6:3 6:4,0/6/0/0,3,3,
68,510,8.031000,0,,0.834005,44.000000,30.000000,0.916667,5478.880859,1422.835094,661.022777,0.741446,0.612625,0.145440,0.369672,133.077515,0.123220,0.376778,0.754476,5,3,4:2 4:3 4:4 5:2 5:3 5:4 6:2 6:3 6:4,0/6/0/0,3,3,
69,512,8.140000,0,,0.833970,44.000000,30.000000,0.916667,5482.942363,1422.875591,660.453370,0.741467,0.612098,0.143623,0.367550,135.281494,0.125261,0.376490,0.754248,5,3,4:2 4:3 4:4 5:2 5:3 5:4 6:2 6:3 6:4,0/6/0/0,3,3,
70,514,8.265000,0,,0.833724,44.000000,30.000000,0.916667,5421.800239,1420.992792,660.554487,0.740486,0.612191,0.142245,0.365872,139.018555,0.128721,0.375288,0.752602,5,3,4:2 4:3 4:4 5:2 5:3 5:4 6:2 6:3 6:4,0/6/0/0,3,3,
71,516,8.390000,0,,0.833374,44.000000,30.000000,0.916667,5071.103481,1421.187564,658.120922,0.740588,0.609936,0.140295,0.362500,144.723145,0.134003,0.374081,0.750271,5,3,4:2 4:3 4:4 5:2 5:3 5:4 6:2 6:3 6:4,0/6/0/0,3,3,
72,518,8.515000,1,5,0.862000,48.000000,31.000000,1.000000,4989.967794,1420.878993,653.751218,0.740427,0.605886,0.141524,0.361642,150.409912,0.139268,0.371529,0.746667,5,3,4:2 4:3 4:4 5:2 5:3 5:4 6:2 6:3 6:4,0/6/0/0,2,3,0.506909
73,520,8.640000,0,,0.832653,44.000000,30.000000,0.916667,4873.457459,1421.218331,650.887214,0.740604,0.603232,0.143328,0.361643,154.646606,0.143191,0.370262,0.745465,5,3,4:1 4:2 4:3 4:4 5:2 5:3 5:4 6:2 6:3 6:4,0/6/0/0,2,3,
74,522,8.750000,0,,0.831835,44.000000,30.000000,0.916667,4491.244238,1417.944941,646.686608,0.738898,0.599339,0.145418,0.361369,166.477173,0.154146,0.365897,0.740013,5,2,4:1 4:2 4:3 5:2 5:3 5:4 6:2 6:3 6:4,0/5/0/0,2,3,
75,524,8.875000,0,,0.860215,48.000000,31.000000,1.000000,4432.250856,1412.056307,643.370965,0.735829,0.596266,0.147282,0.362430,176.495605,0.163422,0.360229,0.734767,5,2,4:1 4:2 4:3 5:2 5:3 5:4 6:2 6:3 6:4,0/5/0/0,2,3,
76,526,8.984000,0,,0.830279,44.000000,30.000000,0.916667,4705.880546,1403.630679,641.241272,0.731439,0.594292,0.150256,0.364469,189.524109,0.175485,0.353426,0.729639,5,2,3:3 4:1 4:2 4:3 5:2 5:3 5:4 6:2 6:3 6:4,0/4/0/0,2,3,
77,528,9.109000,0,,0.859330,48.000000,31.000000,1.000000,4858.529467,1399.743332,641.019555,0.729413,0.594087,0.151825,0.365790,186.730591,0.172899,0.350664,0.728866,5,2,3:2 3:3 4:1 4:2 4:3 5:2 5:3 5:4 6:2 6:3 6:4,0/3/0/0,2,3,
78,530,9.218000,0,,0.830008,44.000000,30.000000,0.916667,5013.425107,1396.971965,643.339239,0.727969,0.596237,0.151753,0.364909,183.532043,0.169937,0.349946,0.727834,5,2,3:2 3:3 4:1 4:2 4:3 5:2 5:3 5:4 6:2 6:3 6:4,0/3/0/0,2,3,
79,532,9.343000,0,,0.830191,44.000000,30.000000,0.916667,4937.625347,1398.234855,644.926147,0.728627,0.597707,0.151039,0.364128,182.575989,0.169052,0.351616,0.729053,5,2,3:2 3:3 4:1 4:2 4:3 5:2 5:3 5:4 6:2 6:3 6:4,0/3/0/0,2,3,
80,534,9.468000,0,,0.830024,44.000000,30.000000,0.916667,4917.570480,1399.923595,644.704011,0.729507,0.597501,0.149715,0.362235,183.121826,0.169557,0.352647,0.727935,5,2,3:3 4:1 4:2 4:3 5:2 5:3 5:4 6:2 6:3 6:4,0/3/0/0,2,3,
81,536,9.578000,0,,0.829833,44.000000,30.000000,0.916667,4849.086620,1402.249415,640.426262,0.730719,0.593537,0.150248,0.363277,187.321167,0.173446,0.352080,0.726667,5,2,3:3 4:1 4:2 4:3 5:2 5:3 5:4 6:2 6:3 6:4,0/3/0/0,2,3,
82,538,9.703000,0,,0.829417,44.000000,30.000000,0.916667,4921.965224,1401.689425,636.791091,0.730427,0.590168,0.150752,0.364095,191.191528,0.177029,0.349934,0.723894,5,2,3:3 4:1 4:2 4:3 5:2 5:3 5:4 6:2 6:3 6:4,0/3/0/0,2,3,
83,540,9.828000,0,,0.828959,44.000000,30.000000,0.916667,4780.492984,1398.702995,635.205020,0.728871,0.588698,0.149732,0.364017,195.434937,0.180958,0.347129,0.720836,5,2,3:2 3:3 4:1 4:2 4:3 5:2 5:3 5:4 6:2 6:3 6:4,0/4/0/0,2,3,
84,542,9.937000,0,,0.828737,44.000000,30.000000,0.916667,4906.632053,1396.823633,636.506317,0.727891,0.589904,0.147852,0.362343,196.602112,0.182039,0.346460,0.719355,5,2,3:2 3:3 4:1 4:2 4:3 5:2 5:3 5:4 6:2 6:3 6:4,0/3/0/0,2,3,
85,544,10.062000,0,,0.828768,44.000000,30.000000,0.916667,4917.556642,1395.115584,639.090736,0.727001,0.592299,0.146047,0.361189,196.564087,0.182004,0.346551,0.719563,5,2,3:2 3:3 4:1 4:2 4:3 5:2 5:3 5:4 6:2 6:3 6:4,0/3/0/0,2,3,
86,546,10.172000,0,,0.858076,48.000000,31.000000,1.000000,4930.370909,1395.441538,637.759030,0.727171,0.591065,0.146719,0.362529,194.106934,0.179729,0.346120,0.720510,5,2,3:2 3:3 4:1 4:2 4:3 5:2 5:3 5:4 6:2 6:3 6:4,0/4/0/0,2,3,
87,548,10.297000,0,,0.828571,44.000000,30.000000,0.916667,4728.683561,1394.365795,632.331305,0.726611,0.586035,0.149070,0.365461,193.908447,0.179545,0.342795,0.718254,5,2,3:2 3:3 4:1 4:2 4:3 5:2 5:3 5:4 6:2 6:3 6:4,0/4/0/0,2,3,
88,550,10.406000,1,6,0.856588,48.000000,31.000000,1.000000,4560.561440,1388.865913,623.941317,0.723745,0.578259,0.150452,0.367355,197.473145,0.182846,0.335220,0.710584,5,2,3:1 3:2 3:3 4:1 4:2 4:3 5:1 5:2 5:3 6:2 6:3 6:4,0/3/0/0,2,3,0.221050
89,552,10.531000,0,,0.855145,48.000000,31.000000,1.000000,4476.687457,1383.491313,612.857049,0.720944,0.567986,0.152408,0.369585,201.910767,0.186954,0.326920,0.700963,5,2,3:1 3:2 3:3 4:1 4:2 4:3 5:1 5:2 5:3 6:2 6:3,0/3/0/0,2,3,
90,554,10.640000,0,,0.824694,44.000000,30.000000,0.916667,4530.894028,1379.349801,605.882480,0.718786,0.561522,0.153475,0.369765,209.850220,0.194306,0.321410,0.692407,5,2,3:1 3:2 3:3 4:1 4:2 4:3 5:1 5:2 5:3 6:2 6:3,0/2/0/0,2,3,
91,556,10.750000,0,,0.823106,44.000000,30.000000,0.916667,4588.741576,1372.095714,599.495720,0.715006,0.555603,0.154410,0.369125,223.252441,0.206715,0.314067,0.681818,5,2,3:1 3:2 3:3 4:1 4:2 4:3 5:1 5:2 5:3 6:2 6:3,0/1/0/0,2,3,
92,558,10.859000,0,,0.851150,48.000000,31.000000,1.000000,4669.915656,1367.582555,595.663497,0.712654,0.552051,0.154650,0.368052,224.024048,0.207430,0.309616,0.674331,4,2,3:1 3:2 3:3 4:1 4:2 4:3 5:1 5:2 5:3 6:2 6:3,0/0/0/0,2,3,
93,560,10.984000,0,,0.821344,44.000000,30.000000,0.916667,5090.966398,1364.975539,593.659606,0.711295,0.550194,0.154799,0.367416,224.940857,0.208279,0.307132,0.670071,4,2,3:1 3:2 3:3 4:1 4:2 4:3 5:1 5:2 5:3 6:2 6:3,0/0/0/0,2,3,
94,562,11.093000,0,,0.850400,48.000000,31.000000,1.000000,4603.192593,1370.503634,589.158472,0.714176,0.546023,0.155080,0.367226,227.654907,0.210792,0.309805,0.669330,4,2,3:1 3:2 3:3 4:1 4:2 4:3 5:1 5:2 5:3 6:2 6:3,0/0/0/0,2,3,
95,564,11.218000,0,,0.850813,48.000000,31.000000,1.000000,4072.303613,1383.744576,582.985587,0.721076,0.540302,0.156127,0.367693,230.725952,0.213635,0.317801,0.672088,5,2,3:1 3:2 3:3 4:1 4:2 4:3 5:1 5:2 5:3 6:2 6:3,0/0/0/0,2,3,
96,566,11.343000,0,,0.851304,48.000000,31.000000,1.000000,4239.655966,1395.730853,578.805534,0.727322,0.536428,0.156754,0.367899,221.781006,0.205353,0.325583,0.675360,5,2,3:3 4:1 4:2 4:3 5:1 5:2 5:3 6:2 6:3,0/1/0/0,2,3,
97,568,11.468000,0,,0.852299,48.000000,31.000000,1.000000,4096.536333,1411.334282,575.740417,0.735453,0.533587,0.156731,0.367694,206.942139,0.191613,0.336352,0.681993,5,2,4:1 4:2 4:3 5:1 5:2 5:3 6:1 6:2 6:3,0/3/0/0,2,3,
98,570,11.593000,1,7,0.853376,48.000000,31.000000,1.000000,4532.034467,1428.020966,571.662395,0.744148,0.529808,0.157178,0.368022,192.046875,0.177821,0.347842,0.689174,5,2,4:1 4:2 4:3 5:1 5:2 5:3 6:1 6:2 6:3,0/6/0/0,2,3,0.258145
99,572,11.718000,0,,0.824240,44.000000,30.000000,0.916667,5337.495174,1431.798140,572.304176,0.746117,0.530402,0.155301,0.365765,189.304688,0.175282,0.350707,0.689376,5,2,4:1 4:2 4:3 5:1 5:2 5:3 6:1 6:2 6:3,0/6/0/0,2,3,
100,574,11.843000,0,,0.824958,44.000000,30.000000,0.916667,4792.417259,1438.797152,575.356531,0.749764,0.533231,0.152729,0.362847,182.613525,0.169087,0.356332,0.694163,5,2,4:1 4:2 4:3 5:1 5:2 5:3 6:1 6:2 6:3,0/6/0/0,2,3,
101,576,11.968000,0,,0.826018,44.000000,30.000000,0.916667,5095.074345,1449.151065,577.711309,0.755159,0.535414,0.151979,0.361898,173.601929,0.160743,0.364309,0.701233,5,2,4:1 4:2 4:3 5:1 5:2 5:3 6:2 6:3,0/6/0/0,2,3,
102,578,12.093000,0,,0.826997,44.000000,30.000000,0.916667,4862.210042,1458.229550,578.490403,0.759890,0.536136,0.152053,0.362055,163.611206,0.151492,0.371076,0.707760,5,2,4:1 4:2 4:3 5:1 5:2 5:3 6:2 6:3,0/6/0/0,2,3,
103,580,12.218000,0,,0.828241,44.000000,30.000000,0.916667,4565.666312,1467.686232,579.471209,0.764818,0.537045,0.153160,0.363591,151.563965,0.140337,0.378156,0.716049,5,2,4:1 4:2 4:3 5:1 5:2 5:3 6:1 6:2 6:3,0/6/0/0,2,3,
104,582,12.343000,0,,0.829437,44.000000,30.000000,0.916667,4794.837339,1476.818970,582.699169,0.769577,0.540036,0.152732,0.363392,140.202759,0.129817,0.385421,0.724026,5,2,4:1 4:2 4:3 5:1 5:2 5:3 6:1 6:2 6:3,0/8/0/0,2,3,
105,584,12.453000,0,,0.860062,48.000000,31.000000,1.000000,4359.090430,1486.664978,588.182338,0.774708,0.545118,0.150830,0.361444,129.457275,0.119868,0.393701,0.733014,5,2,4:1 4:2 4:3 5:1 5:2 5:3 6:1 6:2 6:3,0/9/0/0,2,3,
106,586,12.578000,1,8,0.868536,48.000000,31.000000,1.000000,4172.901554,1497.087702,591.658859,0.780140,0.548340,0.149598,0.360012,119.976318,0.111089,0.402032,0.740734,5,2,4:1 4:2 4:3 5:1 5:2 5:3 6:1 6:2 6:3,0/11/0/0,2,3,0.509194
107,588,12.703000,0,,0.853439,44.000000,30.000000,0.916667,3576.667633,1513.487923,594.380345,0.788686,0.550862,0.148960,0.359140,104.068481,0.096360,0.414551,0.752705,5,2,4:1 4:2 4:3 5:1 5:2 5:3 6:1 6:2 6:3,0/12/0/0,3,3,
108,590,12.812000,0,,0.867719,44.000000,30.000000,0.916667,4193.808479,1531.307856,592.978799,0.797972,0.549563,0.150061,0.360161,87.619629,0.081129,0.427185,0.763292,5,2,4:1 4:2 4:3 5:1 5:2 5:3 6:1 6:2 6:3,0/12/0/0,3,3,
109,592,12.937000,1,9,0.877850,44.000000,30.000000,0.916667,3852.335284,1543.549566,592.150298,0.804351,0.548795,0.150673,0.360738,75.985962,0.070357,0.435914,0.770988,5,2,4:1 4:2 4:3 5:1 5:2 5:3 6:1 6:2 6:3,0/12/0/0,3,3,0.245553
110,594,13.047000,0,,0.826187,40.000000,28.000000,0.833333,4581.872726,1528.654312,580.104779,0.796589,0.537632,0.139477,0.346351,94.683716,0.087670,0.422803,0.721675,5,2,4:1 4:2 4:3 5:1 5:2 5:3 6:1 6:2 6:3,0/10/0/0,2,3,
111,596,13.172000,0,,0.829686,40.000000,28.000000,0.833333,4623.004873,1534.727707,582.580532,0.799754,0.539926,0.138510,0.345150,89.483765,0.082855,0.427660,0.726542,5,2,4:1 4:2 4:3 5:1 5:2 5:3 6:1 6:2 6:3,0/11/0/0,2,3,
112,598,13.281000,0,,0.837960,40.000000,28.000000,0.833333,4222.938118,1545.184277,584.409145,0.805203,0.541621,0.138185,0.344685,79.766235,0.073858,0.435617,0.734498,5,2,4:1 4:2 4:3 5:1 5:2 5:3 6:1 6:2 6:3,0/13/0/0,2,3,
113,600,13.406000,1,10,0.880976,44.000000,29.000000,0.916667,3171.605851,1562.834628,584.349050,0.814401,0.541565,0.139342,0.345933,65.656738,0.060793,0.448498,0.744327,5,2,4:1 4:2 4:3 5:1 5:2 5:3 6:1 6:2 6:3,0/14/0/0,2,3,0.576467
114,602,13.515000,0,,0.798797,38.000000,27.000000,0.791667,4756.400437,1561.679736,585.515092,0.813799,0.542646,0.128733,0.331700,99.365479,0.092005,0.447858,0.752470,5,2,4:1 4:2 4:3 5:1 5:2 5:3 6:1 6:2 6:3,0/12/0/0,3,3,
115,604,13.640000,0,,0.829594,42.000000,28.000000,0.875000,4807.834666,1568.659633,587.110679,0.817436,0.544125,0.128206,0.331013,96.733154,0.089568,0.453239,0.754318,5,2,4:1 4:2 4:3 5:1 5:2 5:3 6:1 6:2 6:3,0/12/0/0,3,3,
116,606,13.750000,0,,0.831117,42.000000,28.000000,0.875000,4780.857495,1573.716131,590.981461,0.820071,0.547712,0.127205,0.329740,93.939087,0.086981,0.457650,0.758673,5,2,4:1 4:2 4:3 5:1 5:2 5:3 6:1 6:2 6:3,0/12/0/0,3,3,
117,608,13.875000,0,,0.801518,38.000000,27.000000,0.791667,4860.443190,1572.520701,592.658663,0.819448,0.549267,0.125993,0.328211,92.908813,0.086027,0.457109,0.760888,5,2,4:1 4:2 4:3 5:1 5:2 5:3 6:1 6:2 6:3,0/12/0/0,3,3,
118,610,13.984000,0,,0.811813,38.000000,27.000000,0.791667,4272.376856,1583.037106,593.179781,0.824928,0.549750,0.126542,0.328943,81.999756,0.075926,0.464873,0.768691,5,2,4:1 4:2 4:3 5:1 5:2 5:3 6:1 6:2 6:3,0/12/0/0,3,3,
119,612,14.109000,0,,0.791778,37.000000,26.000000,0.770833,4537.264705,1583.051844,583.538808,0.824936,0.540814,0.121412,0.322116,79.033691,0.073179,0.463140,0.712457,5,2,4:1 4:2 4:3 5:1 5:2 5:3 6:1 6:2 6:3,0/11/0/0,2,3,
120,614,14.218000,0,,0.821727,41.000000,27.000000,0.854167,4233.474924,1584.187679,581.266162,0.825528,0.538708,0.121224,0.321994,77.206665,0.071488,0.463609,0.709879,5,2,4:1 4:2 4:3 5:1 5:2 5:3 6:1 6:2 6:3,0/11/0/0,2,3,
121,616,14.343000,0,,0.815457,41.000000,27.000000,0.854167,3885.190559,1576.076437,579.725212,0.821301,0.537280,0.120744,0.321522,83.326416,0.077154,0.457437,0.703681,5,2,4:1 4:2 4:3 5:1 5:2 5:3 6:1 6:2 6:3,0/11/0/0,2,3,
122,618,14.468000,0,,0.826771,42.000000,28.000000,0.875000,2798.225011,1562.330898,585.708514,0.814138,0.542825,0.123880,0.326018,91.855347,0.085051,0.448368,0.747483,5,2,4:1 4:2 4:3 5:1 5:2 5:3 6:1 6:2 6:3,0/12/0/0,2,3,
123,620,14.578000,0,,0.676534,27.000000,21.000000,0.562500,2400.273531,1546.194417,640.485780,0.805729,0.593592,0.092705,0.300736,85.133545,0.078827,0.452172,0.715339,5,2,4:2 4:3 5:2 5:3 6:2 6:3,0/6/0/0,2,2,
124,622,14.703000,1,11,0.849202,41.000000,28.000000,0.854167,2910.434211,1544.974547,608.198992,0.805094,0.563669,0.135233,0.348374,74.037354,0.068553,0.440763,0.756671,5,2,4:1 4:2 4:3 5:1 5:2 5:3 6:1 6:2 6:3,0/10/0/0,3,3,0.433126
125,624,14.828000,1,12,0.892097,48.000000,31.000000,1.000000,4610.266072,1508.975367,590.327079,0.786334,0.547106,0.136865,0.351309,85.048096,0.078748,0.410381,0.745010,5,2,4:1 4:2 4:3 5:1 5:2 5:3 6:1 6:2 6:3,0/12/0/0,2,3,0.219795
126,626,14.968000,0,,0.771332,40.000000,28.000000,0.833333,4704.175839,1477.648026,578.993612,0.770009,0.536602,0.121503,0.329827,128.509277,0.118990,0.385343,0.684037,5,2,4:1 4:2 4:3 5:1 5:2 5:3 6:1 6:2 6:3,0/8/0/0,2,3,
127,628,15.093000,0,,0.771680,40.000000,28.000000,0.833333,4978.935159,1481.917032,581.077637,0.772234,0.538533,0.117737,0.326430,122.329956,0.113268,0.388835,0.686846,5,2,4:1 4:2 4:3 5:1 5:2 5:3 6:1 6:2 6:3,0/8/0/0,2,2,
128,630,15.218000,0,,0.803384,44.000000,29.000000,0.916667,5200.026849,1487.331987,581.459742,0.775056,0.538888,0.116575,0.325805,117.413818,0.108716,0.392856,0.688436,5,2,4:1 4:2 4:3 5:1 5:2 5:3 6:1 6:2 6:3,0/8/0/0,2,2,
129,632,15.343000,0,,0.769715,40.000000,28.000000,0.833333,5275.411371,1481.970517,579.092110,0.772262,0.536693,0.114117,0.323982,118.306030,0.109543,0.388517,0.684074,5,2,4:1 4:2 4:3 5:1 5:2 5:3 6:1 6:2 6:3,0/8/0/0,2,2,
130,634,15.468000,0,,0.758504,40.000000,28.000000,0.833333,5637.331093,1474.186899,576.545000,0.768206,0.534333,0.111038,0.321049,126.014282,0.116680,0.382395,0.675384,5,2,4:1 4:2 4:3 5:1 5:2 5:3 6:1 6:2 6:3,0/8/0/0,2,2,
131,635,15.562000,0,,0.754412,40.000000,28.000000,0.833333,5769.683402,1471.753513,574.601558,0.766938,0.532532,0.109764,0.319939,128.254150,0.118754,0.380300,0.670543,5,2,4:1 4:2 4:3 5:1 5:2 5:3 6:1 6:2 6:3,0/8/0/0,2,2,
132,637,15.687000,0,,0.779082,44.000000,29.000000,0.916667,5859.209782,1465.722731,573.328533,0.763795,0.531352,0.108168,0.317985,138.112793,0.127882,0.375688,0.661174,5,2,4:1 4:2 4:3 5:1 5:2 5:3 6:1 6:2 6:3,0/7/0/0,2,2,
133,639,15.812000,1,13,0.854284,46.000000,30.000000,0.958333,5982.933927,1474.599044,578.742923,0.768421,0.536370,0.120050,0.342143,82.193115,0.076105,0.383073,0.719588,5,2,4:1 4:2 4:3 5:1 5:2 5:3 6:1 6:2 6:3,0/8/0/0,2,3,0.230823
134,641,15.953000,0,,0.819156,42.000000,29.000000,0.875000,5892.866984,1467.065927,572.622970,0.764495,0.530698,0.119929,0.342324,88.102051,0.081576,0.376563,0.711274,5,2,4:1 4:2 4:3 5:1 5:2 5:3 6:1 6:2 6:3,0/8/0/0,2,2,
135,643,16.078000,0,,0.836684,46.000000,30.000000,0.958333,5203.393212,1456.460054,561.276179,0.758968,0.520182,0.119472,0.342223,99.593384,0.092216,0.367347,0.696714,5,2,4:1 4:2 4:3 5:1 5:2 5:3 6:1 6:2 6:3,0/7/0/0,2,2,
136,645,16.203000,0,,0.820012,46.000000,30.000000,0.958333,5475.347937,1440.448799,548.232756,0.750625,0.508093,0.118978,0.341521,116.822510,0.108169,0.354622,0.678424,5,2,4:1 4:2 4:3 5:1 5:2 5:3 6:1 6:2 6:3,0/6/0/0,2,2,
137,647,16.328000,0,,0.793820,44.000000,30.000000,0.916667,5291.080455,1440.919262,540.140863,0.750870,0.500594,0.119242,0.340581,134.690796,0.124714,0.354785,0.664504,5,2,4:1 4:2 4:3 5:1 5:2 5:3 6:1 6:2 6:3,0/7/0/0,2,2,
138,649,16.453000,0,,0.825732,48.000000,31.000000,1.000000,5224.450700,1431.184624,535.205475,0.745797,0.496020,0.122515,0.341806,150.295898,0.139163,0.347655,0.654753,5,2,4:1 4:2 4:3 5:1 5:2 5:3 6:1 6:2 6:3,0/6/0/0,2,3,
139,651,16.578000,0,,0.797055,44.000000,30.000000,0.916667,4809.411570,1415.597354,533.093651,0.737674,0.494063,0.124552,0.341554,173.655762,0.160792,0.336227,0.640556,5,2,4:1 4:2 4:3 5:1 5:2 5:3 6:1 6:2 6:3,0/5/0/0,2,3,
140,653,16.703000,0,,0.826889,48.000000,31.000000,1.000000,4791.571733,1399.009038,529.582628,0.729030,0.490809,0.126910,0.341009,200.528320,0.185674,0.324158,0.624798,5,2,4:1 4:2 4:3 5:1 5:2 5:3 6:1 6:2 6:3,0/3/0/0,2,3,
141,655,16.828000,0,,0.797996,44.000000,30.000000,0.916667,4620.238215,1386.361350,523.892054,0.722439,0.485535,0.128974,0.340162,224.964600,0.208301,0.315241,0.608927,5,2,3:2 3:3 4:1 4:2 4:3 5:1 5:2 5:3 6:1 6:2 6:3,0/1/0/0,2,3,
142,657,16.953000,0,,0.826290,48.000000,31.000000,1.000000,4762.952786,1380.718452,518.216505,0.719499,0.480275,0.129420,0.339029,237.978882,0.220351,0.311669,0.599285,5,2,3:2 3:3 4:1 4:2 4:3 5:1 5:2 5:3 6:2 6:3,0/0/0/0,2,3,
143,659,17.093000,0,,0.826911,48.000000,31.000000,1.000000,4571.512426,1381.822273,510.943913,0.720074,0.473535,0.130467,0.339226,241.900757,0.223982,0.313474,0.594453,5,2,3:2 3:3 4:1 4:2 4:3 5:1 5:2 5:3 6:2 6:3,0/0/0/0,2,3,
144,661,17.218000,0,,0.827757,48.000000,31.000000,1.000000,4557.147365,1384.685303,498.090256,0.721566,0.461622,0.131928,0.339827,244.725464,0.226598,0.318008,0.587568,5,2,3:2 4:1 4:2 4:3 5:1 5:2 5:3 6:2 6:3,0/0/0/0,2,3,
145,663,17.343000,0,,0.799998,44.000000,30.000000,0.916667,4905.391762,1388.108154,487.718094,0.723350,0.452009,0.133527,0.341024,244.840820,0.226704,0.323073,0.583254,5,2,3:2 4:1 4:2 4:3 5:1 5:2 5:3 6:1 6:2 6:3,0/0/0/0,2,3,
146,665,17.468000,0,,0.827597,48.000000,31.000000,1.000000,4953.429277,1389.273069,481.051753,0.723957,0.445831,0.132720,0.340059,244.411011,0.226306,0.325856,0.579714,5,2,3:2 4:1 4:2 4:3 5:1 5:2 5:3 6:1 6:2 6:3,0/0/0/0,2,3,
147,667,17.593000,0,,0.796568,44.000000,30.000000,0.916667,4842.690430,1388.634483,475.522869,0.723624,0.440707,0.131612,0.339631,241.202148,0.223335,0.327180,0.576793,5,2,3:2 4:1 4:2 4:3 5:1 5:2 5:3 6:1 6:2 6:3,0/0/0/0,2,3,
148,669,17.718000,0,,0.792380,44.000000,30.000000,0.916667,4720.285370,1385.050407,469.624307,0.721756,0.435240,0.128930,0.337968,239.197998,0.221480,0.326710,0.571864,5,2,3:2 4:1 4:2 4:3 5:1 5:2 5:3 6:1 6:2 6:3,0/0/0/0,2,3,
149,671,17.843000,1,14,0.820062,48.000000,31.000000,1.000000,4735.929683,1385.026502,464.681035,0.721744,0.430659,0.126828,0.336805,235.492310,0.218048,0.328568,0.579982,5,2,3:2 4:1 4:2 5:1 5:2 5:3 6:1 6:2 6:3,0/0/0/0,2,3,0.479495
150,673,17.968000,0,,0.818171,48.000000,31.000000,1.000000,4627.543873,1388.918599,458.958137,0.723772,0.425355,0.123672,0.334757,227.022339,0.210206,0.333604,0.594425,5,2,3:2 4:1 4:2 5:1 5:2 5:3 6:1 6:2 6:3,0/1/0/0,2,3,
151,675,18.093000,0,,0.817353,48.000000,31.000000,1.000000,4714.172433,1397.458628,451.099572,0.728222,0.418072,0.121086,0.332722,217.228638,0.201138,0.342922,0.611141,5,2,4:1 4:2 5:1 5:2 5:3 6:1 6:2 6:3,0/2/0/0,2,3,
152,677,18.218000,0,,0.815856,48.000000,31.000000,1.000000,5089.630134,1401.816157,443.661054,0.730493,0.411178,0.117795,0.330524,209.329346,0.193823,0.349332,0.629371,5,2,4:1 4:2 5:1 5:2 5:3 6:1 6:2 6:3,0/4/0/0,2,2,
153,679,18.343000,0,,0.815340,48.000000,31.000000,1.000000,4986.661542,1404.658407,437.250825,0.731974,0.405237,0.116147,0.329293,204.387207,0.189247,0.354378,0.640057,5,2,4:1 4:2 5:1 5:2 6:1 6:2,0/4/0/0,2,2,
154,681,18.468000,0,,0.788381,44.000000,30.000000,0.916667,4818.125482,1417.339766,427.793022,0.738582,0.396472,0.115880,0.329340,191.916626,0.177701,0.367803,0.657061,5,1,4:1 4:2 5:1 5:2 6:1 6:2,0/6/0/0,2,2,
155,683,18.578000,0,,0.819789,48.000000,31.000000,1.000000,4577.815923,1425.877009,418.898129,0.743031,0.388228,0.116134,0.329922,182.240967,0.168742,0.378305,0.669824,5,1,4:1 4:2 5:1 5:2 6:1 6:2,0/6/0/0,2,2,
156,685,18.703000,0,,0.820002,48.000000,31.000000,1.000000,5191.377804,1431.748627,409.442823,0.746091,0.379465,0.114788,0.329039,175.616943,0.162608,0.387529,0.682777,5,1,4:1 4:2 5:1 5:2 6:1 6:2,0/6/0/0,2,2,
157,687,18.812000,0,,0.821070,48.000000,31.000000,1.000000,5041.033270,1436.110588,400.380738,0.748364,0.371066,0.114247,0.328943,170.390991,0.157769,0.395749,0.694535,5,1,4:1 4:2 5:1 5:2 6:1 6:2,0/6/0/0,2,2,
158,689,18.937000,0,,0.822456,48.000000,31.000000,1.000000,5246.132935,1438.349312,390.276405,0.749531,0.361702,0.114276,0.328910,168.790405,0.156287,0.403465,0.703530,5,1,4:0 4:1 4:2 5:0 5:1 5:2 6:1 6:2,0/6/0/0,2,2,
159,691,19.047000,0,,0.822581,48.000000,31.000000,1.000000,5039.761019,1438.120768,383.663985,0.749412,0.355574,0.113961,0.328669,168.974731,0.156458,0.407591,0.707066,5,1,4:0 4:1 4:2 5:0 5:1 5:2 6:0 6:1 6:2,0/6/0/0,2,2,
160,693,19.156000,0,,0.827067,48.000000,31.000000,1.000000,4571.222091,1440.066251,369.561461,0.750425,0.342504,0.116127,0.330482,169.070068,0.156546,0.418373,0.718403,5,1,4:0 4:1 4:2 5:0 5:1 5:2 6:0 6:1 6:2,0/6/0/0,2,2,
161,695,19.281000,0,,0.833276,48.000000,31.000000,1.000000,4289.087094,1442.103264,354.986774,0.751487,0.328996,0.119366,0.333048,164.249130,0.152083,0.430088,0.732038,5,1,4:0 4:1 4:2 5:0 5:1 5:2 6:0 6:1 6:2,0/6/0/0,2,2,
162,697,19.390000,0,,0.811824,44.000000,30.000000,0.916667,4326.220538,1443.179163,335.927928,0.752048,0.311333,0.123531,0.336307,136.294525,0.126199,0.445249,0.747769,5,1,4:0 4:1 4:2 5:0 5:1 5:2 6:0 6:1 6:2,0/6/0/0,2,3,
163,699,19.515000,1,15,0.849624,48.000000,31.000000,1.000000,4439.933084,1443.634379,324.190814,0.752285,0.300455,0.124906,0.337451,122.351837,0.113289,0.454897,0.756252,5,1,4:0 4:1 4:2 5:0 5:1 5:2 6:0 6:1 6:2,0/6/2/0,3,3,0.249187
164,701,19.640000,0,,0.829639,44.000000,30.000000,0.916667,4613.119252,1444.051408,314.712136,0.752502,0.291670,0.125249,0.338018,112.242180,0.103928,0.462944,0.762520,5,1,4:0 4:1 4:2 5:0 5:1 5:2 6:0 6:1 6:2,0/6/4/0,3,3,
165,703,19.765000,0,,0.854645,48.000000,31.000000,1.000000,4661.165253,1439.625315,310.650645,0.750196,0.287906,0.122878,0.336252,113.049431,0.104675,0.463857,0.759254,5,1,4:0 4:1 4:2 5:0 5:1 5:2 6:0 6:1 6:2,0/6/4/0,3,3,
166,705,19.906000,0,,0.817051,44.000000,30.000000,0.916667,4650.131305,1431.065699,309.862234,0.745735,0.287175,0.119817,0.333705,117.429604,0.108731,0.459739,0.751848,5,1,4:0 4:1 4:2 5:0 5:1 5:2 6:0 6:1 6:2,0/6/3/0,3,2,
167,707,20.031000,0,,0.810290,44.000000,30.000000,0.916667,4882.439644,1423.469008,308.924654,0.741776,0.286306,0.117471,0.331906,120.861473,0.111909,0.456335,0.744534,5,1,4:0 4:1 4:2 5:0 5:1 5:2 6:0 6:1 6:2,0/6/3/0,2,2,
168,709,20.156000,0,,0.840814,48.000000,31.000000,1.000000,4791.770598,1425.494754,306.819835,0.742832,0.284356,0.117651,0.331962,118.725250,0.109931,0.459282,0.741047,5,1,4:0 4:1 4:2 5:0 5:1 5:2 6:0 6:1 6:2,0/6/3/0,2,2,
169,711,20.281000,0,,0.835513,48.000000,31.000000,1.000000,4903.485436,1421.602186,304.139002,0.740804,0.281871,0.115051,0.329837,120.308372,0.111397,0.459492,0.736140,5,1,4:0 4:1 4:2 5:0 5:1 5:2 6:0 6:1 6:2,0/6/2/0,2,2,
170,713,20.406000,0,,0.792232,44.000000,30.000000,0.916667,5243.860933,1413.434654,303.565228,0.736548,0.281339,0.109805,0.326005,128.941544,0.119390,0.455559,0.731422,5,1,4:0 4:1 4:2 5:0 5:1 5:2 6:0 6:1 6:2,0/5/1/0,2,2,
171,715,20.547000,0,,0.830405,48.000000,31.000000,1.000000,4741.965098,1417.238917,292.650875,0.738530,0.271224,0.109966,0.326713,119.318466,0.110480,0.467408,0.740577,5,1,4:0 4:1 4:2 5:0 5:1 5:2 6:0 6:1 6:2,0/5/3/0,2,2,
172,717,20.672000,1,16,0.833440,48.000000,31.000000,1.000000,5377.968841,1422.132879,283.428149,0.741080,0.262677,0.108102,0.326218,114.094994,0.105644,0.478418,0.749920,5,1,4:0 4:1 4:2 5:0 5:1 5:2 6:0 6:1 6:2,0/6/5/0,2,2,0.209214
173,719,20.812000,0,,0.842240,48.000000,31.000000,1.000000,5459.639131,1426.837837,274.598717,0.743532,0.254494,0.108253,0.325877,104.030113,0.096324,0.489042,0.755522,5,1,4:0 4:1 5:0 5:1 5:2 6:0 6:1 6:2,0/6/6/0,3,2,
174,721,20.937000,0,,0.842863,48.000000,31.000000,1.000000,5522.893036,1427.187922,268.941957,0.743714,0.249251,0.106406,0.324040,100.522064,0.093076,0.494513,0.757462,5,1,4:0 4:1 5:0 5:1 5:2 6:0 6:1 6:2,0/5/7/0,3,2,
175,723,21.062000,0,,0.848711,48.000000,31.000000,1.000000,5206.872712,1431.255427,260.327735,0.745834,0.241268,0.105759,0.323350,92.828041,0.085952,0.504731,0.762414,5,1,4:0 4:1 5:0 5:1 5:2 6:0 6:1 6:2,0/6/8/0,3,2,
176,725,21.187000,0,,0.852616,48.000000,31.000000,1.000000,5354.222244,1432.263901,253.030502,0.746360,0.234505,0.104769,0.322534,86.964622,0.080523,0.512212,0.766769,5,1,4:0 4:1 5:0 5:1 6:0 6:1 6:2,0/6/8/0,3,2,
177,727,21.312000,0,,0.858354,48.000000,31.000000,1.000000,5240.681912,1427.486839,244.020141,0.743870,0.226154,0.103770,0.320731,78.189018,0.072397,0.518583,0.768440,5,1,4:0 4:1 5:0 5:1 6:0 6:1,0/5/8/0,3,2,
178,729,21.437000,0,,0.857972,48.000000,31.000000,1.000000,5389.118978,1424.071541,239.742440,0.742090,0.222189,0.102189,0.318637,75.513649,0.069920,0.521127,0.765684,5,1,4:0 4:1 5:0 5:1 6:0 6:1,0/4/9/0,3,2,
179,731,21.562000,0,,0.862469,48.000000,31.000000,1.000000,5283.495851,1421.820048,234.307880,0.740917,0.217153,0.101911,0.317873,69.513374,0.064364,0.525440,0.767184,5,1,4:0 4:1 5:0 5:1 6:0 6:1,0/4/10/0,3,2,
180,733,21.687000,1,17,0.871175,48.000000,31.000000,1.000000,5020.207821,1421.081764,226.467572,0.740532,0.209887,0.102671,0.318874,61.033096,0.056512,0.532957,0.775089,5,1,4:0 4:1 5:0 5:1 6:0 6:1,0/4/11/0,3,2,0.210622
181,735,21.812000,0,,0.854842,44.000000,30.000000,0.916667,4976.637019,1417.568057,215.601093,0.738701,0.199816,0.103934,0.320912,48.647388,0.045044,0.542382,0.786109,5,0,4:0 4:1 5:0 5:1 6:0 6:1,0/4/13/0,3,2,
182,737,21.937000,0,,0.864042,46.000000,30.000000,0.958333,5009.160268,1419.562418,214.710103,0.739741,0.198990,0.101005,0.319268,51.902306,0.048058,0.544211,0.792066,5,0,4:0 4:1 5:0 5:1 6:0 6:1,0/3/12/0,3,2,
183,739,22.062000,1,18,0.865752,46.000000,30.000000,0.958333,5101.640395,1415.453924,212.500951,0.737600,0.196942,0.100996,0.319492,49.950294,0.046250,0.544605,0.793497,5,0,4:0 4:1 5:0 5:1 6:0 6:1,0/3/13/0,3,2,0.234116
184,741,22.187000,0,,0.863695,46.000000,30.000000,0.958333,4910.668434,1403.121144,212.126117,0.731173,0.196595,0.099874,0.318493,50.158566,0.046443,0.539436,0.790482,5,0,3:1 4:0 4:1 5:0 5:1 6:0 6:1,0/2/13/0,3,2,
185,743,22.312000,0,,0.863487,46.000000,30.000000,0.958333,5120.944241,1394.992525,212.184088,0.726937,0.196649,0.099731,0.318330,50.107227,0.046396,0.535766,0.790051,5,0,3:1 4:0 4:1 5:0 5:1 6:0 6:1,0/2/13/0,3,2,
186,745,22.437000,1,19,0.882996,48.000000,31.000000,1.000000,5240.534800,1381.779015,205.781266,0.720052,0.190715,0.100667,0.319768,45.869568,0.042472,0.536805,0.793069,5,0,3:1 4:0 4:1 5:0 5:1 6:0 6:1,0/1/16/0,3,2,0.223203
187,747,22.562000,0,,0.817805,40.000000,28.000000,0.833333,5058.072856,1397.451318,217.969574,0.728219,0.202011,0.098290,0.318122,52.138069,0.048276,0.530813,0.799971,5,1,3:0 3:1 4:0 4:1 5:0 5:1 6:0 6:1,0/1/12/0,3,2,
188,749,22.672000,0,,0.865753,46.000000,30.000000,0.958333,5061.486260,1389.849214,210.615296,0.724257,0.195195,0.099445,0.318807,48.426945,0.044840,0.535159,0.798968,5,0,3:0 3:1 4:0 4:1 5:0 5:1 6:0 6:1,0/1/14/0,3,2,
189,751,22.797000,0,,0.862192,46.000000,30.000000,0.958333,5087.788776,1386.217466,213.316124,0.722364,0.197698,0.098869,0.317693,51.257545,0.047461,0.530721,0.794725,5,0,3:0 3:1 4:0 4:1 5:0 5:1 6:0 6:1,0/1/14/0,3,2,
190,753,22.906000,0,,0.817886,40.000000,28.000000,0.833333,4881.367011,1393.385513,219.624065,0.726100,0.203544,0.098620,0.317299,52.301918,0.048428,0.527271,0.798518,5,1,3:0 3:1 4:0 4:1 5:0 5:1 6:0 6:1,0/1/12/0,3,2,
191,755,23.031000,0,,0.853267,44.000000,29.000000,0.916667,4607.918481,1389.092443,216.292397,0.723863,0.200456,0.100726,0.317715,47.981342,0.044427,0.528849,0.799679,5,1,3:0 3:1 4:0 4:1 5:0 5:1 6:0 6:1,0/0/12/0,3,2,
192,757,23.140000,0,,0.829006,42.000000,28.000000,0.875000,4313.971514,1378.705933,226.398956,0.718450,0.209823,0.099506,0.315916,57.993919,0.053698,0.513660,0.797126,5,1,3:0 3:1 4:0 4:1 5:0 5:1 6:0 6:1,0/0/10/0,3,2,
193,759,23.250000,0,,0.833465,42.000000,28.000000,0.875000,3940.639624,1369.756397,228.790792,0.713787,0.212040,0.101657,0.317270,55.738762,0.051610,0.507200,0.796811,4,1,3:0 3:1 4:0 4:1 5:0 5:1 6:1,0/0/10/0,3,2,
194,761,23.359000,0,,0.832498,42.000000,28.000000,0.875000,4068.287885,1358.513300,235.558634,0.707928,0.218312,0.103076,0.317977,58.185955,0.053876,0.495141,0.790791,4,1,3:0 3:1 4:0 4:1 5:0 5:1 6:1,0/0/10/0,3,2,
195,763,23.468000,0,,0.834960,42.000000,28.000000,0.875000,4244.478712,1354.497995,239.089926,0.705835,0.221585,0.104730,0.319574,57.664848,0.053393,0.489660,0.790348,4,1,3:0 3:1 4:0 4:1 5:0 5:1 6:1,0/0/10/0,3,2,
196,765,23.593000,0,,0.778357,40.000000,27.000000,0.833333,4147.857494,1345.904630,246.084748,0.701357,0.228067,0.096310,0.313911,87.845329,0.081338,0.478523,0.737630,4,1,3:0 3:1 4:0 4:1 5:0 5:1 6:1,0/0/8/0,2,2,
197,767,23.703000,0,,0.768690,40.000000,27.000000,0.833333,4089.248085,1340.373685,252.895618,0.698475,0.234380,0.094690,0.312193,96.809647,0.089639,0.468928,0.733181,4,1,3:0 3:1 4:0 4:1 5:0 5:1,0/0/8/0,2,2,
198,769,23.828000,1,20,0.836139,42.000000,28.000000,0.875000,4637.505197,1343.873204,253.097746,0.700299,0.234567,0.106681,0.320852,59.243679,0.054855,0.470264,0.789607,4,1,3:0 3:1 4:0 4:1 5:0 5:1,0/0/10/0,3,2,0.221001
199,771,23.953000,0,,0.742758,40.000000,27.000000,0.833333,4960.439988,1330.010190,264.303337,0.693075,0.244952,0.088713,0.308067,119.599022,0.110740,0.452388,0.728766,4,1,3:0 3:1 4:0 4:1 5:0 5:1,0/0/8/0,2,2,
200,773,24.078000,0,,0.749404,40.000000,27.000000,0.833333,5269.102048,1328.536990,261.571793,0.692307,0.242421,0.089031,0.309610,113.692116,0.105270,0.454597,0.739965,4,1,3:0 3:1 4:0 4:1 5:0 5:1,0/0/8/0,2,2,
201,775,24.203000,0,,0.763761,40.000000,27.000000,0.833333,5458.418888,1330.265326,257.065260,0.693208,0.238244,0.091433,0.312448,101.929276,0.094379,0.460099,0.754581,4,1,3:0 3:1 4:0 4:1 5:0 5:1,0/0/8/0,3,2,
202,777,24.328000,0,,0.770918,40.000000,27.000000,0.833333,5627.919589,1327.360370,253.504385,0.691694,0.234944,0.092150,0.313076,94.990456,0.087954,0.462604,0.760451,4,1,3:0 3:1 4:0 4:1 5:0 5:1,0/0/8/0,3,2,
203,779,24.453000,0,,0.774482,40.000000,27.000000,0.833333,5633.433456,1327.119818,251.353556,0.691568,0.232950,0.092566,0.313321,91.761955,0.084965,0.464788,0.764041,4,1,3:0 3:1 4:0 4:1 5:0 5:1,0/0/8/0,3,2,
204,781,24.578000,0,,0.774423,40.000000,27.000000,0.833333,5733.486625,1328.186627,251.907449,0.692124,0.233464,0.092545,0.313202,91.960831,0.085149,0.464658,0.764848,4,1,3:0 3:1 4:0 4:1 5:0 5:1,0/0/8/0,3,2,
205,783,24.718000,0,,0.772145,40.000000,27.000000,0.833333,5534.168479,1325.824435,250.987179,0.690893,0.232611,0.091906,0.312610,93.427971,0.086507,0.464623,0.762683,4,1,3:0 3:1 4:0 4:1 5:0 5:1,0/0/8/0,3,2,
206,785,24.859000,0,,0.773498,40.000000,27.000000,0.833333,5064.327687,1316.416158,247.284826,0.685991,0.229180,0.092558,0.312718,92.277634,0.085442,0.464621,0.760203,4,1,3:0 3:1 4:0 4:1 5:0 5:1,0/0/8/0,3,2,
207,787,25.000000,0,,0.770383,40.000000,27.000000,0.833333,4591.175690,1296.165071,246.423027,0.675438,0.228381,0.093382,0.311274,93.876778,0.086923,0.457286,0.740592,4,1,3:0 3:1 4:0 4:1 5:0 5:1,0/0/8/0,2,2,
208,789,25.140000,0,,0.750968,36.000000,26.000000,0.750000,4561.556018,1283.761115,250.520710,0.668974,0.232179,0.097337,0.313594,85.739563,0.079388,0.447840,0.729847,4,1,3:0 3:1 4:0 4:1 5:0 5:1,0/0/8/0,2,2,
209,791,25.281000,0,,0.793555,40.000000,27.000000,0.833333,4133.960937,1268.921712,246.837471,0.661241,0.228765,0.103389,0.318459,75.021118,0.069464,0.446245,0.712306,4,1,3:0 3:1 4:0 4:1 5:0 5:1,0/0/8/0,2,2,
210,793,25.422000,0,,0.784109,39.000000,26.000000,0.812500,4051.309546,1257.168409,254.844700,0.655116,0.236186,0.105389,0.318955,76.266373,0.070617,0.432802,0.687207,4,1,3:0 3:1 4:0 4:1 5:0 5:1 5:2,0/0/6/0,2,2,
211,795,25.562000,0,,0.794660,39.000000,26.000000,0.812500,3903.058182,1244.202396,253.571443,0.648360,0.235006,0.110008,0.323286,67.628265,0.062619,0.429494,0.673517,4,1,3:0 3:1 4:0 4:1 5:0 5:1 5:2,0/0/6/0,2,2,
212,797,25.687000,0,,0.740197,33.000000,24.000000,0.687500,3733.810994,1241.182713,261.929273,0.646786,0.242752,0.108717,0.324101,78.628319,0.072804,0.418862,0.669754,4,1,3:0 3:1 4:0 4:1 5:0 5:1 5:2,0/0/6/0,2,2,
213,799,25.828000,0,,0.744782,33.000000,24.000000,0.687500,3565.624613,1233.312883,258.257568,0.642685,0.239349,0.110624,0.325108,73.785179,0.068320,0.420233,0.659060,4,1,3:0 3:1 4:0 4:1 5:0 5:1 5:2,0/0/6/0,2,2,
214,801,25.953000,0,,0.819530,39.000000,26.000000,0.812500,3607.019417,1235.460775,238.971869,0.643804,0.221475,0.118061,0.332761,58.810703,0.054454,0.443296,0.724945,4,1,3:0 3:1 4:0 4:1 5:0 5:1 5:2,0/0/8/0,2,2,
215,803,26.093000,0,,0.810347,39.000000,26.000000,0.812500,3865.413934,1229.032402,242.125919,0.640455,0.224398,0.118462,0.332945,67.949295,0.062916,0.437456,0.707291,4,1,3:0 3:1 4:0 4:1 5:0 5:1 5:2,0/0/8/0,2,2,
216,805,26.234000,0,,0.790377,37.000000,25.000000,0.770833,3971.530588,1228.717095,255.027981,0.640290,0.236356,0.118721,0.331977,71.834793,0.066514,0.422350,0.689148,4,1,3:0 3:1 4:0 4:1 4:2 5:0 5:1 5:2,0/0/6/0,2,2,
217,807,26.359000,0,,0.761059,33.000000,24.000000,0.687500,3953.007233,1220.681345,262.599218,0.636103,0.243373,0.119494,0.331949,71.348412,0.066063,0.410808,0.679011,4,1,3:0 3:1 4:0 4:1 4:2 5:0 5:1 5:2,0/0/6/0,2,2,
218,809,26.484000,0,,0.751794,33.000000,24.000000,0.687500,4250.789500,1209.982477,267.553477,0.630528,0.247964,0.117882,0.328858,77.266266,0.071543,0.401396,0.661509,4,1,3:0 3:1 4:0 4:1 4:2 5:0 5:1 5:2,0/0/5/0,2,2,
219,811,26.625000,0,,0.772134,37.000000,25.000000,0.770833,4615.150611,1195.882789,266.500457,0.623180,0.246988,0.116785,0.326814,83.809929,0.077602,0.397965,0.645725,4,1,3:0 3:1 4:0 4:1 4:2 5:0 5:1 5:2,0/0/4/0,2,2,
220,813,26.750000,0,,0.774581,37.000000,25.000000,0.770833,4983.777673,1193.489796,266.351311,0.621933,0.246850,0.118324,0.327801,81.988724,0.075915,0.397373,0.639478,4,1,3:0 3:1 4:0 4:1 4:2 5:0 5:1 5:2,0/0/5/0,2,2,
221,815,26.875000,0,,0.780968,37.000000,25.000000,0.770833,5053.773721,1192.860205,262.589775,0.621605,0.243364,0.120470,0.330289,77.278297,0.071554,0.401621,0.639430,4,1,3:0 3:1 4:0 4:1 4:2 5:0 5:1 5:2,0/0/5/0,2,3,
222,817,27.015000,0,,0.751092,32.000000,23.000000,0.666667,5069.891107,1200.862215,271.924816,0.625775,0.252016,0.123083,0.333288,72.773285,0.067383,0.393232,0.637741,4,1,3:0 3:1 4:0 4:1 4:2 5:0 5:1,0/0/4/0,2,3,
223,819,27.140000,0,,0.776247,36.000000,24.000000,0.750000,5186.417762,1190.068119,267.992829,0.620150,0.248371,0.123382,0.332877,76.054062,0.070420,0.394342,0.625311,4,1,3:0 3:1 4:0 4:1 4:2 5:0 5:1,0/0/4/0,2,3,
224,821,27.281000,0,,0.818614,38.000000,25.000000,0.791667,5303.415562,1188.115189,265.880464,0.619132,0.246414,0.129835,0.338305,58.271221,0.053955,0.396229,0.663748,4,1,3:0 3:1 4:0 4:1 4:2 5:0 5:1,0/0/5/0,2,3,
225,823,27.406000,0,,0.811085,38.000000,25.000000,0.791667,5872.836779,1184.585697,270.676190,0.617293,0.250858,0.128929,0.337117,64.810440,0.060010,0.389434,0.654964,4,1,3:0 3:1 4:0 4:1 4:2 5:0 5:1,0/0/4/0,2,3,
226,825,27.531000,0,,0.813205,38.000000,25.000000,0.791667,5676.240267,1186.576745,267.024185,0.618331,0.247474,0.128698,0.336379,62.430962,0.057806,0.394390,0.658831,4,1,3:0 3:1 4:0 4:1 4:2 5:0 5:1,0/0/5/0,2,3,
227,827,27.656000,0,,0.817692,38.000000,25.000000,0.791667,5336.530307,1193.709090,262.765374,0.622047,0.243527,0.129425,0.337209,59.075989,0.054700,0.401682,0.665260,4,1,3:0 3:1 4:0 4:1 4:2 5:0 5:1,0/0/5/0,2,3,
228,829,27.781000,0,,0.815376,38.000000,25.000000,0.791667,6116.082757,1199.159364,260.504091,0.624888,0.241431,0.128089,0.335054,60.003399,0.055559,0.406091,0.666041,4,1,3:0 3:1 4:0 4:1 4:2 5:0 5:1,0/0/6/0,2,3,
229,831,27.906000,0,,0.811127,38.000000,25.000000,0.791667,5975.004246,1197.644881,260.016907,0.624098,0.240980,0.126438,0.332579,62.177265,0.057572,0.406182,0.663040,4,1,3:0 3:1 4:0 4:1 4:2 5:0 5:1,0/0/6/0,2,3,
230,833,28.031000,0,,0.775463,34.000000,24.000000,0.708333,6631.224233,1201.072538,267.538447,0.625885,0.247950,0.124348,0.329255,66.255287,0.061347,0.398437,0.658623,4,1,3:0 3:1 4:0 4:1 4:2 5:0 5:1,0/0/6/0,2,3,
231,835,28.156000,0,,0.804006,38.000000,25.000000,0.791667,6521.677142,1194.807122,261.221558,0.622620,0.242096,0.124288,0.329161,66.671043,0.061732,0.403857,0.657119,4,1,3:0 3:1 4:0 4:1 4:2 5:0 5:1,0/0/6/0,2,3,
232,837,28.281000,0,,0.810146,38.000000,25.000000,0.791667,6557.227617,1193.808558,259.149485,0.622099,0.240176,0.126080,0.331522,62.628284,0.057989,0.405997,0.661895,4,1,3:0 3:1 4:0 4:1 4:2 5:0 5:1,0/0/6/0,2,3,
233,839,28.406000,0,,0.807274,38.000000,25.000000,0.791667,6657.283443,1194.698331,260.033677,0.622563,0.240995,0.125313,0.330461,64.598541,0.059813,0.405229,0.659455,4,1,3:0 3:1 4:0 4:1 4:2 5:0 5:1,0/0/6/0,2,3,
234,841,28.531000,0,,0.811733,38.000000,25.000000,0.791667,6399.816942,1198.322858,258.227556,0.624452,0.239321,0.126418,0.331954,61.570477,0.057010,0.408514,0.664136,4,1,3:0 3:1 4:0 4:1 4:2 5:0 5:1,0/0/7/0,2,3,
235,843,28.672000,0,,0.814024,38.000000,25.000000,0.791667,6588.874254,1201.541441,256.030538,0.626129,0.237285,0.126711,0.332297,59.715595,0.055292,0.412135,0.667353,4,1,3:0 3:1 4:0 4:1 4:2 5:0 5:1,0/0/7/0,2,3,
236,845,28.812000,0,,0.818858,38.000000,25.000000,0.791667,6483.768314,1199.550328,253.697738,0.625091,0.235123,0.127849,0.333872,56.100163,0.051945,0.414265,0.671227,4,1,3:0 3:1 4:0 4:1 4:2 5:0 5:1,0/0/7/0,2,3,
237,846,28.906000,0,,0.814748,38.000000,25.000000,0.791667,6454.891949,1199.215380,256.466365,0.624917,0.237689,0.127261,0.333083,59.586044,0.055172,0.410880,0.666799,4,1,3:0 3:1 4:0 4:1 4:2 5:0 5:1,0/0/7/0,2,3,
238,847,29.000000,0,,0.812128,38.000000,25.000000,0.791667,6472.334304,1198.345390,258.265049,0.624463,0.239356,0.126833,0.332538,61.689976,0.057120,0.408476,0.663826,4,1,3:0 3:1 4:0 4:1 4:2 5:0 5:1,0/0/6/0,2,3,
239,849,29.140000,0,,0.814263,38.000000,25.000000,0.791667,6386.589466,1196.607025,258.294954,0.623558,0.239384,0.127843,0.334149,60.719463,0.056222,0.407891,0.664407,4,1,3:0 3:1 4:0 4:1 4:2 5:0 5:1,0/0/6/0,2,3,
240,851,29.281000,0,,0.813789,38.000000,25.000000,0.791667,6390.543134,1200.062690,257.815420,0.625358,0.238939,0.127495,0.333660,60.889023,0.056379,0.409555,0.665100,4,1,3:0 3:1 4:0 4:1 4:2 5:0 5:1,0/0/6/0,2,3,
241,853,29.422000,1,21,0.785162,34.000000,24.000000,0.708333,6411.321012,1203.785630,262.683198,0.627298,0.243451,0.127016,0.333055,59.710033,0.055287,0.405025,0.666746,4,1,3:0 3:1 4:0 4:1 4:2 5:0 5:1,0/0/6/0,2,3,0.202810
242,855,29.562000,0,,0.814952,38.000000,25.000000,0.791667,6213.417490,1199.845510,255.980247,0.625245,0.237238,0.127279,0.333589,59.336128,0.054941,0.411655,0.666724,4,1,3:0 3:1 4:0 4:1 4:2 5:0 5:1,0/0/6/0,2,3,
243,857,29.687000,0,,0.813380,38.000000,25.000000,0.791667,5406.522229,1196.020315,260.083702,0.623252,0.241041,0.128404,0.336142,62.199394,0.057592,0.405587,0.661325,4,1,3:0 3:1 4:0 4:1 4:2 5:0 5:1,0/0/6/0,2,3,
244,859,29.828000,0,,0.818540,38.000000,25.000000,0.791667,4567.621185,1190.476765,262.693440,0.620363,0.243460,0.131369,0.341974,60.379967,0.055907,0.400749,0.660958,4,1,3:0 3:1 4:0 4:1 4:2 5:0 5:1 5:2,0/0/5/0,2,3,
245,861,29.953000,1,22,0.830106,39.000000,26.000000,0.812500,3708.972282,1178.032640,259.579481,0.613878,0.240574,0.132056,0.345145,56.421833,0.052242,0.400675,0.663201,4,1,2:1 3:0 3:1 4:0 4:1 4:2 5:0 5:1 5:2,0/0/6/0,2,3,0.330085
246,863,30.078000,0,,0.800069,39.000000,26.000000,0.812500,3983.343320,1158.098717,258.300010,0.603491,0.239388,0.123016,0.338692,77.128716,0.071415,0.396557,0.646958,4,1,2:1 3:0 3:1 4:0 4:1 4:2 5:0 5:1 5:2,0/0/6/0,2,3,
247,865,30.203000,0,,0.779000,39.000000,26.000000,0.812500,3870.477906,1150.583695,261.476107,0.599575,0.242332,0.114815,0.331459,92.345139,0.085505,0.390661,0.655068,4,1,2:1 3:0 3:1 4:0 4:1 4:2 5:0 5:1 5:2,0/0/6/0,2,2,
248,867,30.343000,0,,0.814385,41.000000,27.000000,0.854167,3810.935991,1127.961171,258.070092,0.587786,0.239175,0.117868,0.332501,71.300682,0.066019,0.389194,0.659322,4,1,2:0 2:1 3:0 3:1 4:0 4:1 4:2 5:0 5:1 5:2,0/0/7/0,2,2,
249,869,30.468000,1,23,0.833918,43.000000,28.000000,0.895833,4326.904774,1118.261705,257.169914,0.582731,0.238341,0.118227,0.330816,63.642357,0.058928,0.388098,0.649846,4,1,2:0 2:1 3:0 3:1 4:0 4:1 4:2 5:0 5:1 5:2,0/0/7/0,2,2,0.204499
250,871,30.593000,0,,0.836087,44.000000,29.000000,0.916667,4483.104755,1102.873032,256.382918,0.574712,0.237612,0.116302,0.328707,66.796745,0.061849,0.385823,0.648421,4,1,2:0 2:1 3:0 3:1 4:0 4:1 4:2 5:0 5:1,0/0/8/0,2,2,
251,873,30.718000,0,,0.832406,44.000000,29.000000,0.916667,4500.095689,1091.291680,260.732822,0.568677,0.241643,0.114813,0.327390,69.493103,0.064345,0.378061,0.650518,3,1,2:0 2:1 3:0 3:1 4:0 4:1 4:2,0/0/8/0,2,2,
252,875,30.843000,1,24,0.851744,46.000000,30.000000,0.958333,4369.924955,1074.540521,262.329918,0.559948,0.243123,0.116621,0.328702,64.929718,0.060120,0.373040,0.643235,3,1,2:0 2:1 3:0 3:1 3:2 4:0 4:1 4:2,0/0/8/0,2,2,0.258340
253,877,30.984000,0,,0.835461,46.000000,30.000000,0.958333,4249.674627,1058.151476,274.046450,0.551408,0.253982,0.114023,0.326929,80.006653,0.074080,0.355437,0.634513,3,1,2:0 2:1 2:2 3:0 3:1 3:2 4:0 4:1 4:2,0/0/6/0,2,2,
254,879,31.109000,0,,0.795303,42.000000,29.000000,0.875000,4384.013257,1038.765282,283.833011,0.541306,0.263052,0.112958,0.326451,89.965363,0.083301,0.340149,0.621589,3,1,2:0 2:1 2:2 3:0 3:1 3:2 4:0 4:1 4:2,0/0/6/0,2,2,
255,881,31.250000,0,,0.820603,46.000000,30.000000,0.958333,4781.693434,1016.622536,287.716674,0.529767,0.266651,0.113337,0.327648,94.442589,0.087447,0.332679,0.615604,3,1,2:0 2:1 2:2 3:0 3:1 3:2 4:0 4:1 4:2,0/0/6/0,2,2,
256,883,31.375000,0,,0.754719,38.000000,28.000000,0.791667,4131.333047,995.399372,311.992486,0.518707,0.289150,0.113148,0.328085,101.433609,0.093920,0.299359,0.602839,3,1,2:0 2:1 2:2 3:0 3:1 3:2 4:0 4:1 4:2,0/0/4/0,2,2,
257,885,31.500000,0,,0.801482,46.000000,30.000000,0.958333,4105.289662,969.416926,304.841457,0.505168,0.282522,0.112622,0.327579,111.897789,0.103609,0.307647,0.584043,3,1,2:0 2:1 2:2 3:0 3:1 3:2 4:0 4:1 4:2,0/0/6/0,2,2,
258,887,31.640000,0,,0.786256,46.000000,30.000000,0.958333,4375.346027,946.699735,315.712236,0.493330,0.292597,0.110639,0.326048,125.102585,0.115836,0.293464,0.567456,3,1,2:0 2:1 2:2 3:0 3:1 3:2 4:0 4:1 4:2,0/0/4/0,2,2,
259,889,31.765000,0,,0.804375,48.000000,31.000000,1.000000,4761.919118,921.328922,312.477398,0.480109,0.289599,0.111974,0.327766,126.980072,0.117574,0.298879,0.589246,3,1,2:0 2:1 2:2 3:0 3:1 3:2 4:0 4:1 4:2,0/0/2/0,2,2,
260,891,31.906000,0,,0.789829,46.000000,30.000000,0.958333,4826.730685,915.754015,322.075762,0.477204,0.298495,0.114740,0.330347,126.955704,0.117552,0.286789,0.565659,3,1,2:0 2:1 2:2 3:0 3:1 3:2 4:0 4:1 4:2,0/0/2/0,2,2,
261,893,32.031000,0,,0.814908,48.000000,31.000000,1.000000,5481.933541,893.669857,315.340718,0.465696,0.292253,0.117766,0.332246,121.766861,0.112747,0.297777,0.583010,3,1,2:0 2:1 2:2 3:0 3:1 3:2 4:0 4:1 4:2,0/0/3/0,2,2,
262,895,32.172000,0,,0.804472,46.000000,30.000000,0.958333,5306.730115,897.821489,322.663278,0.467859,0.299039,0.119342,0.332671,117.136421,0.108460,0.287813,0.573327,3,1,2:0 2:1 2:2 3:0 3:1 3:2 4:0 4:1 4:2,0/0/3/0,2,2,
263,897,32.297000,0,,0.823051,46.000000,30.000000,0.958333,4744.355556,884.926512,313.274387,0.461139,0.290338,0.122977,0.336171,102.281059,0.094705,0.301557,0.589605,3,1,2:0 2:1 2:2 3:0 3:1 3:2 4:0 4:1 4:2,0/0/5/0,2,3,
264,899,32.422000,0,,0.840783,46.000000,30.000000,0.958333,4133.097350,870.980195,304.987344,0.453872,0.282657,0.126576,0.339520,88.288933,0.081749,0.314215,0.604998,3,1,2:0 2:1 2:2 3:0 3:1 3:2 4:0 4:1 4:2,0/0/5/0,2,3,
265,901,32.562000,0,,0.822727,41.000000,28.000000,0.854167,4147.681664,852.071722,297.396734,0.444019,0.275623,0.130441,0.343598,73.727882,0.068267,0.327045,0.619647,3,1,1:1 1:2 2:0 2:1 2:2 3:0 3:1 3:2 4:0 4:1 4:2,0/0/6/0,2,3,
266,903,32.703000,0,,0.877066,46.000000,30.000000,0.958333,4725.145811,821.221144,288.479572,0.427942,0.267358,0.134538,0.347182,60.224838,0.055764,0.344426,0.634279,2,1,1:0 1:1 1:2 2:0 2:1 2:2 3:0 3:1 3:2 4:0 4:1,0/0/7/0,2,3,
267,904,32.797000,1,25,0.882952,46.000000,30.000000,0.958333,5079.204329,808.972189,285.430298,0.421559,0.264532,0.135709,0.348217,55.491669,0.051381,0.350993,0.639140,2,1,1:1 1:2 2:0 2:1 2:2 3:0 3:1 3:2 4:1,0/0/7/0,2,3,0.331623
268,906,32.937000,0,,0.810531,40.000000,28.000000,0.833333,4358.178700,804.166885,289.005906,0.419055,0.267846,0.127838,0.342039,74.275917,0.068774,0.347700,0.612088,2,1,1:1 1:2 2:0 2:1 2:2 3:0 3:1 3:2 4:1,0/0/6/0,2,3,
269,907,33.031000,0,,0.852849,44.000000,29.000000,0.916667,4730.134180,771.429569,275.888972,0.401996,0.255690,0.129853,0.344464,63.438385,0.058739,0.372270,0.626740,2,1,1:0 1:1 1:2 2:0 2:1 2:2 3:0 3:1,0/0/6/0,2,3,
270,909,33.172000,1,26,0.801601,36.000000,27.000000,0.750000,4367.847361,754.182576,286.773962,0.393008,0.265778,0.130258,0.345502,56.840759,0.052630,0.364163,0.636563,2,1,1:0 1:1 1:2 2:0 2:1 2:2 3:0 3:1,0/0/5/0,2,3,0.384884
271,911,33.312000,1,27,0.856370,44.000000,29.000000,0.916667,4460.520008,727.356083,270.356201,0.379029,0.250562,0.130490,0.345853,61.228584,0.056693,0.392055,0.633386,2,1,1:0 1:1 1:2 2:0 2:1 2:2 3:0 3:1,0/0/7/0,2,3,0.353336
272,912,33.406000,0,,0.854755,44.000000,29.000000,0.916667,4713.327987,718.500480,273.209591,0.374414,0.253206,0.130739,0.345956,63.385883,0.058691,0.391609,0.631580,2,1,1:0 1:1 1:2 2:0 2:1 2:2 3:0 3:1,0/0/7/0,2,3,
273,914,33.547000,0,,0.807178,39.000000,27.000000,0.812500,4882.387952,707.894597,298.690910,0.368887,0.276822,0.129530,0.344593,73.646736,0.068191,0.366057,0.620598,2,1,1:0 1:1 1:2 2:0 2:1 2:2 3:0 3:1,0/0/4/0,2,3,
274,916,33.687000,0,,0.836857,44.000000,29.000000,0.916667,4817.382689,685.401142,285.686715,0.357166,0.264770,0.128584,0.343570,80.016411,0.074089,0.389191,0.616278,2,1,1:0 1:1 1:2 2:0 2:1 2:2 3:0 3:1,0/0/6/0,2,3,
275,918,33.828000,1,28,0.884519,46.000000,30.000000,0.958333,4642.000475,676.326903,280.030312,0.352437,0.259528,0.137319,0.351365,55.319050,0.051221,0.399003,0.634893,2,1,1:0 1:1 1:2 2:0 2:1 2:2 3:0 3:1,0/0/6/0,2,3,0.311798
276,920,33.968000,1,29,0.854681,42.000000,29.000000,0.875000,5223.328123,662.950773,289.747644,0.345467,0.268533,0.136468,0.351416,54.940926,0.050871,0.393592,0.635763,2,1,1:0 1:1 1:2 2:0 2:1 2:2 3:0 3:1,0/0/5/0,2,3,0.210820
277,922,34.109000,0,,0.833714,42.000000,29.000000,0.875000,5063.182007,655.302092,275.576644,0.341481,0.255400,0.127881,0.344689,75.893402,0.070272,0.412207,0.677367,2,1,1:0 1:1 1:2 2:0 2:1 2:2 3:0 3:1,0/0/6/0,2,3,
278,924,34.250000,0,,0.818927,40.000000,28.000000,0.833333,5178.934965,636.395335,272.580753,0.331629,0.252623,0.127257,0.344896,70.357574,0.065146,0.423188,0.652887,2,1,1:0 1:1 1:2 2:0 2:1 2:2 3:0 3:1,0/0/6/0,2,3,
279,926,34.390000,0,,0.828702,40.000000,28.000000,0.833333,4630.997525,628.526827,262.638648,0.327528,0.243409,0.127183,0.346009,60.864502,0.056356,0.437231,0.669849,2,1,1:0 1:1 1:2 2:0 2:1 3:0 3:1,0/0/7/0,2,3,
280,928,34.531000,0,,0.829740,39.000000,27.000000,0.812500,4660.817207,607.431335,273.927349,0.316535,0.253872,0.127779,0.347064,53.931061,0.049936,0.434139,0.684607,2,1,1:0 1:1 1:2 2:0 2:1 3:0 3:1,0/0/4/0,2,3,
281,930,34.656000,1,30,0.864801,44.000000,29.000000,0.916667,5012.819812,607.919522,251.494319,0.316790,0.233081,0.125595,0.345595,53.643291,0.049670,0.457847,0.692528,2,1,1:0 1:1 1:2 2:0 2:1 3:0 3:1,0/0/8/0,2,3,0.236912
282,931,34.750000,0,,0.834124,40.000000,28.000000,0.833333,4779.024438,604.355109,265.172060,0.314932,0.245757,0.124060,0.344216,53.673359,0.049698,0.444723,0.695777,2,1,1:0 1:1 1:2 2:0 2:1 3:0 3:1,0/0/5/0,2,3,
283,933,34.875000,0,,0.808638,38.000000,27.000000,0.791667,4696.335910,591.197611,257.556502,0.308076,0.238699,0.119284,0.342196,62.970009,0.058306,0.458504,0.711850,2,1,0:2 1:0 1:1 1:2 2:0 2:1 3:0 3:1,0/0/7/0,2,2,
284,935,35.015000,0,,0.815883,38.000000,27.000000,0.791667,4480.190574,585.797736,253.289235,0.305262,0.234744,0.119505,0.343225,56.123981,0.051967,0.465367,0.723041,2,1,0:1 0:2 1:0 1:1 2:0 2:1 3:0 3:1,0/0/8/0,2,2,
285,937,35.140000,0,,0.738823,34.000000,25.000000,0.708333,4085.474355,625.696877,252.812330,0.326054,0.234302,0.103584,0.334255,95.639664,0.088555,0.449116,0.743482,2,1,0:0 0:1 1:0 1:1 2:0 2:1 3:0 3:1,0/0/6/0,2,2,
286,939,35.265000,0,,0.757791,36.000000,26.000000,0.750000,3914.201561,609.482578,233.591697,0.317604,0.216489,0.099739,0.334188,89.795609,0.083144,0.476753,0.775618,2,1,0:0 0:1 1:0 1:1 2:0 2:1 3:0 3:1,0/0/8/0,3,2,
287,940,35.359000,0,,0.797924,40.000000,27.000000,0.833333,3746.042267,574.103461,232.144749,0.299168,0.215148,0.100715,0.335677,79.903297,0.073985,0.492898,0.789471,2,1,0:0 0:1 1:0 1:1 2:0 2:1 3:0 3:1,1/0/8/0,3,2,
288,942,35.484000,0,,0.755256,33.000000,24.000000,0.687500,3395.379329,582.865567,240.509679,0.303734,0.222901,0.103652,0.339825,67.160461,0.062186,0.480218,0.754574,2,1,0:0 0:1 1:0 1:1 2:0 2:1 3:0 3:1,2/0/6/0,3,2,
289,944,35.625000,1,31,0.776029,35.000000,24.000000,0.729167,3233.039143,567.043009,232.799961,0.295489,0.215755,0.104924,0.343380,67.754570,0.062736,0.495217,0.787989,2,1,0:0 0:1 1:0 1:1 2:0 2:1 3:0 3:1,4/0/7/0,3,2,0.238779
290,946,35.765000,0,,0.723810,29.000000,22.000000,0.604167,3265.541113,591.315784,233.578946,0.308137,0.216477,0.101188,0.342732,77.702728,0.071947,0.484141,0.814727,2,1,0:0 0:1 1:0 1:1 2:0 2:1 3:0 3:1,2/0/6/0,3,2,
291,948,35.890000,0,,0.705346,27.000000,21.000000,0.562500,3259.574130,568.867197,242.716545,0.296439,0.224946,0.101344,0.342919,73.107208,0.067692,0.483925,0.763880,2,1,0:0 0:1 1:0 1:1 2:0 2:1 3:0 3:1,3/0/3/0,3,2,
292,950,36.031000,0,,0.736255,31.000000,22.000000,0.645833,3220.175344,560.430083,227.485398,0.292043,0.210830,0.101099,0.342724,71.585052,0.066282,0.503717,0.769761,2,1,0:0 0:1 1:0 1:1 2:0 2:1 3:0 3:1,3/0/5/0,3,2,
293,952,36.156000,0,,0.710070,27.000000,21.000000,0.562500,3048.698827,551.735601,237.853101,0.287512,0.220438,0.101973,0.344872,71.869766,0.066546,0.496600,0.783618,2,1,0:0 0:1 1:0 1:1 2:0 2:1 3:0 3:1,3/0/3/0,3,2,
294,954,36.297000,0,,0.713703,27.000000,21.000000,0.562500,2642.862686,536.204858,236.586739,0.279419,0.219265,0.103470,0.348027,72.783348,0.067392,0.504912,0.799700,1,1,0:0 0:1 1:0 1:1 2:0 2:1 3:0 3:1,3/0/4/0,3,2,
295,956,36.422000,0,,0.731469,29.000000,21.000000,0.604167,2644.646620,508.957425,235.762005,0.265220,0.218500,0.106165,0.352388,75.689919,0.070083,0.518389,0.812771,1,1,0:0 0:1 1:0 1:1 2:0 2:1,4/0/4/0,3,2,
296,958,36.562000,0,,0.701819,25.000000,20.000000,0.520833,2718.623371,530.356238,242.586491,0.276371,0.224825,0.104516,0.344258,76.204758,0.070560,0.501460,0.826335,1,1,0:0 0:1 1:0 1:1 2:0 2:1,4/0/4/0,3,2,
297,960,36.687000,0,,0.675759,24.000000,19.000000,0.500000,2951.277261,535.020009,244.338466,0.278801,0.226449,0.093334,0.312510,71.416161,0.066126,0.497512,0.772419,1,1,0:0 0:1 1:0 1:1 2:0 2:1,3/0/3/0,3,2,
298,962,36.828000,0,,0.666608,23.000000,18.000000,0.479167,2934.471987,537.978468,247.012800,0.280343,0.228928,0.093060,0.313926,74.918633,0.069369,0.493415,0.780387,1,1,0:0 0:1 1:0 1:1 2:0 2:1,3/0/3/0,3,2,
299,964,36.953000,0,,0.691608,26.000000,19.000000,0.541667,2914.849382,525.741549,235.144163,0.273966,0.217928,0.094547,0.316469,74.853882,0.069309,0.511187,0.788144,1,1,0:0 0:1 1:0 1:1 2:0 2:1,3/0/4/0,3,2,
300,965,37.047000,0,,0.689372,26.000000,19.000000,0.541667,2891.068630,522.460565,238.599562,0.272257,0.221130,0.095149,0.317539,79.060310,0.073204,0.509186,0.789717,1,1,0:0 0:1 1:0 1:1 2:0 2:1,3/0/4/0,3,2,
301,967,37.187000,0,,0.656273,23.000000,18.000000,0.479167,2454.549372,521.762975,261.799242,0.271893,0.242631,0.094953,0.317584,91.816322,0.085015,0.486357,0.785625,1,1,0:0 0:1 1:0 1:1 2:0 2:1,3/0/2/0,3,2,
302,968,37.281000,0,,0.679512,24.000000,19.000000,0.500000,2694.579544,504.776399,264.911763,0.263041,0.245516,0.100841,0.320996,80.250221,0.074306,0.491755,0.778533,1,1,0:0 0:1 1:0 1:1 2:0 2:1,3/0/2/0,3,2,
303,970,37.422000,0,,0.733896,30.000000,21.000000,0.625000,2753.408826,498.314548,250.193518,0.259674,0.231875,0.107069,0.325756,76.410736,0.070751,0.509210,0.776302,1,1,0:0 0:1 1:0 1:1 2:0 2:1 2:2,3/0/5/0,3,2,
304,972,37.562000,0,,0.720312,29.000000,20.000000,0.604167,2917.432558,499.664244,254.488480,0.260377,0.235856,0.106076,0.322611,83.537300,0.077349,0.504363,0.779514,1,1,0:0 0:1 1:0 1:1 2:0 2:1 2:2,2/0/5/0,3,2,
305,974,37.703000,0,,0.689900,25.000000,19.000000,0.520833,3050.338078,506.724070,273.674861,0.264056,0.253637,0.107707,0.324987,88.072151,0.081548,0.482419,0.780568,1,1,0:0 0:1 1:1 2:0 2:1 2:2,2/0/3/0,3,2,
306,976,37.843000,0,,0.702702,29.000000,20.000000,0.604167,3173.155104,502.339948,272.733108,0.261772,0.252765,0.105824,0.322168,103.009399,0.095379,0.485547,0.764444,1,1,0:0 0:1 1:0 1:1 2:0 2:1 2:2,2/0/3/0,3,2,
307,977,37.937000,0,,0.697807,29.000000,20.000000,0.604167,3216.699415,505.912064,276.842633,0.263633,0.256573,0.105302,0.321097,107.493225,0.099531,0.479845,0.759348,1,1,0:0 0:1 1:0 1:1 2:0 2:1 2:2,2/0/2/0,3,2,
308,979,38.078000,0,,0.775043,33.000000,22.000000,0.687500,3221.756766,515.762682,260.402086,0.268766,0.241337,0.119296,0.332333,66.857803,0.061905,0.490664,0.750833,1,1,0:0 0:1 1:0 1:1 2:0 2:1 2:2,2/0/6/0,3,2,
309,980,38.172000,0,,0.796319,35.000000,24.000000,0.729167,3024.964306,499.505786,266.452239,0.260295,0.246944,0.121923,0.337902,73.537460,0.068090,0.492942,0.807300,1,1,0:0 0:1 1:0 1:1 1:2 2:0 2:1 2:2,4/0/6/0,3,3,
310,982,38.312000,0,,0.776685,35.000000,24.000000,0.729167,2976.238946,516.780077,279.013709,0.269297,0.258585,0.118968,0.333987,89.190773,0.082584,0.472239,0.782253,1,1,0:0 0:1 1:0 1:1 1:2 2:0 2:1 2:2,4/0/5/0,3,2,
311,983,38.406000,0,,0.741690,31.000000,23.000000,0.645833,3175.320186,533.748742,288.771123,0.278139,0.267628,0.117443,0.331765,92.063637,0.085244,0.454354,0.771243,1,1,0:0 0:1 1:0 1:1 1:2 2:0 2:1 2:2,4/0/5/0,3,2,
312,985,38.531000,0,,0.804341,37.000000,25.000000,0.770833,3123.172265,526.417547,285.084473,0.274319,0.264212,0.131792,0.361414,101.979988,0.094426,0.461580,0.825273,1,1,0:0 0:1 1:0 1:1 1:2 2:0 2:1 2:2,5/0/4/0,3,3,
313,986,38.625000,1,32,0.869864,41.000000,27.000000,0.854167,3195.929850,525.989472,272.427288,0.274096,0.252481,0.145486,0.370333,65.603127,0.060744,0.473916,0.810170,1,1,0:0 0:1 1:0 1:1 1:2 2:0 2:1 2:2,4/0/6/0,3,3,0.262949
314,988,38.765000,0,,0.854406,41.000000,27.000000,0.854167,3304.639282,527.809662,288.880566,0.275044,0.267730,0.144296,0.369474,81.609299,0.075564,0.457284,0.789449,1,1,0:0 0:1 0:2 1:0 1:1 1:2 2:0 2:1 2:2,4/0/5/0,3,3,
315,990,38.890000,1,33,0.898073,44.000000,29.000000,0.916667,3417.863273,523.372020,289.876131,0.272732,0.268653,0.154377,0.376266,60.169231,0.055712,0.458634,0.824443,1,1,0:0 0:1 0:2 1:0 1:1 1:2 2:0 2:1 2:2,5/0/6/0,3,3,0.246494
316,991,38.984000,1,34,0.869680,42.000000,29.000000,0.875000,3346.057644,514.419376,307.782588,0.268066,0.285248,0.160148,0.387621,73.855461,0.068385,0.447016,0.802781,1,1,0:0 0:1 0:2 1:0 1:1 1:2 2:0 2:1 2:2 3:0 3:1 3:2,6/0/5/0,3,3,0.256104
317,993,39.125000,1,35,0.877332,46.000000,30.000000,0.958333,3307.566239,528.833702,324.466478,0.275578,0.300710,0.154605,0.381285,95.528496,0.088452,0.424457,0.770838,1,1,0:0 0:1 0:2 1:0 1:1 1:2 2:0 2:1 2:2 3:0 3:1 3:2,5/0/3/0,3,3,0.324633
318,995,39.265000,1,36,0.911937,48.000000,31.000000,1.000000,3755.251422,534.423132,324.715313,0.278490,0.300941,0.162908,0.386348,76.878685,0.071184,0.421167,0.808377,1,1,0:0 0:1 0:2 1:0 1:1 1:2 2:0 2:1 2:2 3:0 3:1 3:2,5/0/4/0,3,3,0.286997
319,997,39.406000,0,,0.853236,46.000000,30.000000,0.958333,3741.233717,557.031817,342.626069,0.290272,0.317540,0.149974,0.376408,118.187195,0.109433,0.393135,0.726754,2,1,0:0 0:1 0:2 1:0 1:1 1:2 2:0 2:1 2:2 3:0 3:1 3:2,5/0/1/0,2,3,
320,999,39.547000,1,37,0.874328,48.000000,31.000000,1.000000,3744.388804,559.296400,346.563212,0.291452,0.321189,0.150369,0.374185,115.577759,0.107016,0.388499,0.756725,2,1,0:0 0:1 0:2 1:0 1:1 1:2 2:0 2:1 2:2 3:0 3:1 3:2,3/0/2/0,3,3,0.323901
321,1000,39.640000,0,,0.864164,48.000000,31.000000,1.000000,4028.889033,565.370677,351.819938,0.294617,0.326061,0.146661,0.370507,125.956329,0.116626,0.380623,0.742353,2,1,0:0 0:1 0:2 1:0 1:1 1:2 2:0 2:1 2:2 3:0 3:1 3:2,3/0/1/0,2,3,
322,1002,39.765000,0,,0.858711,48.000000,31.000000,1.000000,3948.548750,573.467298,358.245282,0.298837,0.332016,0.141467,0.365422,139.377365,0.129053,0.370636,0.724740,2,1,0:0 0:1 0:2 1:0 1:1 1:2 2:0 2:1 2:2 3:0 3:1 3:2,2/0/0/0,2,3,
323,1003,39.859000,1,38,0.851615,48.000000,31.000000,1.000000,4026.428679,578.688523,364.520792,0.301557,0.337832,0.136312,0.360386,152.774994,0.141458,0.362430,0.709042,2,1,0:1 0:2 1:0 1:1 1:2 2:0 2:1 2:2 3:0 3:1 3:2,1/0/0/0,2,3,0.304272
324,1005,40.000000,0,,0.842359,48.000000,31.000000,1.000000,4041.946016,586.120350,369.260597,0.305430,0.342225,0.131009,0.355093,165.150391,0.152917,0.354261,0.692794,2,1,0:1 0:2 1:0 1:1 1:2 2:0 2:1 2:2 3:0 3:1 3:2,0/0/0/0,2,3,
325,1007,40.140000,0,,0.834877,48.000000,31.000000,1.000000,4054.529157,595.709182,371.532038,0.310427,0.344330,0.127034,0.350641,174.986893,0.162025,0.346904,0.676979,2,1,0:1 0:2 1:0 1:1 1:2 2:0 2:1 2:2 3:0 3:1 3:2,0/0/0/0,2,3,
326,1009,40.281000,0,,0.778289,42.000000,29.000000,0.875000,4415.969432,617.429493,383.432559,0.321745,0.355359,0.125522,0.347736,183.266037,0.169691,0.324640,0.604352,2,1,0:2 1:0 1:1 1:2 2:0 2:1 2:2 3:0 3:1 3:2,0/0/0/0,2,3,
327,1011,40.422000,0,,0.830019,48.000000,31.000000,1.000000,4528.412622,614.149113,376.767486,0.320036,0.349182,0.126402,0.347308,182.805649,0.169264,0.332063,0.650018,2,1,0:2 1:0 1:1 1:2 2:0 2:1 2:2 3:0 3:1 3:2,0/0/0/0,2,3,
328,1012,40.515000,0,,0.829391,48.000000,31.000000,1.000000,4609.236355,618.256288,383.030568,0.322176,0.354987,0.127923,0.346698,183.004074,0.169448,0.324500,0.632796,2,1,1:0 1:1 1:2 2:0 2:1 2:2 3:0 3:1 3:2,0/0/0/0,2,3,
329,1014,40.656000,0,,0.829630,48.000000,31.000000,1.000000,4775.796777,622.774998,386.960820,0.324531,0.358629,0.129192,0.347055,182.369858,0.168861,0.318669,0.623503,2,1,1:0 1:1 1:2 2:0 2:1 2:2 3:0 3:1 3:2,0/0/0/0,2,3,
330,1015,40.750000,0,,0.828118,48.000000,31.000000,1.000000,4801.966429,630.967982,388.991942,0.328800,0.360512,0.129255,0.346222,182.063049,0.168577,0.312302,0.612891,2,1,1:0 1:1 1:2 2:0 2:1 2:2 3:0 3:1 3:2,0/0/0/0,2,3,
331,1016,40.843000,0,,0.826833,48.000000,31.000000,1.000000,5006.482892,635.686176,389.572518,0.331259,0.361050,0.129247,0.345759,180.855133,0.167458,0.309130,0.604384,2,1,1:0 1:1 1:2 2:0 2:1 2:2 3:0 3:1 3:2,0/0/0/0,2,3,
332,1017,40.937000,0,,0.826746,48.000000,31.000000,1.000000,5074.387474,638.659693,389.746018,0.332809,0.361210,0.129512,0.345837,180.566010,0.167191,0.307296,0.601542,2,1,1:0 1:1 1:2 2:0 2:1 2:2 3:0 3:1 3:2,0/0/0/0,2,3,
333,1019,41.078000,0,,0.801242,46.000000,30.000000,0.958333,5221.457467,655.354010,401.390356,0.341508,0.372002,0.129021,0.345002,184.647705,0.170970,0.288108,0.532942,2,1,1:0 1:1 1:2 2:0 2:1 2:2 3:0 3:1 3:2,0/0/0/0,2,3,
334,1020,41.172000,0,,0.825302,48.000000,31.000000,1.000000,5162.652928,645.023049,395.537236,0.336125,0.366578,0.130757,0.346154,182.082169,0.168595,0.298853,0.581237,2,1,1:1 1:2 2:0 2:1 2:2 3:0 3:1 3:2,0/0/0/0,2,3,
335,1021,41.265000,0,,0.806641,46.000000,30.000000,0.958333,4767.684973,646.947269,406.929875,0.337127,0.377136,0.133386,0.347856,180.968567,0.167563,0.288524,0.531527,2,1,1:1 1:2 2:0 2:1 2:2 3:0 3:1 3:2,0/0/0/0,2,3,
336,1023,41.406000,0,,0.775048,42.000000,29.000000,0.875000,4771.239369,646.010454,423.421588,0.336639,0.392420,0.133046,0.346213,193.793823,0.179439,0.276623,0.518264,2,1,1:1 1:2 2:0 2:1 2:2 3:0 3:1 3:2,0/0/0/0,2,3,
337,1024,41.500000,0,,0.803009,46.000000,30.000000,0.958333,4671.470751,646.211993,430.288977,0.336744,0.398785,0.133251,0.345225,199.329803,0.184565,0.271650,0.508465,2,1,1:1 1:2 1:3 2:1 2:2 3:0 3:1 3:2,0/0/0/0,2,3,
338,1025,41.593000,0,,0.821193,48.000000,31.000000,1.000000,4933.305292,642.964282,432.439719,0.335052,0.400778,0.131871,0.343772,209.840317,0.194297,0.272224,0.544294,2,2,1:1 1:2 1:3 2:1 2:2 3:0 3:1 3:2,0/0/0/0,2,3,
339,1026,41.687000,0,,0.800803,46.000000,30.000000,0.958333,4864.865557,648.245488,450.851721,0.337804,0.417842,0.132652,0.343873,218.992737,0.202771,0.257128,0.498893,2,2,1:1 1:2 1:3 2:1 2:2 2:3 3:1 3:2,0/0/0/0,1,3,
340,1027,41.781000,0,,0.819423,48.000000,31.000000,1.000000,5319.886824,635.762946,451.082239,0.331299,0.418056,0.132365,0.343521,226.195496,0.209440,0.265235,0.528262,2,2,1:1 1:2 1:3 2:1 2:2 2:3 3:1 3:2,0/0/0/0,2,3,
341,1028,41.875000,0,,0.820841,48.000000,31.000000,1.000000,5299.366210,633.473199,452.721525,0.330106,0.419575,0.133206,0.344789,227.633987,0.210772,0.265828,0.530512,2,2,1:1 1:2 1:3 2:1 2:2 2:3 3:1 3:2,0/0/0/0,2,3,
342,1029,41.968000,0,,0.804850,46.000000,30.000000,0.958333,5383.985226,639.021856,462.899575,0.332997,0.429008,0.134214,0.345650,228.818039,0.211869,0.256631,0.512483,2,2,1:1 1:2 1:3 2:1 2:2 2:3 3:1 3:2,0/0/0/0,2,3,
343,1031,42.109000,0,,0.822536,48.000000,31.000000,1.000000,5424.914202,625.957790,458.223781,0.326190,0.424674,0.134541,0.345896,230.073456,0.213031,0.267895,0.530370,2,2,1:1 1:2 1:3 2:1 2:2 2:3 3:1 3:2,0/0/0/0,2,3,
344,1032,42.203000,0,,0.822139,48.000000,31.000000,1.000000,5426.626780,625.688314,457.768004,0.326049,0.424252,0.134310,0.345611,229.967712,0.212933,0.268316,0.529700,2,2,1:1 1:2 1:3 2:1 2:2 2:3 3:1 3:2,0/0/0/0,2,3,
345,1033,42.297000,0,,0.804164,46.000000,30.000000,0.958333,5479.801221,637.324477,462.494395,0.332113,0.428632,0.133585,0.345105,229.249802,0.212268,0.257990,0.513304,2,2,1:1 1:2 1:3 2:1 2:2 2:3 3:1 3:2,0/0/0/0,2,3,
346,1034,42.390000,0,,0.792222,44.000000,30.000000,0.916667,5389.273376,627.076112,456.139517,0.326772,0.422743,0.133442,0.345138,230.408203,0.213341,0.268241,0.532135,2,2,1:1 1:2 1:3 2:1 2:2 2:3 3:1 3:2,0/0/0/0,2,3,
347,1035,42.484000,0,,0.820645,48.000000,31.000000,1.000000,5130.215819,624.487886,459.655989,0.325424,0.426002,0.132573,0.345152,238.262360,0.220613,0.268152,0.534629,2,2,1:1 1:2 1:3 2:1 2:2 2:3 3:1 3:2,0/0/0/0,2,3,
348,1036,42.578000,0,,0.819965,48.000000,31.000000,1.000000,5206.358748,622.268029,463.608353,0.324267,0.429665,0.131788,0.345153,245.929977,0.227713,0.267691,0.536818,2,2,1:1 1:2 1:3 2:1 2:2 2:3 3:1 3:2 3:3,0/0/0/0,2,3,
349,1038,42.718000,0,,0.802628,46.000000,30.000000,0.958333,4868.790678,624.741259,477.095046,0.325556,0.442164,0.129747,0.346640,263.475372,0.243959,0.259907,0.535959,2,2,1:1 1:2 1:3 2:1 2:2 2:3 3:1 3:2 3:3,0/0/0/0,2,3,
350,1039,42.812000,0,,0.819648,48.000000,31.000000,1.000000,4803.264425,608.470326,471.530029,0.317077,0.437007,0.128596,0.348092,267.137604,0.247350,0.273602,0.562067,2,2,0:3 1:1 1:2 1:3 2:1 2:2 2:3 3:1 3:2 3:3,0/0/0/0,2,3,
351,1040,42.906000,0,,0.820052,48.000000,31.000000,1.000000,4743.466675,604.800466,470.320429,0.315164,0.435885,0.127212,0.349790,254.443298,0.235596,0.276676,0.576632,2,2,0:2 0:3 1:1 1:2 1:3 2:1 2:2 2:3 3:1 3:2 3:3,0/0/0/0,2,3,
352,1041,43.000000,1,39,0.826086,48.000000,31.000000,1.000000,4482.024559,601.170919,469.719343,0.313273,0.435328,0.130675,0.354613,244.796265,0.226663,0.279462,0.587174,2,2,0:2 0:3 1:1 1:2 1:3 2:1 2:2 2:3 3:1 3:2 3:3,0/0/0/0,2,3,0.344002
353,1042,43.093000,0,,0.815425,46.000000,30.000000,0.958333,4413.705866,607.661485,476.874498,0.316655,0.441960,0.136722,0.362319,231.304581,0.214171,0.271970,0.561485,2,2,0:2 0:3 1:1 1:2 1:3 2:1 2:2 2:3 3:1 3:2 3:3,0/0/0/0,2,3,
354,1043,43.187000,0,,0.821198,46.000000,30.000000,0.958333,4380.252910,605.790608,472.992902,0.315680,0.438362,0.144695,0.371341,220.014938,0.203718,0.274856,0.571874,2,2,0:2 0:3 1:1 1:2 1:3 2:1 2:2 2:3 3:1 3:2 3:3,1/0/0/0,2,3,
355,1044,43.281000,0,,0.822840,46.000000,30.000000,0.958333,4291.737988,605.143183,468.298029,0.315343,0.434011,0.149333,0.376422,213.445068,0.197634,0.277318,0.582822,2,2,0:2 1:1 1:2 1:3 2:1 2:2 2:3 3:1 3:2 3:3,1/0/0/0,2,3,
356,1045,43.375000,0,,0.824884,46.000000,30.000000,0.958333,3975.475235,603.678993,462.176053,0.314580,0.428337,0.154770,0.381880,206.056335,0.190793,0.281127,0.596446,2,2,0:1 0:2 1:1 1:2 1:3 2:1 2:2 2:3 3:1 3:2 3:3,2/0/0/0,2,3,
357,1046,43.468000,0,,0.819049,44.000000,30.000000,0.916667,4110.556879,592.030459,448.941833,0.308510,0.416072,0.168461,0.392657,199.178619,0.184425,0.295677,0.654773,2,2,0:1 0:2 1:0 1:1 1:2 1:3 2:1 2:2 2:3 3:1 3:2 3:3,2/0/0/0,2,3,
358,1047,43.562000,0,,0.827555,46.000000,30.000000,0.958333,3940.177849,600.585416,455.665530,0.312968,0.422304,0.161107,0.387986,195.885910,0.181376,0.286418,0.614253,2,2,0:1 0:2 1:1 1:2 1:3 2:1 2:2 2:3 3:1 3:2 3:3,2/0/0/0,2,3,
359,1048,43.656000,0,,0.828293,46.000000,30.000000,0.958333,3915.594648,598.290675,456.081616,0.311772,0.422689,0.162555,0.389000,192.242310,0.178002,0.287773,0.619174,2,2,0:1 0:2 1:1 1:2 2:1 2:2 2:3 3:1 3:2 3:3,2/0/0/0,2,3,
360,1049,43.750000,0,,0.822583,44.000000,30.000000,0.916667,3995.385341,582.630080,444.911794,0.303611,0.412337,0.178542,0.400908,178.086960,0.164895,0.304149,0.678328,2,2,0:1 0:2 1:0 1:1 1:2 2:1 2:2 2:3 3:1 3:2 3:3,2/0/0/0,2,3,
361,1051,43.890000,1,40,0.853069,48.000000,31.000000,1.000000,3866.180733,581.966194,442.119060,0.303265,0.409749,0.182270,0.403933,169.394867,0.156847,0.306104,0.687125,2,2,0:1 0:2 1:0 1:1 1:2 2:1 2:2 2:3 3:1 3:2 3:3,2/0/0/0,2,3,0.315989
362,1052,43.984000,0,,0.853678,48.000000,31.000000,1.000000,4042.857417,580.725543,441.522627,0.302619,0.409196,0.183970,0.405183,165.060135,0.152833,0.307261,0.691184,2,2,0:1 0:2 1:0 1:1 1:2 2:1 2:2 2:3 3:1 3:2 3:3,2/0/0/0,2,3,
363,1053,44.078000,0,,0.853619,48.000000,31.000000,1.000000,4041.681100,579.667399,441.849577,0.302067,0.409499,0.183933,0.405399,166.401596,0.154076,0.307791,0.690791,2,2,0:1 0:2 1:0 1:1 1:2 2:1 2:2 2:3 3:1 3:2 3:3,2/0/0/0,2,3,
364,1054,44.172000,0,,0.831427,46.000000,30.000000,0.958333,3941.589440,590.809218,453.156549,0.307873,0.419978,0.168405,0.393253,180.802628,0.167410,0.294333,0.640069,2,2,0:1 0:2 1:0 1:1 1:2 2:1 2:2 2:3 3:1 3:2 3:3,2/0/0/0,2,3,
365,1056,44.312000,0,,0.854293,48.000000,31.000000,1.000000,3892.293560,578.653693,442.353979,0.301539,0.409967,0.186476,0.407292,161.745560,0.149764,0.308197,0.695287,2,2,0:1 0:2 1:0 1:1 1:2 2:1 2:2 2:3 3:1 3:2 3:3,3/0/0/0,2,3,
366,1058,44.453000,0,,0.855178,48.000000,31.000000,1.000000,4037.925682,574.591349,441.695474,0.299422,0.409356,0.188637,0.409445,158.548431,0.146804,0.311280,0.701188,2,2,0:1 0:2 1:0 1:1 1:2 2:1 2:2 2:3 3:1 3:2 3:3,3/0/0/0,2,3,
367,1060,44.578000,0,,0.856617,48.000000,31.000000,1.000000,3939.518474,570.002419,439.211377,0.297031,0.407054,0.191853,0.412494,151.573166,0.140346,0.315707,0.710780,2,2,0:1 0:2 1:0 1:1 1:2 2:1 2:2 2:3 3:1 3:2 3:3,3/0/0/0,2,3,
368,1061,44.672000,0,,0.857287,48.000000,31.000000,1.000000,3993.081059,567.324700,437.725979,0.295636,0.405677,0.193082,0.413863,149.177658,0.138127,0.318313,0.715244,2,2,0:1 0:2 1:0 1:1 1:2 2:1 2:2 2:3 3:1 3:2 3:3,3/0/0/0,2,3,
369,1063,44.797000,0,,0.858099,48.000000,31.000000,1.000000,4025.102857,565.568679,436.761900,0.294721,0.404784,0.195201,0.415651,144.661407,0.133946,0.320018,0.720660,2,2,0:1 0:2 1:0 1:1 1:2 2:1 2:2 2:3 3:1 3:2 3:3,3/0/0/0,2,3,
370,1064,44.890000,0,,0.858231,48.000000,31.000000,1.000000,4048.613110,564.845804,436.696712,0.294344,0.404724,0.194829,0.415049,144.157883,0.133480,0.320537,0.721540,2,2,0:1 0:2 1:0 1:1 1:2 2:1 2:2 2:3 3:1 3:2 3:3,3/0/0/0,2,3,
371,1065,44.984000,0,,0.858188,48.000000,31.000000,1.000000,4029.972753,564.476516,436.412315,0.294151,0.404460,0.194121,0.414455,144.914459,0.134180,0.320941,0.721251,2,2,0:1 0:2 1:0 1:1 1:2 2:1 2:2 2:3 3:1 3:2 3:3,3/0/0/0,2,3,
372,1067,45.125000,0,,0.829423,44.000000,30.000000,0.916667,3972.824854,559.984588,436.417299,0.291811,0.404465,0.194021,0.414227,143.950989,0.133288,0.323944,0.723933,2,2,0:0 0:1 0:2 1:0 1:1 1:2 2:1 2:2 2:3 3:1 3:2 3:3,4/0/0/0,2,3,
373,1069,45.250000,0,,0.859539,48.000000,31.000000,1.000000,4001.396692,556.677027,434.617834,0.290087,0.402797,0.195324,0.415631,141.054337,0.130606,0.327145,0.730257,2,2,0:0 0:1 0:2 1:0 1:1 1:2 2:1 2:2 2:3 3:1 3:2 3:3,4/0/0/0,2,3,
374,1070,45.343000,0,,0.860002,48.000000,31.000000,1.000000,3989.026595,555.353420,433.115539,0.289397,0.401405,0.196456,0.416851,138.777725,0.128498,0.328860,0.733348,2,2,0:0 0:1 0:2 1:0 1:1 1:2 2:1 2:2 2:3 3:1 3:2 3:3,4/0/0/0,2,3,
375,1072,45.468000,0,,0.831591,44.000000,30.000000,0.916667,3944.386479,550.359839,431.690646,0.286795,0.400084,0.198085,0.418701,136.023926,0.125948,0.332985,0.738385,2,2,0:0 0:1 0:2 1:0 1:1 1:2 2:1 2:2 2:3 3:1 3:2 3:3,4/0/0/0,2,3,
376,1073,45.562000,0,,0.861186,48.000000,31.000000,1.000000,3795.904284,547.256499,431.394952,0.285178,0.399810,0.198591,0.419466,134.142914,0.124206,0.335221,0.741240,1,1,0:0 0:1 0:2 1:0 1:1 1:2 2:1 2:2 2:3 3:1 3:2 3:3,4/0/0/0,2,3,
377,1074,45.656000,1,41,0.867218,48.000000,31.000000,1.000000,3655.470399,537.561105,432.542541,0.280126,0.400874,0.198380,0.419799,122.699532,0.113611,0.341089,0.745956,1,2,0:0 0:1 0:2 1:0 1:1 1:2 2:1 2:2 2:3 3:1 3:2 3:3,5/0/0/0,2,3,0.305998
378,1076,45.797000,0,,0.824918,44.000000,29.000000,0.916667,3094.282370,548.905297,447.099201,0.286037,0.414364,0.166912,0.387627,152.177948,0.140906,0.325925,0.693897,2,2,0:1 0:2 1:0 1:1 1:2 1:3 2:1 2:2 2:3 3:1 3:2 3:3,4/0/0/0,2,3,
379,1077,45.890000,0,,0.825411,44.000000,29.000000,0.916667,3350.892081,533.571579,453.510982,0.278047,0.420307,0.166537,0.388144,133.699188,0.123796,0.333509,0.697187,1,2,0:1 0:2 1:0 1:1 1:2 1:3 2:1 2:2 2:3 3:1 3:2,5/0/0/0,2,3,
380,1078,45.984000,0,,0.855021,46.000000,30.000000,0.958333,3674.070027,511.469307,444.134463,0.266529,0.411617,0.184268,0.403007,121.531372,0.112529,0.353045,0.755856,1,2,0:0 0:1 0:2 1:0 1:1 1:2 1:3 2:1 2:2 2:3,6/0/0/0,3,3,
381,1079,46.078000,0,,0.828823,42.000000,29.000000,0.875000,3717.984438,508.728575,445.638527,0.265101,0.413011,0.184554,0.403401,117.718994,0.108999,0.354245,0.756039,1,2,0:0 0:1 0:2 1:0 1:1 1:2 1:3 2:1 2:2 2:3,6/0/0/0,3,3,
382,1080,46.172000,1,42,0.863978,46.000000,30.000000,0.958333,3382.339291,501.408723,449.342269,0.261286,0.416443,0.184324,0.403284,110.191582,0.102029,0.357676,0.757235,1,2,0:0 0:1 0:2 1:0 1:1 1:2 1:3 2:1 2:2 2:3,7/0/0/0,3,3,0.327175
383,1081,46.265000,0,,0.812799,42.000000,28.000000,0.875000,3145.521141,518.450621,470.180323,0.270167,0.435756,0.156539,0.374096,135.517303,0.125479,0.337492,0.710330,1,2,0:1 0:2 0:3 1:1 1:2 1:3 2:1 2:2 2:3,5/0/0/0,2,3,
384,1082,46.359000,0,,0.819784,42.000000,28.000000,0.875000,3314.649061,507.734890,476.110550,0.264583,0.441252,0.156426,0.374435,121.338074,0.112350,0.343140,0.714397,1,2,0:1 0:2 0:3 1:1 1:2 1:3 2:1 2:2 2:3,5/0/0/0,2,3,
385,1083,46.453000,1,43,0.857331,44.000000,29.000000,0.916667,3176.226252,479.323025,467.924591,0.249778,0.433665,0.172146,0.388419,102.839783,0.095222,0.366092,0.772330,1,2,0:0 0:1 0:2 0:3 1:1 1:2 1:3 2:1 2:2 2:3,7/0/0/0,3,3,0.279393
386,1084,46.547000,1,44,0.795254,41.000000,27.000000,0.854167,3136.275303,494.365034,488.492037,0.257616,0.452727,0.145552,0.358175,141.765213,0.131264,0.349241,0.641974,1,2,0:1 0:2 0:3 1:1 1:2 1:3 2:1 2:2 2:3,5/0/0/0,2,3,0.336066
387,1085,46.640000,0,,0.805112,41.000000,27.000000,0.854167,3663.408325,484.593696,476.028875,0.252524,0.441176,0.151029,0.362008,145.563385,0.134781,0.359735,0.707690,1,2,0:0 0:1 0:2 0:3 1:1 1:2 1:3 2:1 2:2 2:3,5/0/0/0,2,3,
388,1086,46.734000,0,,0.806294,41.000000,27.000000,0.854167,3698.521474,481.145458,474.048548,0.250727,0.439341,0.153122,0.364058,141.959167,0.131444,0.362813,0.715572,1,2,0:0 0:1 0:2 0:3 1:1 1:2 1:3 2:1 2:2 2:3,5/0/0/0,2,3,
389,1088,46.875000,0,,0.777203,37.000000,26.000000,0.770833,3936.581563,487.473676,475.099147,0.254025,0.440314,0.153580,0.363938,146.597473,0.135738,0.357956,0.716076,1,2,0:0 0:1 0:2 0:3 1:1 1:2 1:3 2:1 2:2 2:3,5/0/0/0,2,3,
390,1089,46.968000,0,,0.813802,42.000000,28.000000,0.875000,4025.723292,477.304460,477.139693,0.248726,0.442205,0.157715,0.368624,137.617584,0.127424,0.364634,0.717011,1,2,0:0 0:1 0:2 0:3 1:1 1:2 1:3 2:1 2:2 2:3,6/0/0/0,2,3,
391,1090,47.062000,0,,0.813940,42.000000,28.000000,0.875000,4154.286460,479.660602,472.205255,0.249953,0.437632,0.157179,0.368090,140.166016,0.129783,0.364453,0.717936,1,2,0:0 0:1 0:2 0:3 1:1 1:2 1:3 2:1 2:2 2:3,6/0/0/0,2,3,
392,1091,47.172000,0,,0.815138,42.000000,28.000000,0.875000,3992.034042,481.948644,465.802237,0.251146,0.431698,0.158862,0.369654,143.218445,0.132610,0.364948,0.725918,1,2,0:0 0:1 0:2 0:3 1:0 1:1 1:2 1:3 2:1 2:2 2:3,6/0/0/0,2,3,
393,1092,47.265000,0,,0.815314,42.000000,28.000000,0.875000,4153.974877,487.250670,459.143148,0.253909,0.425527,0.158640,0.369219,148.958038,0.137924,0.363613,0.727094,1,2,0:0 0:1 0:2 1:0 1:1 1:2 1:3 2:1 2:2 2:3,6/0/0/0,2,3,
394,1093,47.359000,0,,0.834868,42.000000,28.000000,0.875000,4106.069508,494.210138,455.707780,0.257535,0.422343,0.160710,0.375430,111.466545,0.103210,0.360055,0.764172,1,2,0:0 0:1 0:2 1:0 1:1 1:2 1:3 2:1 2:2 2:3,6/0/0/0,3,3,
395,1095,47.500000,0,,0.847200,44.000000,29.000000,0.916667,4357.624625,484.694049,444.198459,0.252576,0.411676,0.180664,0.393501,123.526558,0.114376,0.371536,0.811203,1,2,0:0 0:1 0:2 1:0 1:1 1:2 1:3 2:1 2:2 2:3,6/0/1/0,3,3,
396,1096,47.593000,0,,0.860352,44.000000,29.000000,0.916667,4441.434402,474.508433,445.596678,0.247269,0.412972,0.182231,0.395559,107.740578,0.099760,0.378013,0.817679,1,2,0:0 0:1 0:2 1:0 1:1 1:2 1:3 2:1 2:2 2:3,7/0/1/0,3,3,
397,1098,47.734000,0,,0.859324,44.000000,29.000000,0.916667,4948.115589,474.187267,444.705438,0.247101,0.412146,0.183395,0.396482,109.688011,0.101563,0.378619,0.820846,1,2,0:0 0:1 0:2 1:0 1:1 1:2 1:3 2:1 2:2 2:3,7/0/1/0,3,3,
398,1100,47.875000,1,45,0.859469,44.000000,29.000000,0.916667,5097.563251,475.262056,441.658375,0.247661,0.409322,0.185490,0.398554,110.744110,0.102541,0.379203,0.827240,1,2,0:0 0:1 0:2 1:0 1:1 1:2 1:3 2:1 2:2 2:3,7/0/1/0,3,3,0.266095
399,1102,48.000000,0,,0.858661,44.000000,29.000000,0.916667,5136.030885,475.393083,442.044759,0.247730,0.409680,0.185194,0.398222,111.637596,0.103368,0.378941,0.826450,1,2,0:0 0:1 0:2 1:0 1:1 1:2 1:3 2:1 2:2 2:3,7/0/1/0,3,3,
400,1103,48.093000,0,,0.835333,40.000000,28.000000,0.833333,5122.872219,472.437480,440.444159,0.246189,0.408197,0.187133,0.400272,105.560478,0.097741,0.381701,0.834117,1,2,0:0 0:1 0:2 1:0 1:1 1:2 1:3 2:1 2:2 2:3,7/0/1/0,3,3,
401,1105,48.234000,1,46,0.835523,40.000000,28.000000,0.833333,5175.286507,472.594355,439.941160,0.246271,0.407730,0.188295,0.401427,105.891769,0.098048,0.381817,0.837086,1,2,0:0 0:1 0:2 1:0 1:1 1:2 1:3 2:1 2:2 2:3,7/0/1/0,3,3,0.268338
402,1106,48.328000,0,,0.787921,38.000000,27.000000,0.791667,5118.577947,489.559588,456.290162,0.255112,0.422882,0.159264,0.369078,152.826431,0.141506,0.363090,0.738917,1,2,0:0 0:1 0:2 1:0 1:1 1:2 1:3 2:1 2:2 2:3,6/0/0/0,2,3,
403,1108,48.468000,0,,0.801089,41.000000,27.000000,0.854167,4964.708876,488.996478,464.443386,0.254818,0.430439,0.147777,0.356912,156.063309,0.144503,0.360424,0.680872,1,2,0:1 0:2 1:0 1:1 1:2 1:3 2:1 2:2 2:3,5/0/0/0,2,3,
404,1109,48.562000,0,,0.817608,42.000000,28.000000,0.875000,4200.839246,475.030932,459.240779,0.247541,0.425617,0.159087,0.369128,147.362396,0.136447,0.372205,0.742389,1,2,0:0 0:1 0:2 1:0 1:1 1:2 1:3 2:1 2:2 2:3,6/0/0/0,2,3,
405,1111,48.703000,0,,0.813079,41.000000,27.000000,0.854167,4642.874443,470.384284,451.613541,0.245119,0.418548,0.160589,0.370679,142.181107,0.131649,0.378414,0.760807,1,2,0:0 0:1 0:2 1:0 1:1 1:2 1:3 2:1 2:2 2:3,5/0/0/0,3,3,
406,1112,48.797000,0,,0.785382,37.000000,26.000000,0.770833,4870.125892,468.594890,450.519437,0.244187,0.417534,0.163316,0.373738,134.711182,0.124733,0.380108,0.770605,1,2,0:0 0:1 0:2 1:0 1:1 1:2 1:3 2:1 2:2 2:3,5/0/0/0,3,3,
407,1114,48.937000,0,,0.816496,41.000000,27.000000,0.854167,4646.307802,462.214190,443.489915,0.240862,0.411019,0.165844,0.376540,131.927780,0.122155,0.387479,0.783587,1,2,0:0 0:1 0:2 1:0 1:1 1:2 1:3 2:1 2:2 2:3,5/0/0/0,3,3,
408,1116,49.078000,0,,0.823146,42.000000,28.000000,0.875000,4649.360146,472.215668,445.719559,0.246074,0.413086,0.165984,0.376642,128.697067,0.119164,0.379559,0.774664,1,2,0:0 0:1 0:2 1:0 1:1 1:2 1:3 2:1 2:2 2:3,6/0/1/0,3,3,
409,1118,49.218000,0,,0.826474,42.000000,28.000000,0.875000,5059.575988,475.006236,444.291118,0.247528,0.411762,0.161711,0.371774,124.646988,0.115414,0.378228,0.776016,1,2,0:0 0:1 0:2 1:0 1:1 1:2 1:3 2:1 2:2 2:3,6/0/1/0,3,3,
410,1119,49.312000,0,,0.828221,42.000000,28.000000,0.875000,5007.441630,476.278530,442.896107,0.248191,0.410469,0.161166,0.371166,122.687065,0.113599,0.377951,0.777580,1,2,0:0 0:1 0:2 1:0 1:1 1:2 1:3 2:1 2:2 2:3,6/0/1/0,3,3,
411,1121,49.453000,0,,0.832921,42.000000,28.000000,0.875000,5066.196742,479.421968,439.986694,0.249829,0.407773,0.161570,0.371692,117.108078,0.108433,0.377071,0.780217,1,2,0:0 0:1 0:2 1:0 1:1 1:2 1:3 2:1 2:2 2:3,6/0/1/0,3,3,
412,1123,49.593000,0,,0.832551,42.000000,28.000000,0.875000,4977.122964,475.148556,442.078495,0.247602,0.409711,0.162243,0.372447,118.132927,0.109382,0.379096,0.783020,1,2,0:0 0:1 0:2 1:0 1:1 1:2 1:3 2:1 2:2 2:3,6/0/1/0,3,3,
413,1124,49.687000,0,,0.828179,42.000000,28.000000,0.875000,4730.564499,473.367286,447.304819,0.246674,0.414555,0.161667,0.371815,123.027077,0.113914,0.378087,0.779051,1,2,0:0 0:1 0:2 1:0 1:1 1:2 1:3 2:1 2:2 2:3,6/0/1/0,3,3,
414,1126,49.828000,0,,0.804593,41.000000,27.000000,0.854167,4813.058919,472.682785,462.703839,0.246317,0.428827,0.149221,0.357394,153.590927,0.142214,0.372614,0.704233,1,2,0:1 0:2 1:0 1:1 1:2 1:3 2:1 2:2 2:3,5/0/0/0,2,3,
415,1128,49.953000,0,,0.793158,38.000000,27.000000,0.791667,4752.959330,471.350250,455.757971,0.245623,0.422389,0.161016,0.370988,133.273300,0.123401,0.376115,0.773831,1,2,0:0 0:1 0:2 1:0 1:1 1:2 1:3 2:1 2:2 2:3,6/0/0/0,3,3,
416,1129,50.047000,0,,0.821979,42.000000,28.000000,0.875000,4979.752343,473.468149,452.996905,0.246726,0.419830,0.160674,0.370633,131.185013,0.121468,0.375698,0.771525,1,2,0:0 0:1 0:2 1:0 1:1 1:2 1:3 2:1 2:2 2:3,6/0/0/0,3,3,
417,1131,50.187000,0,,0.792793,38.000000,27.000000,0.791667,5075.901490,478.391069,452.960838,0.249292,0.419797,0.159847,0.369688,129.818283,0.120202,0.372256,0.771398,1,2,0:0 0:1 0:2 1:0 1:1 1:2 1:3 2:1 2:2 2:3,6/0/0/0,3,3,
418,1133,50.328000,0,,0.791806,38.000000,27.000000,0.791667,5096.409516,482.809129,455.986568,0.251594,0.422601,0.158862,0.368603,132.836990,0.122997,0.367957,0.764821,1,2,0:0 0:1 0:2 1:0 1:1 1:2 1:3 2:1 2:2 2:3,6/0/0/0,3,3,
419,1134,50.422000,0,,0.820153,42.000000,28.000000,0.875000,5138.050152,480.647754,457.819457,0.250468,0.424300,0.157858,0.367421,137.707108,0.127507,0.368773,0.759350,1,2,0:0 0:1 0:2 1:0 1:1 1:2 1:3 2:1 2:2 2:3,6/0/0/0,3,3,
420,1135,50.515000,0,,0.820162,42.000000,28.000000,0.875000,5041.254410,478.668172,458.552177,0.249436,0.424979,0.158294,0.367899,138.776245,0.128497,0.369893,0.759416,1,2,0:0 0:1 0:2 1:0 1:1 1:2 1:3 2:1 2:2 2:3,6/0/0/0,3,3,
421,1137,50.656000,0,,0.821714,42.000000,28.000000,0.875000,4766.669695,477.319893,451.928842,0.248734,0.418840,0.160064,0.369923,130.752136,0.121067,0.373421,0.769759,1,2,0:0 0:1 0:2 1:0 1:1 1:2 1:3 2:1 2:2 2:3,6/0/0/0,3,3,
422,1138,50.750000,0,,0.826636,42.000000,28.000000,0.875000,5058.370119,481.203842,446.855880,0.250758,0.414139,0.161192,0.371240,123.971771,0.114789,0.372811,0.773619,1,2,0:0 0:1 0:2 1:0 1:1 1:2 1:3 2:1 2:2 2:3,6/0/1/0,3,3,
423,1139,50.843000,0,,0.796319,38.000000,27.000000,0.791667,4852.147683,485.159291,447.621442,0.252819,0.414848,0.161101,0.371076,125.349228,0.116064,0.369728,0.773038,1,2,0:0 0:1 0:2 1:0 1:1 1:2 1:3 2:1 2:2 2:3,6/0/1/0,3,3,
424,1140,50.937000,0,,0.821444,42.000000,28.000000,0.875000,4146.616482,486.401750,446.733324,0.253466,0.414025,0.160838,0.370813,133.132889,0.123271,0.369244,0.767959,1,2,0:0 0:1 0:2 1:0 1:1 1:2 1:3 2:1 2:2 2:3,6/0/0/0,3,3,
425,1141,51.031000,0,,0.801483,41.000000,27.000000,0.854167,3890.551613,503.235292,457.743992,0.262238,0.424230,0.148652,0.358013,177.658264,0.164498,0.352907,0.683496,1,2,0:1 0:2 0:3 1:0 1:1 1:2 1:3 2:1 2:2 2:3,5/0/0/0,2,3,
426,1142,51.125000,0,,0.769241,37.000000,26.000000,0.770833,3671.425577,521.168480,466.974920,0.271583,0.432785,0.146353,0.356424,189.116943,0.175108,0.336725,0.662993,1,2,0:1 0:2 0:3 1:0 1:1 1:2 1:3 2:1 2:2 2:3,5/0/0/0,2,3,
427,1143,51.218000,0,,0.796475,41.000000,27.000000,0.854167,3709.269564,524.101944,470.596396,0.273112,0.436141,0.144533,0.355186,195.217361,0.180757,0.333335,0.650109,1,2,0:1 0:2 0:3 1:0 1:1 1:2 1:3 2:1 2:2 2:3,5/0/0/0,2,3,
428,1144,51.312000,0,,0.794004,41.000000,27.000000,0.854167,3882.987811,530.718904,480.970439,0.276560,0.445756,0.143563,0.354811,200.625366,0.185764,0.325170,0.633639,1,2,0:1 0:2 0:3 1:1 1:2 1:3 2:1 2:2 2:3,5/0/0/0,2,3,
429,1145,51.406000,0,,0.792255,41.000000,27.000000,0.854167,3797.833510,531.227127,492.964371,0.276825,0.456872,0.146542,0.358158,203.114990,0.188069,0.321457,0.621980,1,2,0:1 0:2 0:3 1:1 1:2 1:3 2:1 2:2 2:3,5/0/0/0,2,3,
430,1146,51.500000,0,,0.806613,42.000000,28.000000,0.875000,3469.090468,529.468786,499.203938,0.275909,0.462654,0.150962,0.362535,213.606766,0.197784,0.321284,0.669087,1,2,0:1 0:2 0:3 1:1 1:2 1:3 2:1 2:2 2:3 3:3,6/0/0/0,2,3,
431,1147,51.593000,0,,0.855585,46.000000,30.000000,0.958333,3652.944239,508.017782,501.655668,0.264730,0.464926,0.179269,0.404096,113.846359,0.105413,0.336398,0.720084,1,2,0:1 0:2 0:3 1:1 1:2 1:3 2:1 2:2 2:3 3:2 3:3,4/0/0/0,2,3,
432,1148,51.687000,1,47,0.856641,48.000000,31.000000,1.000000,4020.339360,505.052804,520.640799,0.263185,0.482522,0.178738,0.403401,126.898254,0.117498,0.335817,0.697045,1,2,0:1 0:2 0:3 1:1 1:2 1:3 2:1 2:2 2:3 3:1 3:2 3:3,6/0/0/0,2,3,0.404962
433,1149,51.781000,0,,0.853018,48.000000,31.000000,1.000000,4107.871916,511.981135,525.040233,0.266796,0.486599,0.176357,0.401171,136.323044,0.126225,0.330345,0.686790,1,2,0:1 0:2 0:3 1:1 1:2 1:3 2:1 2:2 2:3 3:1 3:2 3:3,6/0/0/0,2,3,
434,1150,51.875000,0,,0.837009,46.000000,30.000000,0.958333,3876.838706,539.426377,537.963828,0.281098,0.498576,0.171790,0.397406,153.410233,0.142047,0.309581,0.677282,1,2,0:1 0:2 0:3 1:1 1:2 1:3 2:1 2:2 2:3 3:1 3:2 3:3,5/0/0/0,2,3,
435,1152,52.015000,0,,0.803779,42.000000,29.000000,0.875000,3631.952205,574.941038,540.977475,0.299605,0.501369,0.169916,0.394531,192.935928,0.178644,0.283409,0.650192,2,2,0:1 0:2 0:3 1:1 1:2 1:3 2:1 2:2 2:3 3:1 3:2 3:3,5/0/0/0,2,3,
436,1153,52.109000,0,,0.830642,46.000000,30.000000,0.958333,3485.100740,593.244289,540.795286,0.309142,0.501200,0.166688,0.391134,212.240555,0.196519,0.269919,0.634834,2,2,0:1 0:2 0:3 1:1 1:2 1:3 2:1 2:2 2:3 3:1 3:2 3:3,5/0/0/0,2,3,
437,1154,52.203000,0,,0.798621,42.000000,29.000000,0.875000,3708.162454,618.371453,545.717909,0.322236,0.505763,0.162680,0.386581,239.278915,0.221555,0.251528,0.615806,2,2,0:1 0:2 0:3 1:1 1:2 1:3 2:1 2:2 2:3 3:1 3:2 3:3,0/0/0/0,2,3,
438,1156,52.343000,0,,0.841642,48.000000,31.000000,1.000000,4928.506125,619.373030,542.154753,0.322758,0.502460,0.163197,0.385786,258.274109,0.239143,0.250682,0.610947,2,2,0:2 0:3 1:1 1:2 1:3 2:1 2:2 2:3 3:1 3:2 3:3,0/0/0/0,2,3,
439,1157,52.437000,1,48,0.842307,48.000000,31.000000,1.000000,4875.914323,620.748835,551.164065,0.323475,0.510810,0.161640,0.383559,268.567230,0.248673,0.250111,0.615382,2,2,0:3 1:1 1:2 1:3 2:1 2:2 2:3 3:1 3:2 3:3,0/0/0/0,2,3,0.481697
440,1159,52.578000,0,,0.829099,46.000000,30.000000,0.958333,4759.935357,635.940933,575.810738,0.331392,0.533652,0.167551,0.386728,249.994995,0.231477,0.243151,0.624548,2,2,1:1 1:2 1:3 2:1 2:2 2:3 3:1 3:2 3:3,0/0/0/0,2,3,
441,1161,52.718000,0,,0.833087,46.000000,30.000000,0.958333,4432.713332,628.890617,596.503659,0.327718,0.552830,0.181662,0.400112,212.074036,0.196365,0.254842,0.651138,2,2,1:1 1:2 1:3 1:4 2:1 2:2 2:3 3:1 3:2 3:3,0/0/0/0,2,3,
442,1163,52.859000,1,49,0.837645,46.000000,30.000000,0.958333,4665.411905,627.525367,623.293452,0.327006,0.577658,0.196126,0.413860,169.034912,0.156514,0.268170,0.681525,2,2,0:2 1:1 1:2 1:3 1:4 2:1 2:2 2:3 3:1 3:2 3:3,0/0/0/0,2,3,0.626912
443,1165,52.984000,0,,0.843905,46.000000,30.000000,0.958333,4528.546785,633.544649,651.020958,0.330143,0.603356,0.208570,0.425576,127.756714,0.118293,0.281190,0.713775,2,3,0:2 1:1 1:2 1:3 1:4 2:1 2:2 2:3 2:4 3:1 3:2 3:3,0/0/0/1,2,3,
444,1166,53.078000,1,50,0.878283,48.000000,31.000000,1.000000,4590.437657,617.618501,657.658110,0.321844,0.609507,0.220374,0.437529,105.974609,0.098125,0.295741,0.733692,2,3,0:2 1:2 1:3 1:4 2:1 2:2 2:3 2:4 3:1 3:2 3:3,0/0/0/2,2,4,0.646378
445,1168,53.203000,0,,0.829410,44.000000,29.000000,0.916667,4934.204545,636.054835,674.051034,0.331451,0.624700,0.210041,0.428934,121.173401,0.112198,0.296509,0.680501,2,3,0:2 1:2 1:3 1:4 2:1 2:2 2:3 2:4 3:1 3:2 3:3,0/0/0/1,2,3,
446,1169,53.297000,0,,0.816012,40.000000,28.000000,0.833333,4248.284903,631.596924,687.609634,0.329128,0.637266,0.212789,0.431237,104.528564,0.096786,0.309965,0.700002,2,3,0:2 0:3 1:2 1:3 1:4 2:1 2:2 2:3 2:4 3:1 3:2 3:3 3:4,0/0/0/1,2,3,
447,1171,53.422000,0,,0.821970,42.000000,28.000000,0.875000,4239.898820,623.662174,698.351632,0.324993,0.647221,0.201297,0.422562,121.627014,0.112618,0.323424,0.730452,2,3,0:3 1:2 1:3 1:4 2:1 2:2 2:3 2:4 3:1 3:2 3:3 3:4,0/0/0/1,2,3,
448,1173,53.562000,0,,0.782137,38.000000,26.000000,0.791667,4479.752799,651.388049,700.817256,0.339441,0.649506,0.195524,0.417190,112.950378,0.104584,0.310262,0.614715,2,3,0:3 1:2 1:3 1:4 2:2 2:3 2:4 3:1 3:2 3:3 3:4,0/0/0/1,2,3,
449,1175,53.703000,0,,0.843820,43.000000,28.000000,0.895833,5175.001103,608.995842,727.736167,0.317351,0.674454,0.199560,0.422704,97.529846,0.090305,0.357198,0.703553,2,3,0:2 0:3 1:2 1:3 1:4 2:2 2:3 2:4 3:1 3:2 3:3 3:4,1/0/0/2,2,3,
450,1176,53.797000,1,51,0.852438,43.000000,28.000000,0.895833,5443.005214,604.768394,736.514547,0.315148,0.682590,0.201627,0.424916,88.728943,0.082156,0.367449,0.715731,2,3,0:3 1:2 1:3 1:4 2:2 2:3 2:4 3:2 3:3 3:4,1/0/0/4,2,3,0.303793
451,1177,53.906000,0,,0.843968,41.000000,27.000000,0.854167,5206.000225,596.524757,734.387914,0.310852,0.680619,0.200431,0.423919,83.079163,0.076925,0.369865,0.727428,2,3,0:3 1:2 1:3 1:4 2:2 2:3 2:4 3:2 3:3 3:4,1/0/0/2,2,3,
452,1178,54.000000,0,,0.792308,39.000000,26.000000,0.812500,5415.823171,604.653264,730.570946,0.315088,0.677082,0.177345,0.406746,135.238831,0.125221,0.362079,0.719556,2,3,0:3 1:2 1:3 1:4 2:2 2:3 2:4 3:2 3:3 3:4,1/0/0/0,2,3,
453,1179,54.093000,0,,0.765408,35.000000,25.000000,0.729167,5472.971553,605.800686,731.854224,0.315686,0.678271,0.177275,0.406876,128.232788,0.118734,0.362636,0.727632,2,3,0:3 1:2 1:3 1:4 2:2 2:3 2:4 3:2 3:3 3:4,1/0/0/1,2,3,
454,1180,54.187000,0,,0.801208,39.000000,26.000000,0.812500,5396.622996,603.669848,745.043075,0.314575,0.690494,0.176842,0.406089,120.813904,0.111865,0.375953,0.733690,2,3,0:3 1:2 1:3 1:4 2:2 2:3 2:4 3:2 3:3 3:4,1/0/0/3,2,3,
455,1181,54.281000,0,,0.811018,39.000000,26.000000,0.812500,4783.541031,599.606326,755.327489,0.312458,0.700025,0.177740,0.406742,110.596497,0.102404,0.387769,0.746532,2,3,0:3 0:4 1:2 1:3 1:4 2:2 2:3 2:4 3:2 3:3 3:4,1/0/0/3,2,3,
456,1182,54.375000,0,,0.818121,39.000000,26.000000,0.812500,4921.920240,598.071092,762.478207,0.311658,0.706653,0.178461,0.407481,102.914734,0.095291,0.395419,0.754372,2,3,0:3 0:4 1:2 1:3 1:4 2:2 2:3 2:4 3:2 3:3 3:4,1/0/0/3,3,3,
457,1183,54.468000,1,52,0.830366,39.000000,26.000000,0.812500,4564.628534,596.811103,775.242592,0.311001,0.718482,0.178593,0.407085,89.417175,0.082794,0.408547,0.766573,2,3,0:3 0:4 1:2 1:3 1:4 2:2 2:3 2:4 3:2 3:3 3:4,1/0/0/6,3,3,0.358398
458,1184,54.578000,0,,0.810927,35.000000,24.000000,0.729167,4760.010437,573.926820,765.381535,0.299076,0.709343,0.169605,0.393698,79.685425,0.073783,0.410354,0.781359,2,3,0:3 0:4 1:2 1:3 1:4 2:2 2:3 2:4 3:2 3:3 3:4,1/0/0/2,3,3,
459,1185,54.672000,0,,0.747594,33.000000,23.000000,0.687500,5097.151394,587.953452,761.444114,0.306385,0.705694,0.147704,0.377142,131.909912,0.122139,0.399492,0.713127,2,3,0:3 0:4 1:2 1:3 1:4 2:2 2:3 2:4 3:2 3:3 3:4,1/0/0/0,2,3,
460,1186,54.781000,0,,0.751223,33.000000,23.000000,0.687500,4950.968287,590.374324,767.945797,0.307647,0.711720,0.147322,0.376921,125.712646,0.116401,0.404537,0.717325,2,3,0:3 0:4 1:3 1:4 2:2 2:3 2:4 3:2 3:3 3:4,1/0/0/2,2,3,
461,1187,54.875000,0,,0.758119,33.000000,23.000000,0.687500,5314.473435,591.557463,775.994649,0.308263,0.719179,0.146385,0.375330,118.017761,0.109276,0.411831,0.723715,2,3,0:3 0:4 1:3 1:4 2:2 2:3 2:4 3:2 3:3 3:4,1/0/0/2,2,3,
462,1188,54.968000,0,,0.734673,29.000000,22.000000,0.604167,5128.756859,596.211526,770.342470,0.310689,0.713941,0.146031,0.375055,111.473267,0.103216,0.404004,0.728186,2,3,0:3 0:4 1:3 1:4 2:2 2:3 2:4 3:2 3:3 3:4,1/0/0/2,2,3,
463,1189,55.062000,0,,0.739320,29.000000,22.000000,0.604167,5516.111753,599.627967,776.345547,0.312469,0.719505,0.144804,0.373489,106.070190,0.098213,0.408290,0.731371,2,3,0:3 0:4 1:3 1:4 2:2 2:3 2:4 3:2 3:3 3:4,0/0/0/2,2,3,
464,1190,55.156000,0,,0.771516,33.000000,23.000000,0.687500,5507.559380,596.965262,792.021333,0.311081,0.734033,0.145380,0.374461,102.801636,0.095187,0.425351,0.734754,2,3,0:3 0:4 1:3 1:4 2:2 2:3 2:4 3:2 3:3 3:4,1/0/0/2,2,3,
465,1191,55.250000,0,,0.778250,33.000000,23.000000,0.687500,4966.338561,592.542727,797.663639,0.308777,0.739262,0.147133,0.377002,96.030396,0.088917,0.433157,0.744818,2,3,0:3 0:4 1:3 1:4 2:2 2:3 2:4 3:2 3:3 3:4,1/0/0/4,2,3,
466,1192,55.343000,0,,0.784984,33.000000,23.000000,0.687500,4828.658203,588.772115,803.981726,0.306812,0.745117,0.148267,0.378607,89.086426,0.082487,0.441371,0.753989,2,3,0:3 0:4 1:3 1:4 2:2 2:3 2:4 3:2 3:3 3:4,1/0/0/5,3,3,
467,1193,55.437000,0,,0.714792,26.000000,20.000000,0.541667,4694.230333,578.172646,780.126852,0.301289,0.723009,0.137078,0.371405,111.297058,0.103053,0.422420,0.765625,2,3,0:3 0:4 1:3 1:4 2:2 2:3 2:4 3:3 3:4,1/0/0/1,3,3,
468,1194,55.531000,0,,0.693375,28.000000,20.000000,0.583333,4763.872568,586.481139,795.416207,0.305618,0.737179,0.126874,0.365181,129.833862,0.120217,0.433678,0.707230,2,3,0:3 0:4 1:3 1:4 2:2 2:3 2:4 3:3 3:4,2/0/0/0,2,3,
469,1195,55.625000,0,,0.701097,28.000000,20.000000,0.583333,4982.981220,584.319240,803.021574,0.304492,0.744228,0.126766,0.364670,120.873962,0.111920,0.442427,0.714744,2,3,0:3 0:4 1:3 1:4 2:2 2:3 2:4 3:3 3:4,2/0/0/3,2,3,
470,1197,55.765000,0,,0.712955,28.000000,20.000000,0.583333,4989.970405,580.194859,805.887174,0.302342,0.746883,0.129918,0.370012,112.101379,0.103798,0.447258,0.721654,2,3,0:3 0:4 1:3 1:4 2:2 2:3 2:4 3:3 3:4,2/0/0/3,2,3,
471,1198,55.859000,0,,0.698312,25.000000,19.000000,0.520833,4347.341621,581.551967,791.905376,0.303049,0.733925,0.132899,0.374534,107.447693,0.099489,0.432459,0.720380,2,3,0:3 0:4 1:3 1:4 2:2 2:3 2:4 3:3 3:4,2/0/0/2,2,3,
472,1199,55.953000,0,,0.701542,25.000000,19.000000,0.520833,4270.091179,588.693345,790.011118,0.306771,0.732170,0.134185,0.377573,104.460999,0.096723,0.427177,0.715530,2,3,0:3 0:4 1:3 1:4 2:2 2:3 2:4 3:2 3:3 3:4,2/0/0/1,2,3,
473,1201,56.093000,0,,0.751118,29.000000,21.000000,0.604167,4685.031427,589.184639,808.851737,0.307027,0.749631,0.135815,0.380280,93.368713,0.086453,0.446216,0.780562,2,3,0:3 0:4 1:3 1:4 2:2 2:3 2:4 3:2 3:3 3:4,3/0/0/3,3,3,
474,1202,56.187000,0,,0.734212,26.000000,20.000000,0.541667,4167.653096,599.339031,800.083550,0.312318,0.741505,0.135869,0.380995,86.163025,0.079781,0.432548,0.776155,2,3,0:3 0:4 1:3 1:4 2:2 2:3 2:4 3:2 3:3 3:4,3/0/0/2,3,3,
475,1203,56.281000,0,,0.706713,28.000000,20.000000,0.583333,3887.821606,598.571546,803.948774,0.311918,0.745087,0.120489,0.365298,112.972900,0.104605,0.436903,0.765353,2,3,0:3 0:4 1:3 1:4 2:2 2:3 2:4 3:2 3:3 3:4,3/0/0/2,3,3,
476,1204,56.375000,0,,0.699556,28.000000,20.000000,0.583333,4142.625698,613.173828,802.326008,0.319528,0.743583,0.117272,0.362753,114.335632,0.105866,0.428726,0.752216,2,3,0:3 0:4 1:3 1:4 2:2 2:3 2:4 3:2 3:3 3:4,1/0/0/1,3,2,
477,1206,56.515000,0,,0.690850,28.000000,20.000000,0.583333,3939.865466,632.568598,799.923477,0.329634,0.741356,0.113557,0.359844,115.839844,0.107259,0.417797,0.733758,2,3,0:3 0:4 1:3 1:4 2:3 2:4 3:2 3:3 3:4,0/0/0/1,2,2,
478,1208,56.656000,0,,0.675292,28.000000,20.000000,0.583333,3566.523611,665.809539,797.253322,0.346957,0.738882,0.106650,0.351190,118.031189,0.109288,0.401215,0.700517,2,3,1:3 1:4 2:3 2:4 3:3 3:4,0/0/0/1,2,2,
479,1210,56.781000,0,,0.714536,30.000000,21.000000,0.625000,3483.861247,677.984477,809.967476,0.353301,0.750665,0.111549,0.351836,90.874268,0.084143,0.410740,0.683233,2,3,1:3 1:4 2:3 2:4 3:3 3:4,0/0/0/3,2,2,
480,1211,56.875000,0,,0.706435,30.000000,21.000000,0.625000,3331.488489,689.644640,809.545831,0.359377,0.750274,0.108398,0.348958,93.821228,0.086872,0.405985,0.671396,2,3,1:3 1:4 2:3 2:4 3:3 3:4,0/0/0/4,2,2,
481,1212,56.968000,0,,0.693623,30.000000,21.000000,0.625000,3492.695847,706.402904,807.600142,0.368110,0.748471,0.103948,0.344838,99.407166,0.092044,0.397826,0.652854,2,3,1:3 1:4 2:3 2:4 3:3 3:4,0/0/0/4,2,2,
482,1213,57.062000,0,,0.678374,30.000000,21.000000,0.625000,3159.915253,723.298110,801.985093,0.376914,0.743267,0.099832,0.340975,109.023315,0.100948,0.385562,0.635939,2,3,1:3 1:4 2:3 2:4 3:3 3:4,0/0/0/3,2,2,
483,1215,57.187000,0,,0.675664,28.000000,21.000000,0.583333,3082.887990,722.024811,787.660350,0.376251,0.729991,0.105137,0.344584,116.795532,0.108144,0.369350,0.709608,2,3,1:2 1:3 1:4 2:3 2:4 3:3 3:4,0/0/0/3,2,2,
484,1216,57.281000,0,,0.664699,28.000000,21.000000,0.583333,3001.028886,732.997156,781.430847,0.381968,0.724218,0.105159,0.343673,127.912964,0.118438,0.358344,0.693514,2,3,1:2 1:3 1:4 2:2 2:3 2:4 3:3 3:4,0/0/0/1,2,2,
485,1217,57.375000,0,,0.660197,28.000000,21.000000,0.583333,3329.605226,748.450260,772.439331,0.390021,0.715884,0.105162,0.342773,142.252930,0.131716,0.342641,0.672149,2,3,1:2 1:3 1:4 2:2 2:3 2:4 3:3 3:4,0/0/0/0,2,2,
486,1219,57.500000,0,,0.659040,28.000000,21.000000,0.583333,3405.008379,768.862422,762.724230,0.400658,0.706881,0.107791,0.341679,149.384949,0.138319,0.324557,0.641896,2,3,1:2 1:3 1:4 2:2 2:3 2:4 3:2 3:3 3:4,0/0/0/0,2,2,
487,1221,57.640000,0,,0.688043,32.000000,22.000000,0.666667,3491.160832,787.033528,766.785568,0.410127,0.710645,0.110582,0.341928,153.625244,0.142246,0.323878,0.616880,2,3,1:2 1:3 1:4 2:2 2:3 2:4 3:2 3:3 3:4,0/0/0/0,2,2,
488,1223,57.765000,0,,0.659331,28.000000,21.000000,0.583333,3759.707956,799.961755,743.199698,0.416864,0.688786,0.113782,0.342142,157.462280,0.145798,0.291725,0.592488,2,3,1:2 1:3 1:4 2:2 2:3 2:4 3:2 3:3 3:4 4:3 4:4,0/0/0/0,2,2,
489,1224,57.859000,0,,0.688143,32.000000,22.000000,0.666667,3847.002207,813.595000,751.935062,0.423968,0.696881,0.115485,0.342370,158.815552,0.147051,0.298473,0.575529,2,3,1:2 1:3 1:4 2:2 2:3 2:4 3:2 3:3 3:4 4:3 4:4,0/0/0/0,2,2,
490,1226,58.000000,0,,0.655374,28.000000,21.000000,0.583333,4082.375922,824.492570,735.367314,0.429647,0.681527,0.114557,0.339760,160.302979,0.148429,0.275323,0.559459,3,3,1:2 1:3 1:4 2:2 2:3 2:4 3:2 3:3 3:4 4:3 4:4,0/0/0/0,2,2,
491,1227,58.093000,0,,0.727135,29.000000,22.000000,0.604167,3978.804938,820.260997,741.762601,0.427442,0.687454,0.135537,0.359132,104.284363,0.096560,0.284266,0.679208,2,3,1:2 1:3 1:4 2:2 2:3 2:4 3:2 3:3 3:4 4:3 4:4,0/0/0/1,2,3,
492,1228,58.187000,0,,0.778790,35.000000,24.000000,0.729167,4027.012598,820.950984,762.431274,0.427801,0.706609,0.139114,0.361708,97.846497,0.090599,0.309516,0.668131,2,3,1:2 1:3 1:4 2:2 2:3 2:4 3:2 3:3 3:4 4:3 4:4,0/0/0/3,2,3,
493,1229,58.281000,0,,0.747349,31.000000,23.000000,0.645833,3910.704272,822.120684,749.166494,0.428411,0.694316,0.139767,0.363134,101.047791,0.093563,0.292860,0.663837,2,3,1:2 1:3 1:4 2:2 2:3 2:4 3:2 3:3 3:4 4:3 4:4,0/0/0/3,2,3,
494,1230,58.375000,0,,0.795641,37.000000,25.000000,0.770833,4426.909009,832.171527,766.656880,0.433649,0.710525,0.143633,0.366919,94.589172,0.087583,0.312165,0.658896,3,3,1:2 1:3 1:4 2:2 2:3 2:4 3:2 3:3 3:4 4:2 4:3 4:4,0/0/0/5,2,3,
495,1231,58.468000,0,,0.764038,33.000000,24.000000,0.687500,4551.787725,832.243123,757.137754,0.433686,0.701703,0.142878,0.366228,96.989441,0.089805,0.300272,0.655006,3,3,1:2 1:3 1:4 2:2 2:3 2:4 3:2 3:3 3:4 4:2 4:3 4:4,0/0/0/5,2,3,
496,1232,58.578000,0,,0.763798,33.000000,24.000000,0.687500,4610.887246,834.259029,758.281973,0.434736,0.702764,0.141354,0.364961,97.107544,0.089914,0.301239,0.654014,3,3,1:2 1:3 1:4 2:2 2:3 2:4 3:2 3:3 3:4 4:2 4:3 4:4,0/0/0/5,2,3,
497,1233,58.672000,0,,0.766751,33.000000,24.000000,0.687500,4480.203081,832.865935,760.691340,0.434010,0.704997,0.141101,0.365430,94.750610,0.087732,0.304559,0.661572,3,3,1:2 1:3 1:4 2:2 2:3 2:4 3:2 3:3 3:4 4:2 4:3 4:4,0/0/0/5,2,3,
498,1234,58.765000,0,,0.794609,37.000000,25.000000,0.770833,3650.319095,842.204839,767.781100,0.438877,0.711567,0.140288,0.364897,95.708740,0.088619,0.311438,0.657775,3,3,1:3 1:4 2:2 2:3 2:4 3:2 3:3 3:4 4:2 4:3 4:4,0/0/0/5,2,3,
499,1235,58.859000,1,53,0.783344,35.000000,25.000000,0.729167,4153.323860,863.196803,770.992582,0.449816,0.714544,0.142348,0.365518,88.692932,0.082123,0.311600,0.643807,3,3,1:3 1:4 2:2 2:3 2:4 3:2 3:3 3:4 4:2 4:3 4:4,0/0/0/7,2,3,0.252470
500,1236,58.953000,0,,0.780963,35.000000,25.000000,0.729167,4536.457046,868.005977,769.228444,0.452322,0.712909,0.141780,0.365446,91.172363,0.084419,0.308556,0.640690,3,3,1:3 1:4 2:2 2:3 2:4 3:2 3:3 3:4 4:2 4:3 4:4,0/0/0/7,2,3,
501,1237,59.047000,0,,0.780657,35.000000,25.000000,0.729167,4541.217208,867.907012,768.980875,0.452270,0.712679,0.141532,0.365692,91.814026,0.085013,0.308255,0.641955,3,3,1:3 1:4 2:2 2:3 2:4 3:2 3:3 3:4 4:2 4:3 4:4,0/0/0/7,2,3,
502,1238,59.140000,0,,0.783047,35.000000,25.000000,0.729167,4539.156702,862.312183,770.907401,0.449355,0.714465,0.141743,0.367014,90.920105,0.084185,0.311641,0.653290,3,3,1:3 1:4 2:2 2:3 2:4 3:2 3:3 3:4 4:2 4:3 4:4,0/0/0/7,2,3,
503,1239,59.234000,0,,0.811537,39.000000,26.000000,0.812500,4372.477324,867.412542,776.380828,0.452013,0.719537,0.141629,0.366714,90.818298,0.084091,0.317803,0.648255,3,3,1:3 1:4 2:2 2:3 2:4 3:2 3:3 3:4 4:2 4:3 4:4,0/0/0/7,2,3,
504,1240,59.328000,0,,0.781418,35.000000,25.000000,0.729167,4262.038418,874.000889,769.188940,0.455446,0.712872,0.142357,0.367375,90.931458,0.084196,0.307570,0.642482,3,3,1:3 1:4 2:2 2:3 2:4 3:2 3:3 3:4 4:2 4:3 4:4,0/0/0/7,2,3,
505,1241,59.437000,0,,0.779520,35.000000,25.000000,0.729167,4274.843567,881.961952,767.456496,0.459595,0.711266,0.142330,0.367519,92.229736,0.085398,0.304191,0.636508,3,3,1:3 1:4 2:2 2:3 2:4 3:2 3:3 3:4 4:2 4:3 4:4,0/0/0/7,2,3,
506,1242,59.531000,0,,0.806081,39.000000,26.000000,0.812500,4276.933583,892.261083,771.608331,0.464961,0.715114,0.141504,0.366075,93.994202,0.087032,0.308227,0.628215,3,3,1:4 2:2 2:3 2:4 3:2 3:3 3:4 4:2 4:3 4:4,0/0/0/7,2,3,
507,1243,59.625000,0,,0.775791,35.000000,25.000000,0.729167,3739.866719,900.760852,764.819727,0.469391,0.708823,0.141765,0.366045,93.746643,0.086802,0.298476,0.619455,3,3,1:4 2:2 2:3 2:4 3:2 3:3 3:4 4:2 4:3 4:4,0/0/0/7,2,3,
508,1244,59.718000,0,,0.773032,35.000000,25.000000,0.729167,3960.658396,915.526833,762.571373,0.477085,0.706739,0.141767,0.365421,94.950562,0.087917,0.294164,0.607254,3,3,2:2 2:3 2:4 3:2 3:3 3:4 4:2 4:3 4:4,0/0/0/6,2,3,
509,1246,59.859000,0,,0.802895,39.000000,26.000000,0.812500,3828.398372,945.758118,768.878321,0.492839,0.712584,0.140702,0.364960,93.975464,0.087014,0.300810,0.606882,3,3,2:2 2:3 2:4 3:2 3:3 3:4 4:2 4:3 4:4,0/0/0/5,2,3,
510,1247,59.953000,0,,0.775969,35.000000,25.000000,0.729167,3694.187975,955.397311,764.863302,0.497862,0.708863,0.140193,0.364264,92.003662,0.085189,0.295393,0.611674,3,3,2:2 2:3 2:4 3:2 3:3 3:4 4:2 4:3 4:4,0/0/0/6,2,3,
511,1249,60.078000,0,,0.773598,37.000000,25.000000,0.770833,4169.824743,965.997286,767.166738,0.503386,0.710998,0.133712,0.359249,99.652344,0.092271,0.298435,0.591883,3,3,2:2 2:3 2:4 3:2 3:3 3:4 4:2 4:3 4:4,0/0/0/5,2,3,
512,1250,60.172000,0,,0.746729,33.000000,24.000000,0.687500,3914.457836,964.187321,767.027433,0.502443,0.710869,0.131178,0.357097,94.539185,0.087536,0.298234,0.602625,3,3,2:2 2:3 2:4 3:2 3:3 3:4 4:2 4:3 4:4,0/0/0/5,2,3,
513,1252,60.312000,0,,0.727025,31.000000,23.000000,0.645833,4155.734654,963.395108,768.451182,0.502030,0.712188,0.123689,0.351372,92.434753,0.085588,0.300093,0.621847,3,3,2:2 2:3 2:4 3:2 3:3 3:4 4:2 4:3 4:4,0/0/0/3,2,3,
514,1254,60.437000,0,,0.662692,32.000000,22.000000,0.666667,3964.460471,998.445810,772.505041,0.520295,0.715945,0.096055,0.329233,153.130859,0.141788,0.306739,0.572394,3,3,2:2 2:3 2:4 3:2 3:3 3:4 4:3 4:4,0/0/0/0,2,2,
515,1255,60.531000,0,,0.632622,28.000000,21.000000,0.583333,4160.106837,1005.866156,766.912846,0.524162,0.710763,0.094322,0.327788,147.911072,0.136955,0.300016,0.581231,3,3,2:2 2:3 2:4 3:2 3:3 3:4 4:3 4:4,0/0/0/0,2,2,
516,1256,60.625000,0,,0.632266,28.000000,21.000000,0.583333,4344.646390,1013.805649,769.657266,0.528299,0.713306,0.093466,0.327779,146.531372,0.135677,0.304304,0.586186,3,3,2:2 2:3 2:4 3:3 3:4 4:3 4:4,0/0/0/0,2,2,
517,1257,60.718000,0,,0.660689,32.000000,22.000000,0.666667,4401.216340,1019.405344,783.316431,0.531217,0.725965,0.092557,0.327571,146.213928,0.135383,0.322598,0.589032,3,3,2:2 2:3 2:4 3:3 3:4 4:3 4:4,0/0/0/0,2,2,
518,1258,60.812000,0,,0.659309,32.000000,22.000000,0.666667,4597.403583,1026.751200,784.793167,0.535045,0.727334,0.091178,0.327082,146.690918,0.135825,0.325296,0.591646,3,3,2:2 2:3 2:4 3:3 3:4 4:3 4:4,0/0/0/0,2,2,
519,1259,60.906000,0,,0.658137,32.000000,22.000000,0.666667,4765.157131,1033.900375,785.484005,0.538770,0.727974,0.090100,0.326758,148.020264,0.137056,0.327033,0.593076,3,3,2:3 2:4 3:3 3:4 4:3 4:4,0/0/0/0,2,2,
520,1260,61.000000,0,,0.658121,32.000000,22.000000,0.666667,4961.783645,1040.727673,786.902231,0.542328,0.729288,0.089648,0.326518,147.041687,0.136150,0.329742,0.596845,3,3,2:3 2:4 3:3 3:4 4:3 4:4,0/0/0/0,2,2,
521,1261,61.093000,0,,0.623499,28.000000,21.000000,0.583333,5101.961229,1040.265372,778.767877,0.542087,0.721750,0.085708,0.324062,149.549133,0.138471,0.319200,0.594240,3,3,2:3 2:4 3:3 3:4 4:3 4:4,0/0/0/0,2,2,
522,1262,61.187000,0,,0.620101,28.000000,21.000000,0.583333,5237.786630,1038.680869,781.036421,0.541262,0.723852,0.083306,0.322743,151.087341,0.139896,0.321908,0.592176,3,3,2:3 2:4 3:3 3:4 4:3 4:4,0/0/0/0,2,2,
523,1263,61.281000,0,,0.617990,28.000000,21.000000,0.583333,5218.961881,1036.028815,782.690837,0.539880,0.725385,0.081859,0.322210,151.913452,0.140661,0.323694,0.590506,3,3,2:3 2:4 3:3 3:4 4:3 4:4,0/0/0/0,2,2,
524,1265,61.422000,0,,0.643267,32.000000,22.000000,0.666667,5421.294674,1033.634548,799.371166,0.538632,0.740844,0.078785,0.320454,151.001526,0.139816,0.344959,0.590924,3,3,2:3 2:4 3:3 3:4 4:3 4:4,0/0/0/0,2,2,
525,1266,61.515000,0,,0.641739,32.000000,22.000000,0.666667,5292.221688,1036.185188,802.573549,0.539961,0.743812,0.077361,0.319161,149.928528,0.138823,0.349403,0.592941,3,3,2:3 2:4 3:3 3:4 4:3 4:4,0/0/0/0,2,2,
526,1268,61.656000,0,,0.606962,28.000000,21.000000,0.583333,5727.364561,1033.258654,799.071280,0.538436,0.740567,0.073193,0.315907,149.632874,0.138549,0.344527,0.591269,3,3,2:3 2:4 3:3 3:4 4:3 4:4,0/0/0/0,2,2,
527,1269,61.750000,0,,0.607711,28.000000,21.000000,0.583333,5582.019049,1033.979189,797.477781,0.538811,0.739090,0.073783,0.316880,150.660156,0.139500,0.342550,0.591204,3,3,2:3 2:4 3:3 3:4 4:3 4:4,0/0/0/0,2,2,
528,1270,61.843000,0,,0.608393,28.000000,21.000000,0.583333,5579.829459,1038.878529,796.438440,0.541365,0.738126,0.074070,0.317626,151.022217,0.139835,0.341805,0.593291,3,3,2:3 2:4 3:3 3:4 4:3 4:4 5:4,0/0/0/0,2,2,
529,1272,61.984000,0,,0.637418,32.000000,22.000000,0.666667,5694.952781,1041.833712,805.836653,0.542904,0.746837,0.074010,0.317658,152.441040,0.141149,0.354314,0.592863,3,3,2:3 2:4 3:3 3:4 4:3 4:4 5:4,0/0/0/0,2,2,
530,1273,62.078000,0,,0.637580,32.000000,22.000000,0.666667,5330.497457,1038.828686,809.121861,0.541339,0.749881,0.074337,0.317039,148.685059,0.137671,0.358189,0.591136,3,3,2:3 2:4 3:3 3:4 4:3 4:4 5:4,0/0/0/0,2,2,
531,1274,62.187000,0,,0.637542,32.000000,22.000000,0.666667,5661.647940,1036.343645,813.567890,0.540044,0.754002,0.074167,0.315799,143.913696,0.133253,0.363649,0.592339,3,3,2:3 2:4 3:3 3:4 4:3 4:4,0/0/0/0,2,2,
532,1275,62.281000,0,,0.609100,28.000000,21.000000,0.583333,5627.748659,1036.375480,805.504248,0.540060,0.746528,0.074316,0.316162,141.186096,0.130728,0.353217,0.595895,3,3,2:3 2:4 3:3 3:4 4:3 4:4,0/0/0/0,2,2,
533,1276,62.390000,0,,0.609255,28.000000,21.000000,0.583333,5469.282865,1040.670386,807.261202,0.542298,0.748157,0.073743,0.316596,140.926514,0.130488,0.356008,0.601841,3,3,2:3 2:4 3:3 3:4 4:3 4:4 5:4,0/0/0/0,2,2,
534,1277,62.484000,0,,0.609076,28.000000,21.000000,0.583333,5320.308917,1047.312125,806.841154,0.545759,0.747768,0.073132,0.316849,142.670898,0.132103,0.356322,0.605886,3,3,2:3 2:4 3:3 3:4 4:3 4:4 5:4,0/0/0/0,2,2,
535,1278,62.578000,0,,0.609297,28.000000,21.000000,0.583333,5716.494244,1051.760653,805.020442,0.548077,0.746080,0.073270,0.316896,144.066650,0.133395,0.354590,0.606169,3,3,2:3 2:4 3:3 3:4 4:3 4:4 5:4,0/0/0/0,2,2,
536,1279,62.687000,0,,0.608635,28.000000,21.000000,0.583333,5670.873547,1051.864694,804.297174,0.548132,0.745410,0.073024,0.315959,144.934814,0.134199,0.353674,0.603870,3,3,2:3 2:4 3:3 3:4 4:3 4:4 5:4,0/0/0/0,2,2,
537,1280,62.797000,0,,0.608343,28.000000,21.000000,0.583333,5624.948782,1053.620372,803.658262,0.549047,0.744818,0.072726,0.315921,145.946960,0.135136,0.353104,0.604479,3,3,2:3 2:4 3:3 3:4 4:3 4:4 5:4,0/0/0/0,2,2,
538,1281,62.890000,0,,0.637968,32.000000,22.000000,0.666667,5699.923945,1052.445591,811.338558,0.548434,0.751936,0.073401,0.316874,148.218933,0.137240,0.362815,0.601753,3,3,2:3 2:4 3:3 3:4 4:3 4:4 5:4,0/0/0/0,2,2,
539,1282,63.000000,0,,0.638244,32.000000,22.000000,0.666667,5730.206075,1053.754200,809.890345,0.549116,0.750593,0.073642,0.316898,148.883118,0.137855,0.361136,0.601517,3,3,2:3 2:4 3:3 3:4 4:3 4:4 5:4,0/0/0/0,2,2,
540,1283,63.093000,0,,0.638484,32.000000,22.000000,0.666667,5569.658536,1058.196531,811.904655,0.551431,0.752460,0.073376,0.316102,146.690979,0.135825,0.364366,0.605403,3,3,2:3 2:4 3:3 3:4 4:3 4:4 5:3 5:4,0/0/0/0,2,2,
541,1284,63.187000,0,,0.638922,32.000000,22.000000,0.666667,5626.685863,1059.614309,813.870338,0.552170,0.754282,0.073409,0.315989,144.768555,0.134045,0.367100,0.608038,3,3,2:3 2:4 3:3 3:4 4:3 4:4 5:3 5:4,0/0/0/0,2,2,
542,1285,63.281000,0,,0.639696,32.000000,22.000000,0.666667,5485.891988,1057.334530,814.272558,0.550982,0.754655,0.073977,0.316638,143.821167,0.133168,0.367283,0.608336,3,3,2:3 2:4 3:3 3:4 4:3 4:4 5:3 5:4,0/0/0/0,2,2,
543,1286,63.390000,0,,0.611831,28.000000,21.000000,0.583333,5387.252540,1052.311600,799.870935,0.548365,0.741308,0.075368,0.317471,145.153503,0.134401,0.348047,0.605081,3,3,2:3 2:4 3:3 3:4 4:3 4:4 5:4,0/0/0/0,2,2,
544,1287,63.500000,0,,0.642485,32.000000,22.000000,0.666667,4413.251083,1045.582544,797.798775,0.544858,0.739387,0.078371,0.318488,153.057922,0.141720,0.344437,0.589261,3,3,2:3 2:4 3:3 3:4 4:3 4:4 5:4,0/0/0/0,2,2,
545,1288,63.593000,0,,0.641810,32.000000,22.000000,0.666667,4375.468416,1041.879190,782.675226,0.542928,0.725371,0.079617,0.318545,166.147339,0.153840,0.324453,0.574080,3,3,2:3 2:4 3:3 3:4 4:3 4:4 5:4,0/0/0/0,2,2,
546,1289,63.687000,0,,0.736558,33.000000,23.000000,0.687500,4179.970257,1055.235673,774.034378,0.549888,0.717363,0.111485,0.341449,88.296387,0.081756,0.315390,0.671500,3,3,2:2 2:3 2:4 3:2 3:3 3:4 4:2 4:3 4:4 5:4,0/0/0/1,2,2,
547,1290,63.797000,0,,0.751462,36.000000,26.000000,0.750000,4600.482190,1048.430883,793.383692,0.546342,0.735295,0.113909,0.343766,97.971924,0.090715,0.339150,0.654024,3,3,2:2 2:3 2:4 3:2 3:3 3:4 4:2 4:3 4:4 5:4,0/0/0/8,2,2,
548,1292,63.937000,0,,0.763085,40.000000,27.000000,0.833333,4424.374087,1057.029872,781.522041,0.550823,0.724302,0.112290,0.340287,114.928955,0.106416,0.325252,0.638170,3,3,2:2 2:3 2:4 3:2 3:3 3:4 4:2 4:3 4:4 5:4,0/0/0/8,2,2,
549,1293,64.031000,0,,0.722552,36.000000,26.000000,0.750000,4651.232276,1066.129540,766.948124,0.555565,0.710795,0.111222,0.338157,126.525818,0.117154,0.308293,0.631200,3,3,2:2 2:3 2:4 3:2 3:3 3:4 4:2 4:3 4:4 5:3 5:4,0/0/0/3,2,2,
550,1294,64.125000,0,,0.747092,40.000000,27.000000,0.833333,4952.885920,1070.938846,762.654738,0.558071,0.706816,0.110547,0.336714,135.459717,0.125426,0.303793,0.621959,3,3,2:2 2:3 2:4 3:2 3:3 3:4 4:2 4:3 4:4 5:3 5:4,0/0/0/0,2,2,
551,1295,64.218000,0,,0.746089,40.000000,27.000000,0.833333,4843.714869,1075.611855,758.127785,0.560506,0.702621,0.110262,0.335630,139.850098,0.129491,0.299052,0.617711,3,3,2:2 2:3 2:4 3:2 3:3 3:4 4:2 4:3 4:4 5:3 5:4,0/0/0/0,2,2,
552,1296,64.312000,0,,0.714816,36.000000,26.000000,0.750000,4809.616537,1085.736632,745.812376,0.565783,0.691207,0.109210,0.333900,148.812866,0.137790,0.285963,0.612687,3,3,2:2 2:3 2:4 3:2 3:3 3:4 4:2 4:3 4:4 5:2 5:3 5:4,0/0/0/0,2,2,
553,1297,64.406000,0,,0.742257,40.000000,27.000000,0.833333,5085.934575,1090.343459,738.932027,0.568183,0.684830,0.109162,0.333529,160.355652,0.148477,0.278608,0.601599,3,3,2:2 2:3 2:4 3:2 3:3 3:4 4:2 4:3 4:4 5:2 5:3 5:4,0/0/0/0,2,2,
554,1298,64.500000,0,,0.710991,36.000000,26.000000,0.750000,5349.685772,1092.075131,721.782116,0.569086,0.668936,0.109073,0.332918,172.724487,0.159930,0.258117,0.588365,3,3,2:2 2:3 2:4 3:2 3:3 3:4 4:2 4:3 4:4 5:2 5:3 5:4,0/0/0/0,2,2,
555,1299,64.593000,1,54,0.843765,44.000000,29.000000,0.916667,5591.868780,1079.668463,740.783886,0.562620,0.686547,0.139473,0.356808,87.535889,0.081052,0.278284,0.607682,3,3,2:2 2:3 2:4 3:2 3:3 3:4 4:2 4:3 4:4 5:2 5:3 5:4,0/0/0/4,2,3,0.336184
556,1300,64.687000,1,55,0.851091,44.000000,30.000000,0.916667,5558.323918,1097.714702,755.285115,0.572024,0.699986,0.141946,0.360463,93.014526,0.086125,0.300606,0.680191,4,3,2:2 2:3 2:4 3:2 3:3 3:4 4:2 4:3 4:4 5:2 5:3 5:4,0/0/0/8,2,3,0.343898
557,1302,64.812000,1,56,0.866201,48.000000,31.000000,1.000000,5187.164171,1098.037320,737.629317,0.572192,0.683623,0.143820,0.361986,107.877502,0.099887,0.279031,0.662933,4,3,2:2 2:3 2:4 3:2 3:3 3:4 4:2 4:3 4:4 5:2 5:3 5:4,0/0/0/8,2,3,0.464799
558,1303,64.906000,0,,0.852853,48.000000,31.000000,1.000000,4920.714524,1101.324081,720.434568,0.573905,0.667687,0.145563,0.363177,122.095459,0.113051,0.259156,0.647083,4,3,2:2 2:3 2:4 3:2 3:3 3:4 4:2 4:3 4:4 5:2 5:3 5:4,0/0/0/3,2,3,
559,1304,65.000000,0,,0.815134,44.000000,30.000000,0.916667,5097.299977,1105.167265,702.468394,0.575908,0.651037,0.146137,0.363315,139.348450,0.129026,0.239057,0.628670,4,3,2:2 2:3 2:4 3:2 3:3 3:4 4:2 4:3 4:4 5:2 5:3 5:4,0/0/0/0,2,3,
560,1306,65.125000,0,,0.840852,48.000000,31.000000,1.000000,5484.418144,1110.031681,679.652602,0.578443,0.629891,0.146232,0.362819,161.306824,0.149358,0.214593,0.605678,4,3,2:2 2:3 2:4 3:2 3:3 3:4 4:2 4:3 4:4 5:2 5:3 5:4,0/0/0/0,2,3,
561,1307,65.218000,0,,0.810132,44.000000,30.000000,0.916667,5777.970008,1112.486522,670.540963,0.579722,0.621447,0.145223,0.361531,171.487732,0.158785,0.205450,0.595326,4,3,2:2 2:3 2:4 3:2 3:3 3:4 4:2 4:3 4:4 5:2 5:3 5:4,0/0/0/0,2,3,
562,1308,65.312000,1,57,0.837441,48.000000,31.000000,1.000000,6060.543737,1114.927914,658.619183,0.580994,0.610398,0.144124,0.360128,183.587830,0.169989,0.193637,0.582940,4,3,2:1 2:2 2:3 2:4 3:2 3:3 3:4 4:2 4:3 4:4 5:2 5:3 5:4,0/0/0/0,2,3,0.389529
563,1310,65.453000,0,,0.835579,48.000000,31.000000,1.000000,6072.598835,1117.633203,644.803962,0.582404,0.597594,0.145334,0.361134,196.184326,0.181652,0.180638,0.570524,4,2,2:1 2:2 2:3 3:1 3:2 3:3 3:4 4:1 4:2 4:3 4:4 5:2 5:3 5:4,0/0/0/0,2,3,
564,1312,65.578000,0,,0.834060,48.000000,31.000000,1.000000,6437.526835,1121.950404,632.518767,0.584654,0.586208,0.145670,0.361487,208.025269,0.192616,0.170869,0.560403,4,2,2:1 2:2 2:3 3:1 3:2 3:3 4:1 4:2 4:3 4:4 5:1 5:2 5:3 5:4,0/0/0/0,2,3,
565,1313,65.672000,0,,0.803368,44.000000,30.000000,0.916667,6342.861164,1122.198790,623.941209,0.584783,0.578259,0.144528,0.360313,218.369690,0.202194,0.163172,0.550230,4,2,2:1 2:2 2:3 3:1 3:2 3:3 4:1 4:2 4:3 5:1 5:2 5:3,0/0/0/0,2,3,
566,1314,65.765000,0,,0.802549,44.000000,30.000000,0.916667,6222.779411,1126.859210,615.314040,0.587212,0.570263,0.145186,0.360924,225.991150,0.209251,0.158384,0.544773,4,2,2:2 2:3 3:1 3:2 3:3 4:1 4:2 4:3 5:1 5:2 5:3,0/0/0/0,2,3,
567,1315,65.859000,0,,0.802171,44.000000,30.000000,0.916667,6843.182762,1132.217975,608.025262,0.590004,0.563508,0.147771,0.363146,229.611206,0.212603,0.155782,0.542253,4,2,2:2 2:3 3:1 3:2 3:3 4:1 4:2 4:3 5:1 5:2 5:3,0/0/0/0,2,3,
568,1316,65.953000,0,,0.830591,48.000000,31.000000,1.000000,6689.007515,1129.969786,603.973982,0.588833,0.559753,0.149469,0.365297,233.228088,0.215952,0.151405,0.537275,4,2,2:2 2:3 3:1 3:2 3:3 4:1 4:2 4:3 5:1 5:2 5:3,0/0/0/0,2,3,
569,1317,66.062000,0,,0.800248,44.000000,30.000000,0.916667,6413.649251,1124.074059,598.422614,0.585760,0.554609,0.150131,0.366522,239.283875,0.221559,0.143784,0.529432,4,2,2:1 2:2 2:3 3:1 3:2 3:3 4:1 4:2 4:3 5:1 5:2 5:3,0/0/0/0,2,3,
570,1318,66.156000,0,,0.828333,48.000000,31.000000,1.000000,6689.066135,1121.336107,591.401408,0.584334,0.548101,0.151652,0.368506,245.812317,0.227604,0.137302,0.522223,4,2,2:1 2:2 2:3 3:1 3:2 3:3 4:1 4:2 4:3 5:1 5:2 5:3,0/0/0/0,2,3,
571,1319,66.265000,0,,0.798821,44.000000,30.000000,0.916667,6995.840372,1124.340231,585.618700,0.585899,0.542742,0.155636,0.373143,249.001892,0.230557,0.135687,0.519919,4,2,2:1 2:2 2:3 3:1 3:2 3:3 4:1 4:2 4:3 5:1 5:2 5:3,0/0/0/0,2,3,
572,1320,66.359000,0,,0.827654,48.000000,31.000000,1.000000,7216.333720,1123.150743,583.335539,0.585279,0.540626,0.157754,0.375670,250.378479,0.231832,0.133589,0.517694,4,2,2:1 2:2 2:3 3:1 3:2 3:3 4:1 4:2 4:3 5:1 5:2 5:3,0/0/0/0,2,3,
573,1321,66.468000,0,,0.798224,44.000000,30.000000,0.916667,7010.938168,1120.161918,582.765246,0.583722,0.540098,0.159014,0.377467,251.118164,0.232517,0.131279,0.515936,4,2,2:1 2:2 2:3 3:1 3:2 3:3 4:1 4:2 4:3 5:1 5:2 5:3,0/0/0/0,2,3,
574,1322,66.578000,0,,0.797372,44.000000,30.000000,0.916667,6923.203034,1116.353756,580.273613,0.581737,0.537788,0.157792,0.376270,255.759949,0.236815,0.127349,0.510256,4,2,2:1 2:2 2:3 3:1 3:2 3:3 4:1 4:2 4:3 5:1 5:2 5:3,0/0/0/0,2,3,
575,1323,66.672000,0,,0.825703,48.000000,31.000000,1.000000,6837.182958,1114.767415,576.406642,0.580911,0.534204,0.156245,0.374536,260.670593,0.241362,0.124229,0.504685,4,2,2:1 2:2 2:3 3:1 3:2 3:3 4:1 4:2 4:3 5:1 5:2 5:3,0/0/0/0,2,3,
576,1324,66.781000,0,,0.824310,48.000000,31.000000,1.000000,6669.522767,1109.030872,571.276415,0.577921,0.529450,0.155230,0.373367,267.031067,0.247251,0.117805,0.495397,4,2,2:1 2:2 2:3 3:1 3:2 3:3 4:1 4:2 4:3 5:1 5:2 5:3,0/0/0/0,1,3,
577,1325,66.875000,0,,0.821792,48.000000,31.000000,1.000000,5890.434589,1098.949008,562.060832,0.572668,0.520909,0.151645,0.369414,279.667908,0.258952,0.106937,0.478614,4,2,2:1 2:2 2:3 3:1 3:2 3:3 4:1 4:2 4:3 5:1 5:2 5:3,0/0/0/0,1,3,
578,1326,66.984000,0,,0.818693,48.000000,31.000000,1.000000,5528.476764,1089.197141,548.892659,0.567586,0.508705,0.146107,0.362972,297.236145,0.275219,0.096370,0.457955,3,2,2:1 2:2 2:3 3:1 3:2 3:3 4:1 4:2 4:3 5:1 5:2 5:3,0/0/0/0,1,3,
579,1327,67.078000,0,,0.816960,48.000000,31.000000,1.000000,6202.498868,1085.484041,534.252026,0.565651,0.495136,0.144091,0.360438,301.871948,0.279511,0.093099,0.446402,3,2,2:1 2:2 2:3 3:1 3:2 3:3 4:1 4:2 4:3 5:1 5:2 5:3,0/0/0/0,1,3,
580,1328,67.172000,0,,0.818226,48.000000,31.000000,1.000000,6332.821646,1084.312101,521.717081,0.565040,0.483519,0.143269,0.359311,289.324585,0.267893,0.094888,0.454842,3,2,2:1 2:2 2:3 3:1 3:2 3:3 4:1 4:2 4:3 5:1 5:2 5:3,0/0/0/0,1,3,
581,1329,67.281000,0,,0.816485,48.000000,31.000000,1.000000,6793.221247,1075.679577,514.819524,0.560542,0.477127,0.138547,0.353775,288.073639,0.266735,0.091526,0.455693,3,2,2:1 2:2 2:3 3:1 3:2 3:3 4:1 4:2 4:3 5:1 5:2 5:3,0/0/0/0,1,3,
582,1330,67.375000,0,,0.816776,48.000000,31.000000,1.000000,6935.982220,1073.263456,511.084646,0.559283,0.473665,0.138377,0.353599,285.133789,0.264013,0.091738,0.459082,3,2,2:1 2:2 2:3 3:1 3:2 3:3 4:1 4:2 4:3 5:1 5:2 5:3,0/0/0/0,1,3,
583,1331,67.468000,0,,0.790303,44.000000,30.000000,0.916667,7032.632312,1079.150425,508.374174,0.562350,0.471153,0.139928,0.355130,279.779205,0.259055,0.097157,0.463747,3,2,2:1 2:2 2:3 3:1 3:2 3:3 4:1 4:2 4:3 5:1 5:2 5:3,0/0/0/0,1,3,
584,1332,67.562000,0,,0.818895,48.000000,31.000000,1.000000,6951.148147,1078.701539,504.919674,0.562116,0.467952,0.139101,0.354273,277.730804,0.257158,0.098849,0.467011,3,2,2:1 2:2 2:3 3:1 3:2 3:3 4:1 4:2 4:3 5:1 5:2 5:3,0/0/0/0,1,3,
585,1333,67.656000,0,,0.820457,48.000000,31.000000,1.000000,6881.695072,1078.890663,499.015578,0.562215,0.462480,0.139432,0.354761,271.631104,0.251510,0.102747,0.474581,3,2,2:1 2:2 2:3 3:1 3:2 3:3 4:1 4:2 4:3 5:1 5:2 5:3,0/0/0/0,1,3,
586,1334,67.765000,0,,0.821891,48.000000,31.000000,1.000000,6772.897163,1080.776679,491.818820,0.563198,0.455810,0.139768,0.355108,264.090881,0.244529,0.109057,0.481257,3,2,2:1 2:2 2:3 3:1 3:2 3:3 4:1 4:2 4:3 5:1 5:2 5:3,0/0/0/0,1,3,
587,1335,67.859000,0,,0.821177,48.000000,31.000000,1.000000,6496.214728,1080.330823,485.670967,0.562966,0.450112,0.138856,0.353920,258.440186,0.239296,0.113609,0.484320,3,2,2:1 2:2 2:3 3:1 3:2 3:3 4:1 4:2 4:3 5:1 5:2 5:3,0/0/0/0,1,3,
588,1336,67.953000,0,,0.791272,44.000000,30.000000,0.916667,6323.682546,1079.880927,474.436887,0.562731,0.439701,0.136929,0.351693,249.875534,0.231366,0.123055,0.495910,3,2,2:1 2:2 2:3 3:1 3:2 3:3 4:1 4:2 4:3 5:1 5:2 5:3,0/0/0/0,1,3,
589,1337,68.047000,0,,0.824342,48.000000,31.000000,1.000000,6121.084758,1083.229212,461.651561,0.564476,0.427851,0.138400,0.353299,234.790421,0.217399,0.136840,0.509323,3,2,2:1 2:2 2:3 3:1 3:2 3:3 4:1 4:2 4:3 5:1 5:2 5:3,0/0/0/0,2,3,
590,1338,68.140000,0,,0.825202,48.000000,31.000000,1.000000,6076.151618,1084.251296,448.011305,0.565008,0.415210,0.137555,0.352312,222.107101,0.205655,0.151099,0.522304,3,2,2:1 2:2 2:3 3:1 3:2 3:3 4:1 4:2 4:3 5:1 5:2 5:3,0/0/0/0,2,3,
591,1339,68.250000,0,,0.826331,48.000000,31.000000,1.000000,5832.573149,1084.082495,433.115779,0.564921,0.401405,0.136467,0.351065,208.486938,0.193043,0.166947,0.539149,3,2,2:0 2:1 2:2 2:3 3:0 3:1 3:2 3:3 4:0 4:1 4:2 4:3 5:0 5:1 5:2 5:3,0/0/0/0,2,3,
592,1340,68.343000,1,58,0.831390,48.000000,31.000000,1.000000,5669.579321,1089.371184,416.974603,0.567676,0.386445,0.138108,0.352936,190.480865,0.176371,0.186948,0.558818,3,1,2:0 2:1 2:2 3:0 3:1 3:2 4:0 4:1 4:2 5:0 5:1 5:2,0/0/0/0,2,3,0.552341
593,1341,68.437000,0,,0.835438,48.000000,31.000000,1.000000,6284.726289,1094.298509,403.161563,0.570244,0.373644,0.139327,0.354314,175.152039,0.162178,0.204451,0.575355,3,1,2:0 2:1 2:2 3:0 3:1 3:2 4:0 4:1 4:2 5:0 5:1 5:2,0/0/0/0,2,3,
594,1342,68.531000,0,,0.836683,48.000000,31.000000,1.000000,6571.362395,1095.708401,393.773811,0.570979,0.364943,0.139040,0.353978,166.330292,0.154010,0.215770,0.586114,3,1,2:0 2:1 2:2 3:0 3:1 3:2 4:0 4:1 4:2 5:0 5:1 5:2,0/0/0/0,2,3,
595,1343,68.625000,0,,0.838040,48.000000,31.000000,1.000000,6809.250343,1096.461117,388.450105,0.571371,0.360009,0.139414,0.354318,160.366333,0.148487,0.222222,0.591962,3,1,2:0 2:1 2:2 3:0 3:1 3:2 4:0 4:1 4:2 5:0 5:1 5:2,0/0/0/0,2,3,
596,1344,68.718000,0,,0.840270,48.000000,31.000000,1.000000,5900.989685,1098.027660,377.654031,0.572187,0.350004,0.139957,0.354931,149.092697,0.138049,0.235414,0.602168,4,1,2:0 2:1 2:2 3:0 3:1 3:2 4:0 4:1 4:2 5:0 5:1 5:2,0/0/0/0,2,3,
597,1345,68.812000,0,,0.838905,48.000000,31.000000,1.000000,6348.856266,1096.722193,366.196881,0.571507,0.339385,0.137771,0.352178,139.701752,0.129353,0.248638,0.611809,4,1,2:0 2:1 2:2 3:0 3:1 3:2 4:0 4:1 4:2 5:0 5:1 5:2,0/0/0/0,2,3,
598,1346,68.906000,0,,0.837442,48.000000,31.000000,1.000000,6196.391904,1093.546452,357.685013,0.569852,0.331497,0.135897,0.349813,132.530899,0.122714,0.257964,0.618115,3,1,2:0 2:1 2:2 3:0 3:1 3:2 4:0 4:1 4:2 5:0 5:1 5:2,0/0/0/0,2,3,
599,1347,69.015000,0,,0.843954,48.000000,31.000000,1.000000,5929.937872,1089.270774,347.637797,0.567624,0.322185,0.135542,0.349305,122.222549,0.113169,0.269040,0.626627,3,1,2:0 2:1 2:2 3:0 3:1 3:2 4:0 4:1 4:2 5:0 5:1 5:2,0/0/5/0,2,3,
600,1348,69.109000,0,,0.852116,48.000000,31.000000,1.000000,5753.280690,1089.111201,335.987818,0.567541,0.311388,0.134324,0.347606,111.672516,0.103400,0.283324,0.637208,3,1,2:0 2:1 2:2 3:0 3:1 3:2 4:0 4:1 4:2 5:0 5:1 5:2,0/0/8/0,2,3,
601,1349,69.218000,0,,0.863478,48.000000,31.000000,1.000000,5786.455585,1092.371384,322.912000,0.569240,0.299270,0.133717,0.346778,98.748062,0.091433,0.300289,0.651673,3,1,2:0 2:1 2:2 3:0 3:1 3:2 4:0 4:1 4:2 5:0 5:1 5:2,0/0/8/0,2,3,
602,1350,69.312000,0,,0.871660,48.000000,31.000000,1.000000,5885.798479,1093.959318,311.107571,0.570067,0.288330,0.132370,0.345097,88.281197,0.081742,0.315321,0.663921,3,1,2:0 2:1 2:2 3:0 3:1 3:2 4:0 4:1 4:2 5:0 5:1 5:2,0/0/8/0,2,3,
603,1351,69.406000,1,59,0.876059,48.000000,31.000000,1.000000,6025.924137,1092.425598,301.890646,0.569268,0.279787,0.130377,0.342596,81.004051,0.075004,0.326471,0.672895,3,1,2:0 2:1 2:2 3:0 3:1 3:2 4:0 4:1 4:2 5:0 5:1 5:2,0/0/8/0,2,3,0.561692
604,1353,69.547000,1,60,0.861723,46.000000,30.000000,0.958333,6134.353241,1102.116617,303.692223,0.574318,0.281457,0.128043,0.339882,77.989014,0.072212,0.326448,0.679037,4,1,2:0 2:1 2:2 3:0 3:1 3:2 4:0 4:1 4:2 5:0 5:1 5:2,0/0/6/0,2,3,0.300819
605,1355,69.687000,0,,0.829488,42.000000,28.000000,0.875000,6233.328861,1093.707267,319.560910,0.569936,0.296164,0.124735,0.335925,77.056679,0.071349,0.304763,0.682143,3,1,2:0 2:1 2:2 3:0 3:1 3:2 4:0 4:1 4:2 5:0 5:1 5:2,0/0/2/0,2,3,
606,1356,69.781000,0,,0.728656,40.000000,27.000000,0.833333,6506.118495,1077.907568,327.910357,0.561703,0.303902,0.100347,0.314376,154.659164,0.143203,0.290729,0.586480,3,1,2:0 2:1 2:2 3:0 3:1 3:2 4:0 4:1 4:2 5:0 5:1,0/0/0/0,2,2,
607,1357,69.875000,0,,0.728854,40.000000,27.000000,0.833333,6308.291686,1074.997943,324.789952,0.560187,0.301010,0.100372,0.314329,151.284317,0.140078,0.294005,0.587589,3,1,2:0 2:1 2:2 3:0 3:1 3:2 4:0 4:1 4:2 5:0 5:1,0/0/0/0,2,2,
608,1358,69.968000,0,,0.725476,40.000000,27.000000,0.833333,6417.762074,1066.786363,322.988009,0.555907,0.299340,0.097834,0.311063,152.652542,0.141345,0.294585,0.586821,3,1,2:0 2:1 2:2 3:0 3:1 3:2 4:0 4:1 4:2,0/0/0/0,2,2,
609,1359,70.062000,0,,0.697799,36.000000,26.000000,0.750000,6423.077840,1066.934363,324.337630,0.555985,0.300591,0.098628,0.311864,148.195358,0.137218,0.292910,0.589941,3,1,2:0 2:1 2:2 3:0 3:1 3:2 4:0 4:1 4:2,0/0/0/0,2,2,
610,1360,70.172000,0,,0.728159,40.000000,27.000000,0.833333,6432.351017,1067.353464,316.746463,0.556203,0.293556,0.099489,0.312689,143.510498,0.132880,0.302582,0.590519,3,1,2:0 2:1 2:2 3:0 3:1 3:2 4:0 4:1 4:2,0/0/0/0,2,2,
611,1361,70.265000,0,,0.727687,40.000000,27.000000,0.833333,6486.835869,1066.245374,316.168030,0.555626,0.293019,0.099038,0.312118,143.812225,0.133159,0.303101,0.591239,3,1,2:0 2:1 2:2 3:0 3:1 3:2 4:0 4:1 4:2,0/0/0/0,2,2,
612,1362,70.375000,0,,0.729268,40.000000,27.000000,0.833333,6238.949105,1068.360674,316.463958,0.556728,0.293294,0.100297,0.313532,142.276932,0.131738,0.303135,0.590992,3,1,2:0 2:1 2:2 3:0 3:1 3:2 4:0 4:1 4:2,0/0/0/0,2,2,
613,1363,70.468000,0,,0.729556,40.000000,27.000000,0.833333,6285.609524,1072.068573,319.171480,0.558660,0.295803,0.100788,0.314191,144.583313,0.133873,0.300458,0.588700,3,1,2:0 2:1 2:2 3:0 3:1 3:2 4:0 4:1 4:2 5:0,0/0/0/0,2,2,
614,1364,70.578000,0,,0.730310,40.000000,27.000000,0.833333,6344.880605,1075.333603,323.114777,0.560361,0.299458,0.101762,0.315474,147.313782,0.136402,0.296178,0.585381,3,1,2:0 2:1 2:2 3:0 3:1 3:2 4:0 4:1 4:2 5:0 5:1,0/0/0/0,2,2,
615,1365,70.672000,0,,0.842500,44.000000,29.000000,0.916667,5890.888076,1091.890897,309.015912,0.568990,0.286391,0.125143,0.336223,78.265152,0.072468,0.317453,0.674394,3,1,2:0 2:1 2:2 3:0 3:1 3:2 4:0 4:1 4:2 5:0 5:1,0/0/4/0,2,3,
616,1366,70.781000,0,,0.870607,48.000000,31.000000,1.000000,5840.632166,1077.131719,301.202091,0.561298,0.279149,0.128098,0.339263,82.120300,0.076037,0.324137,0.661822,3,1,2:0 2:1 2:2 3:0 3:1 3:2 4:0 4:1 4:2 5:0 5:1,0/0/8/0,2,3,
617,1367,70.890000,0,,0.859588,48.000000,31.000000,1.000000,5879.688967,1073.836297,313.371566,0.559581,0.290428,0.128468,0.339818,94.121727,0.087150,0.308125,0.646935,3,1,2:0 2:1 2:2 3:0 3:1 3:2 4:0 4:1 4:2 5:0 5:1,0/0/8/0,2,3,
618,1368,71.000000,0,,0.843737,48.000000,31.000000,1.000000,6022.597277,1069.020760,326.434834,0.557072,0.302535,0.126921,0.337992,109.090363,0.101010,0.290688,0.631519,3,1,2:0 2:1 2:2 3:0 3:1 3:2 4:0 4:1 4:2 5:0,0/0/8/0,2,3,
619,1369,71.109000,0,,0.809959,46.000000,30.000000,0.958333,5959.874703,1079.501270,353.766835,0.562533,0.327865,0.126641,0.338023,129.913376,0.120290,0.259001,0.611448,3,1,2:0 2:1 2:2 3:0 3:1 3:2 4:0 4:1 4:2 5:0,0/0/0/0,2,3,
620,1370,71.203000,0,,0.825211,48.000000,31.000000,1.000000,6049.530032,1070.895767,358.139582,0.558049,0.331918,0.128741,0.340355,139.665253,0.129320,0.251480,0.597915,3,1,2:0 2:1 2:2 3:0 3:1 3:2 4:0 4:1 4:2 5:0 5:1,0/0/0/0,2,3,
621,1371,71.312000,0,,0.796886,44.000000,30.000000,0.916667,6353.814125,1075.405635,370.852510,0.560399,0.343700,0.130941,0.343064,150.126007,0.139006,0.236971,0.584666,3,1,2:0 2:1 2:2 3:0 3:1 3:2 4:0 4:1 4:2 5:0 5:1 5:2,0/0/0/0,2,3,
622,1372,71.422000,0,,0.825329,48.000000,31.000000,1.000000,6553.919840,1077.048545,383.349353,0.561255,0.355282,0.131711,0.344136,162.144806,0.150134,0.222241,0.573239,3,1,2:0 2:1 2:2 3:0 3:1 3:2 4:0 4:1 4:2 5:0 5:1 5:2,0/0/0/0,2,3,
623,1373,71.515000,0,,0.824878,48.000000,31.000000,1.000000,6625.183454,1079.646697,393.483909,0.562609,0.364675,0.132488,0.345109,171.632950,0.158919,0.210869,0.563575,3,1,2:0 2:1 2:2 3:0 3:1 3:2 4:0 4:1 4:2 5:0 5:1 5:2,0/0/0/0,2,3,
624,1374,71.625000,0,,0.826400,48.000000,31.000000,1.000000,6934.767623,1085.410353,401.285088,0.565612,0.371905,0.134383,0.347509,178.026566,0.164839,0.203536,0.557481,3,1,2:0 2:1 2:2 3:0 3:1 3:2 4:0 4:1 4:2 5:0 5:1 5:2,0/0/0/0,2,3,
625,1375,71.734000,0,,0.825528,48.000000,31.000000,1.000000,7241.247865,1086.149663,408.515138,0.565998,0.378605,0.134419,0.347717,185.197632,0.171479,0.195409,0.551361,3,1,2:0 2:1 2:2 3:0 3:1 3:2 4:0 4:1 4:2 5:0 5:1 5:2,0/0/0/0,2,3,
626,1376,71.843000,0,,0.822868,48.000000,31.000000,1.000000,7146.991402,1084.409086,411.348802,0.565091,0.381232,0.132787,0.345778,190.152466,0.176067,0.191535,0.547618,3,1,2:0 2:1 2:2 3:0 3:1 3:2 4:0 4:1 4:2 5:0 5:1 5:2,0/0/0/0,2,3,
627,1377,71.953000,0,,0.823682,48.000000,31.000000,1.000000,7284.156098,1086.425565,412.051992,0.566142,0.381883,0.133347,0.346510,190.318710,0.176221,0.191449,0.548242,3,1,2:0 2:1 2:2 3:0 3:1 3:2 4:0 4:1 4:2 5:0 5:1 5:2,0/0/0/0,2,3,
628,1378,72.047000,0,,0.822533,48.000000,31.000000,1.000000,7403.517154,1085.470107,413.290223,0.565644,0.383031,0.132574,0.345637,192.719101,0.178444,0.189689,0.547200,3,1,2:0 2:1 2:2 3:0 3:1 3:2 4:0 4:1 4:2 5:0 5:1 5:2,0/0/0/0,2,3,
629,1379,72.156000,0,,0.821848,48.000000,31.000000,1.000000,7323.025263,1085.105352,413.779388,0.565454,0.383484,0.132117,0.345033,193.339218,0.179018,0.188998,0.546551,3,1,2:0 2:1 2:2 3:0 3:1 3:2 4:0 4:1 4:2 5:0 5:1 5:2,0/0/0/0,2,3,
630,1380,72.265000,0,,0.793215,44.000000,30.000000,0.916667,7198.109686,1087.861887,413.538870,0.566890,0.383261,0.132432,0.345395,193.088577,0.178786,0.190275,0.547409,3,1,2:0 2:1 2:2 3:0 3:1 3:2 4:0 4:1 4:2 5:0 5:1 5:2,0/0/0/0,2,3,
631,1381,72.359000,0,,0.793362,44.000000,30.000000,0.916667,7356.826658,1088.590596,413.453980,0.567270,0.383183,0.132520,0.345547,192.778076,0.178498,0.190639,0.547643,3,1,2:0 2:1 2:2 3:0 3:1 3:2 4:0 4:1 4:2 5:0 5:1 5:2,0/0/0/0,2,3,
632,1382,72.453000,0,,0.821277,48.000000,31.000000,1.000000,7227.352567,1087.796557,414.268373,0.566856,0.383937,0.131594,0.344448,194.916519,0.180478,0.189422,0.547226,3,1,2:0 2:1 2:2 3:0 3:1 3:2 4:0 4:1 4:2 5:0 5:1 5:2,0/0/0/0,2,3,
633,1383,72.547000,0,,0.792383,44.000000,30.000000,0.916667,7246.586933,1087.965759,414.437533,0.566944,0.384094,0.131763,0.344690,194.828644,0.180397,0.189292,0.547602,3,1,2:0 2:1 2:2 3:0 3:1 3:2 4:0 4:1 4:2 5:0 5:1 5:2,0/0/0/0,2,3,
634,1384,72.640000,0,,0.792595,44.000000,30.000000,0.916667,7305.768404,1088.805363,414.718504,0.567382,0.384354,0.131961,0.344879,194.752792,0.180327,0.189284,0.547315,3,1,2:0 2:1 2:2 3:0 3:1 3:2 4:0 4:1 4:2 5:0 5:1 5:2,0/0/0/0,2,3,
635,1385,72.734000,0,,0.820561,48.000000,31.000000,1.000000,7200.431073,1087.969480,414.981650,0.566946,0.384598,0.131082,0.343847,196.125504,0.181598,0.188676,0.546849,3,1,2:0 2:1 2:2 3:0 3:1 3:2 4:0 4:1 4:2 5:0 5:1 5:2,0/0/0/0,2,3,
636,1386,72.843000,0,,0.820788,48.000000,31.000000,1.000000,7169.551004,1088.750201,414.944815,0.567353,0.384564,0.131278,0.344032,195.703140,0.181207,0.189007,0.546673,3,1,2:0 2:1 2:2 3:0 3:1 3:2 4:0 4:1 4:2 5:0 5:1 5:2,0/0/0/0,2,3,
637,1387,72.937000,0,,0.821257,48.000000,31.000000,1.000000,7310.430553,1090.176264,415.312843,0.568096,0.384905,0.131674,0.344490,195.626541,0.181136,0.189124,0.546413,3,1,2:0 2:1 2:2 3:0 3:1 3:2 4:0 4:1 4:2 5:0 5:1 5:2,0/0/0/0,2,3,
638,1388,73.031000,0,,0.821377,48.000000,31.000000,1.000000,7207.944538,1091.164613,416.248803,0.568611,0.385773,0.131892,0.344732,196.085190,0.181560,0.188443,0.545342,3,1,2:0 2:1 2:2 3:0 3:1 3:2 4:0 4:1 4:2 5:0 5:1 5:2,0/0/0/0,2,3,
639,1389,73.125000,0,,0.791543,44.000000,30.000000,0.916667,7313.277060,1090.596356,416.800095,0.568315,0.386284,0.131441,0.344236,197.253372,0.182642,0.187608,0.544758,3,1,2:0 2:1 2:2 3:0 3:1 3:2 4:0 4:1 4:2 5:0 5:1 5:2,0/0/0/0,2,3,
640,1390,73.234000,0,,0.820882,48.000000,31.000000,1.000000,7310.930128,1090.501106,416.612668,0.568265,0.386110,0.131569,0.344379,196.929337,0.182342,0.187782,0.544810,3,1,2:0 2:1 2:2 3:0 3:1 3:2 4:0 4:1 4:2 5:0 5:1 5:2,0/0/0/0,2,3,
641,1391,73.328000,0,,0.822531,48.000000,31.000000,1.000000,7183.527140,1092.487133,415.966610,0.569300,0.385511,0.132746,0.345716,194.603928,0.180189,0.189263,0.545714,3,1,2:0 2:1 2:2 3:0 3:1 3:2 4:0 4:1 4:2 5:0 5:1 5:2,0/0/0/0,2,3,
642,1392,73.422000,0,,0.822900,48.000000,31.000000,1.000000,7218.376348,1093.553200,416.215939,0.569856,0.385742,0.133043,0.346040,194.540741,0.180130,0.189392,0.545633,3,1,2:0 2:1 2:2 3:0 3:1 3:2 4:0 4:1 4:2 5:0 5:1 5:2,0/0/0/0,2,3,
643,1393,73.515000,0,,0.823314,48.000000,31.000000,1.000000,7349.231135,1095.108578,417.110217,0.570666,0.386571,0.133546,0.346629,194.980316,0.180537,0.188996,0.544082,3,1,2:0 2:1 2:2 3:0 3:1 3:2 4:0 4:1 4:2 5:0 5:1 5:2,0/0/0/0,2,3,
644,1394,73.625000,0,,0.822662,48.000000,31.000000,1.000000,7254.720450,1093.865681,418.027580,0.570019,0.387421,0.133069,0.346118,196.358353,0.181813,0.187492,0.543824,3,1,2:0 2:1 2:2 3:0 3:1 3:2 4:0 4:1 4:2 5:0 5:1 5:2,0/0/0/0,2,3,
645,1395,73.734000,0,,0.794248,44.000000,30.000000,0.916667,7016.739669,1097.039860,419.615810,0.571673,0.388893,0.133913,0.346923,196.626022,0.182061,0.186985,0.541602,4,1,2:0 2:1 2:2 3:0 3:1 3:2 4:0 4:1 4:2 5:0 5:1 5:2,0/0/0/0,2,3,
646,1396,73.843000,0,,0.823401,48.000000,31.000000,1.000000,7002.374226,1098.626193,424.104672,0.572499,0.393053,0.134341,0.347456,200.603424,0.185744,0.182722,0.537846,4,1,2:0 2:1 2:2 3:0 3:1 3:2 4:0 4:1 4:2 5:0 5:1 5:2 5:3,0/0/0/0,2,3,
647,1397,73.953000,0,,0.823950,48.000000,31.000000,1.000000,5700.947119,1095.068634,429.176728,0.570645,0.397754,0.135442,0.348971,204.774124,0.189606,0.175755,0.532072,3,1,2:0 2:1 2:2 3:0 3:1 3:2 4:0 4:1 4:2 4:3 5:1 5:2 5:3,0/0/0/0,2,3,
648,1398,74.062000,0,,0.818788,48.000000,31.000000,1.000000,6695.928714,1085.011059,436.386006,0.565404,0.404436,0.132313,0.345305,215.889694,0.199898,0.163770,0.524477,3,2,2:0 2:1 2:2 2:3 3:1 3:2 3:3 4:1 4:2 4:3 5:1 5:2 5:3,0/0/0/0,2,3,
649,1399,74.156000,0,,0.817545,48.000000,31.000000,1.000000,6265.683878,1080.903141,445.541244,0.563264,0.412921,0.132745,0.345703,223.880890,0.207297,0.152218,0.512488,3,2,2:1 2:2 2:3 3:1 3:2 3:3 4:1 4:2 4:3 5:1 5:2 5:3,0/0/0/0,2,3,
650,1400,74.265000,0,,0.818531,48.000000,31.000000,1.000000,6262.608331,1082.845746,461.469412,0.564276,0.427682,0.135453,0.348855,237.093994,0.219531,0.136830,0.495850,3,2,2:1 2:2 2:3 3:1 3:2 3:3 4:1 4:2 4:3 5:1 5:2 5:3,0/0/0/0,1,3,
651,1401,74.375000,0,,0.789654,44.000000,30.000000,0.916667,6879.368421,1082.426632,471.507791,0.564058,0.436986,0.136590,0.350409,246.381744,0.228131,0.127076,0.488030,3,2,2:1 2:2 2:3 3:1 3:2 3:3 4:1 4:2 4:3 5:1 5:2 5:3,0/0/0/0,1,3,
652,1402,74.484000,0,,0.818258,48.000000,31.000000,1.000000,7173.899596,1081.828028,478.983393,0.563746,0.443914,0.136983,0.350910,253.395889,0.234626,0.120076,0.480914,3,2,2:1 2:2 2:3 3:1 3:2 3:3 4:1 4:2 4:3 5:1 5:2 5:3,0/0/0/0,1,3,
653,1403,74.593000,0,,0.818707,48.000000,31.000000,1.000000,6915.218645,1085.507032,485.003385,0.565663,0.449493,0.137854,0.351887,258.722839,0.239558,0.117154,0.476445,3,2,2:1 2:2 2:3 3:1 3:2 3:3 4:1 4:2 4:3 5:1 5:2 5:3,0/0/0/0,1,3,
654,1404,74.703000,0,,0.791526,44.000000,30.000000,0.916667,6767.901409,1093.767427,494.587050,0.569967,0.458375,0.139809,0.354213,266.397064,0.246664,0.115135,0.472917,3,2,2:1 2:2 2:3 3:1 3:2 3:3 4:1 4:2 4:3 5:1 5:2 5:3,0/0/0/0,1,3,
655,1405,74.812000,0,,0.791211,44.000000,30.000000,0.916667,7064.927230,1099.319955,501.616289,0.572861,0.464890,0.141699,0.356470,271.698425,0.251573,0.114380,0.469187,4,2,2:1 2:2 2:3 3:1 3:2 3:3 4:1 4:2 4:3 5:1 5:2 5:3,0/0/0/0,1,3,
656,1406,74.922000,0,,0.819547,48.000000,31.000000,1.000000,7066.966786,1100.073574,510.179229,0.573254,0.472826,0.141934,0.356847,280.344086,0.259578,0.110494,0.463648,4,2,2:1 2:2 2:3 3:1 3:2 3:3 4:1 4:2 4:3 5:1 5:2 5:3,0/0/0/0,1,3,
657,1407,75.031000,0,,0.789704,44.000000,30.000000,0.916667,7129.700968,1102.435973,517.290434,0.574485,0.479417,0.143372,0.358557,285.967010,0.264784,0.109285,0.459137,4,2,2:1 2:2 2:3 3:1 3:2 3:3 4:1 4:2 4:3 5:1 5:2 5:3,0/0/0/0,1,3,
658,1408,75.125000,0,,0.789199,44.000000,30.000000,0.916667,7417.645804,1106.423811,524.744201,0.576563,0.486325,0.144374,0.359784,292.843781,0.271152,0.109990,0.455771,4,2,2:1 2:2 2:3 3:1 3:2 3:3 4:1 4:2 4:3 5:1 5:2 5:3,0/0/0/0,1,3,
659,1409,75.234000,0,,0.818376,48.000000,31.000000,1.000000,7468.663800,1108.937851,528.201830,0.577873,0.489529,0.145271,0.360937,295.486603,0.273599,0.111120,0.455837,4,2,2:1 2:2 2:3 3:1 3:2 3:3 4:1 4:2 4:3 5:1 5:2 5:3,0/0/0/0,1,3,
660,1410,75.328000,0,,0.789529,44.000000,30.000000,0.916667,7273.761233,1110.832829,533.866617,0.578860,0.494779,0.145546,0.361289,301.159424,0.278851,0.111769,0.457971,4,2,2:1 2:2 2:3 3:1 3:2 3:3 4:1 4:2 4:3 5:1 5:2 5:3,0/0/0/0,1,3,
661,1411,75.437000,0,,0.790509,44.000000,30.000000,0.916667,7472.742945,1111.341615,540.205815,0.579125,0.500654,0.146198,0.362108,301.335022,0.279014,0.111904,0.464501,4,2,2:1 2:2 2:3 3:1 3:2 3:3 4:1 4:2 4:3 5:1 5:2 5:3,0/0/0/0,1,3,
662,1412,75.531000,0,,0.791499,44.000000,30.000000,0.916667,7491.667060,1112.123901,546.160824,0.579533,0.506173,0.146874,0.362996,294.920837,0.273075,0.112815,0.471106,4,2,2:1 2:2 2:3 3:1 3:2 3:3 4:1 4:2 4:3 5:1 5:2 5:3,0/0/0/0,1,3,
663,1413,75.640000,0,,0.821596,48.000000,31.000000,1.000000,7651.622788,1113.905641,551.012812,0.580462,0.510670,0.147767,0.364031,289.254517,0.267828,0.114786,0.477309,4,2,2:1 2:2 2:3 3:1 3:2 3:3 4:1 4:2 4:3 5:1 5:2 5:3,0/0/0/0,1,3,
664,1414,75.750000,0,,0.793097,44.000000,30.000000,0.916667,7699.895485,1114.639898,554.916260,0.580844,0.514288,0.147886,0.364253,285.292114,0.264159,0.116103,0.481759,4,2,2:1 2:2 2:3 3:1 3:2 3:3 4:1 4:2 4:3 5:1 5:2 5:3,0/0/0/0,1,3,
665,1415,75.859000,0,,0.823187,48.000000,31.000000,1.000000,7297.456772,1118.000454,558.741672,0.582595,0.517833,0.148543,0.364933,280.705627,0.259913,0.119499,0.487916,4,2,2:1 2:2 2:3 3:1 3:2 3:3 4:1 4:2 4:3 5:1 5:2 5:3,0/0/0/0,1,3,
666,1416,75.968000,1,61,0.824690,48.000000,31.000000,1.000000,7628.467354,1122.466782,565.351307,0.584923,0.523959,0.150372,0.367053,272.056885,0.251905,0.124787,0.497932,4,2,2:1 2:2 2:3 3:1 3:2 3:3 4:1 4:2 4:3 5:1 5:2 5:3,0/0/0/0,1,3,0.310536
667,1417,76.078000,0,,0.825313,48.000000,31.000000,1.000000,7191.230550,1119.577875,571.389149,0.583417,0.529554,0.150287,0.367094,266.611328,0.246862,0.125155,0.502084,4,2,2:1 2:2 2:3 3:1 3:2 3:3 4:1 4:2 4:3 5:1 5:2 5:3,0/0/0/0,2,3,
668,1418,76.172000,0,,0.826012,48.000000,31.000000,1.000000,7567.104434,1116.214826,578.237162,0.581665,0.535901,0.149161,0.365785,260.659668,0.241352,0.126159,0.506747,4,2,2:1 2:2 2:3 3:1 3:2 3:3 4:1 4:2 4:3 5:1 5:2 5:3,0/0/0/0,2,3,
669,1419,76.281000,0,,0.798090,44.000000,30.000000,0.916667,7314.308752,1117.536531,585.157507,0.582354,0.542315,0.150176,0.366897,252.610229,0.233898,0.130940,0.515044,4,2,2:1 2:2 2:3 3:1 3:2 3:3 4:1 4:2 4:3 5:1 5:2 5:3,0/0/0/0,2,3,
670,1420,76.375000,0,,0.828262,48.000000,31.000000,1.000000,7405.418469,1116.444438,592.279977,0.581784,0.548916,0.150109,0.366865,245.709717,0.227509,0.134770,0.521749,4,2,2:1 2:2 2:3 3:1 3:2 3:3 4:1 4:2 4:3 5:1 5:2 5:3,0/0/0/0,2,3,
671,1421,76.484000,0,,0.829284,48.000000,31.000000,1.000000,7469.661980,1116.438126,598.447624,0.581781,0.554632,0.150397,0.367184,239.052246,0.221345,0.139088,0.528558,4,2,2:1 2:2 2:3 3:1 3:2 3:3 4:1 4:2 4:3 5:1 5:2 5:3,0/0/0/0,2,3,
672,1422,76.593000,0,,0.801046,44.000000,30.000000,0.916667,7740.479794,1118.524170,603.102629,0.582868,0.558946,0.151091,0.367915,233.598938,0.216295,0.143818,0.534748,4,2,2:1 2:2 2:3 3:1 3:2 3:3 4:1 4:2 4:3 5:1 5:2 5:3,0/0/0/0,2,3,
673,1423,76.703000,0,,0.831045,48.000000,31.000000,1.000000,7784.260611,1121.166842,606.997609,0.584245,0.562556,0.151631,0.368466,229.240723,0.212260,0.148395,0.540301,4,2,2:1 2:2 2:3 3:1 3:2 3:3 4:1 4:2 4:3 5:1 5:2 5:3,0/0/0/0,2,3,
674,1424,76.797000,0,,0.832927,48.000000,31.000000,1.000000,6729.718355,1128.743635,613.987582,0.588194,0.569034,0.153310,0.370186,220.072083,0.203770,0.158391,0.552845,4,2,2:1 2:2 2:3 3:1 3:2 3:3 4:1 4:2 4:3 5:1 5:2 5:3,0/0/0/0,2,3,
675,1425,76.906000,0,,0.806026,44.000000,30.000000,0.916667,5934.149588,1139.570145,622.587499,0.593835,0.577004,0.155584,0.372246,208.916504,0.193441,0.171667,0.567952,4,2,2:2 2:3 3:1 3:2 3:3 4:1 4:2 4:3 4:4 5:1 5:2 5:3 5:4,0/0/0/0,2,3,
676,1426,77.015000,0,,0.837338,48.000000,31.000000,1.000000,5939.592812,1150.586623,631.175284,0.599576,0.584963,0.157197,0.373647,198.497986,0.183794,0.185117,0.582254,4,2,2:3 3:1 3:2 3:3 4:1 4:2 4:3 4:4 5:1 5:2 5:3 5:4,0/0/0/0,2,3,
677,1427,77.109000,0,,0.840092,48.000000,31.000000,1.000000,4822.612432,1165.039132,640.313235,0.607107,0.593432,0.158474,0.374640,186.977234,0.173127,0.201005,0.600612,4,2,3:1 3:2 3:3 3:4 4:1 4:2 4:3 4:4 5:1 5:2 5:3 5:4,0/0/0/0,2,3,
678,1428,77.218000,0,,0.843247,48.000000,31.000000,1.000000,4703.600812,1182.860386,651.602544,0.616394,0.603895,0.160337,0.376474,173.671692,0.160807,0.220643,0.621646,4,3,3:1 3:2 3:3 3:4 4:1 4:2 4:3 4:4 5:2 5:3 5:4,0/0/0/0,2,3,
679,1429,77.312000,0,,0.846185,48.000000,31.000000,1.000000,5419.307221,1197.729319,663.060454,0.624142,0.614514,0.162017,0.378102,160.568848,0.148675,0.238850,0.641233,4,3,3:1 3:2 3:3 3:4 4:1 4:2 4:3 4:4 5:2 5:3 5:4,0/0/0/0,2,3,
680,1430,77.406000,0,,0.848145,48.000000,31.000000,1.000000,6017.882563,1205.528670,674.950390,0.628207,0.625533,0.159304,0.374914,151.863098,0.140614,0.253754,0.654301,4,3,3:1 3:2 3:3 3:4 4:2 4:3 4:4 5:2 5:3 5:4,0/0/0/0,2,3,
681,1431,77.500000,0,,0.849614,48.000000,31.000000,1.000000,6046.657741,1214.012141,683.518380,0.632627,0.633474,0.156620,0.371613,145.860596,0.135056,0.266103,0.664093,4,3,3:1 3:2 3:3 3:4 4:2 4:3 4:4 5:2 5:3 5:4,0/0/0/0,2,3,
682,1432,77.593000,0,,0.850371,48.000000,31.000000,1.000000,5900.431590,1221.119783,687.449081,0.636331,0.637117,0.155403,0.370154,143.829163,0.133175,0.273449,0.669141,4,3,3:2 3:3 3:4 4:2 4:3 4:4 5:2 5:3 5:4,0/0/0/0,2,3,
683,1433,77.703000,1,62,0.852021,48.000000,31.000000,1.000000,5183.239531,1238.178173,693.629402,0.645221,0.642845,0.152364,0.366814,141.466492,0.130987,0.288075,0.680139,4,3,3:2 3:3 3:4 4:2 4:3 4:4 5:2 5:3 5:4,0/0/0/0,2,3,0.324895
684,1434,77.797000,0,,0.802403,41.000000,29.000000,0.854167,4099.193291,1251.317689,703.331408,0.652068,0.651836,0.150263,0.364150,141.611755,0.131122,0.303904,0.689628,4,3,3:2 3:3 3:4 4:2 4:3 4:4 5:2 5:3 5:4,0/0/0/0,2,3,
685,1435,77.906000,0,,0.825570,44.000000,30.000000,0.916667,4485.693461,1281.932109,695.910518,0.668021,0.644959,0.148721,0.361736,142.752197,0.132178,0.313828,0.698246,4,3,3:2 3:3 3:4 4:2 4:3 4:4 5:2 5:3 5:4,0/0/0/0,2,3,
686,1436,78.015000,0,,0.826670,44.000000,30.000000,0.916667,4241.632328,1299.786008,698.645728,0.677325,0.647494,0.145671,0.357613,142.661987,0.132094,0.326185,0.705579,4,3,3:2 3:3 3:4 4:2 4:3 4:4 5:2 5:3 5:4,0/0/0/0,2,3,
687,1437,78.125000,0,,0.857257,48.000000,31.000000,1.000000,5246.147855,1313.165154,703.806512,0.684297,0.652277,0.142424,0.354077,140.209167,0.129823,0.338093,0.715043,4,3,3:2 3:3 3:4 4:2 4:3 4:4 5:2 5:3 5:4,0/0/0/0,2,3,
688,1438,78.218000,0,,0.857935,48.000000,31.000000,1.000000,5147.617782,1321.331608,707.960922,0.688552,0.656127,0.143502,0.355316,131.017456,0.121312,0.346201,0.719569,4,3,3:2 3:3 3:4 4:2 4:3 4:4 5:2 5:3 5:4,0/0/0/0,2,3,
689,1439,78.328000,1,63,0.867562,48.000000,31.000000,1.000000,5007.018537,1330.803537,713.257753,0.693488,0.661036,0.146822,0.359910,118.754700,0.109958,0.356006,0.727959,4,3,3:2 3:3 3:4 4:2 4:3 4:4 5:2 5:3 5:4 6:4,0/0/0/4,2,3,0.248333
690,1440,78.422000,0,,0.845247,44.000000,30.000000,0.916667,4336.247112,1342.317103,717.434279,0.699488,0.664907,0.148593,0.362353,111.704163,0.103430,0.366032,0.737369,4,3,3:2 3:3 3:4 4:2 4:3 4:4 5:2 5:3 5:4 6:3 6:4,0/0/0/5,2,3,
691,1441,78.531000,0,,0.853845,44.000000,30.000000,0.916667,4153.578755,1363.474987,720.443403,0.710513,0.667695,0.151792,0.366287,103.343994,0.095689,0.380625,0.751683,4,3,3:2 3:3 3:4 4:2 4:3 4:4 5:2 5:3 5:4 6:3 6:4,0/0/0/6,3,3,
692,1442,78.640000,0,,0.852009,44.000000,30.000000,0.916667,4528.188217,1383.355710,719.303327,0.720873,0.666639,0.150110,0.363704,107.499939,0.099537,0.391289,0.760818,5,3,3:2 3:3 3:4 4:2 4:3 4:4 5:2 5:3 5:4 6:2 6:3 6:4,0/1/0/6,3,3,
693,1443,78.750000,0,,0.852586,44.000000,30.000000,0.916667,5593.835986,1393.794051,721.122276,0.726313,0.668325,0.147655,0.360291,107.592834,0.099623,0.398875,0.765142,5,3,3:2 3:3 4:2 4:3 4:4 5:2 5:3 5:4 6:2 6:3 6:4,0/2/0/6,3,3,
694,1444,78.843000,0,,0.853644,44.000000,30.000000,0.916667,5586.112769,1402.388453,723.824682,0.730791,0.670829,0.145819,0.358274,107.342896,0.099392,0.406072,0.770914,5,3,3:2 4:2 4:3 4:4 5:2 5:3 5:4 6:2 6:3 6:4,0/3/0/7,3,3,
695,1445,78.953000,0,,0.852780,44.000000,30.000000,0.916667,4994.238355,1411.856861,724.375343,0.735725,0.671340,0.144136,0.356011,109.471313,0.101362,0.412125,0.776099,5,3,4:2 4:3 4:4 5:2 5:3 5:4 6:2 6:3 6:4,0/3/0/7,3,3,
696,1446,79.047000,1,64,0.855744,44.000000,30.000000,0.916667,4814.413906,1425.354487,724.609010,0.742759,0.671556,0.145539,0.357234,107.305298,0.099357,0.420389,0.784720,5,3,4:2 4:3 4:4 5:2 5:3 5:4 6:2 6:3 6:4,0/4/0/8,3,3,0.286366
697,1447,79.156000,0,,0.840066,42.000000,29.000000,0.875000,4413.932197,1453.047982,736.059145,0.757190,0.682168,0.138931,0.348158,107.992371,0.099993,0.445717,0.790119,5,3,4:2 4:3 4:4 5:2 5:3 5:4 6:2 6:3 6:4,0/5/0/8,3,3,
698,1448,79.265000,0,,0.800280,38.000000,28.000000,0.791667,3845.040632,1421.117987,703.510278,0.740551,0.652002,0.135969,0.341939,105.909851,0.098065,0.402417,0.733998,5,3,4:2 4:3 4:4 5:2 5:3 5:4 6:2 6:3,0/3/0/6,2,3,
699,1449,79.359000,1,65,0.783202,34.000000,26.000000,0.708333,3804.151926,1504.905959,774.814774,0.784214,0.718086,0.134819,0.343240,104.277222,0.096553,0.506634,0.816050,5,3,4:2 4:3 4:4 5:2 5:3 5:4 6:2 6:3 6:4,0/8/0/8,3,3,0.370130
700,1450,79.468000,0,,0.859228,44.000000,30.000000,0.916667,5120.484224,1502.398954,720.595413,0.782907,0.667836,0.143773,0.351749,109.910339,0.101769,0.465200,0.821346,5,3,4:2 4:3 4:4 5:2 5:3 5:4 6:2 6:3 6:4,0/10/0/8,3,3,
701,1451,79.562000,0,,0.851731,44.000000,30.000000,0.916667,6090.882101,1507.714730,713.573162,0.785677,0.661328,0.143209,0.350936,119.346436,0.110506,0.463979,0.819910,5,3,4:2 4:3 4:4 5:2 5:3 5:4 6:2 6:3 6:4,0/10/0/8,3,3,
702,1452,79.656000,0,,0.845625,44.000000,30.000000,0.916667,5934.025196,1510.130882,708.124355,0.786936,0.656278,0.141962,0.349244,126.802124,0.117409,0.462072,0.817554,5,3,4:2 4:3 4:4 5:2 5:3 5:4 6:2 6:3 6:4,0/10/0/6,3,3,
703,1453,79.765000,0,,0.877000,48.000000,31.000000,1.000000,5812.850859,1517.163811,705.030366,0.790601,0.653411,0.141447,0.348266,124.076660,0.114886,0.464724,0.818252,5,3,4:1 4:2 4:3 4:4 5:2 5:3 5:4 6:2 6:3 6:4,0/10/0/1,3,3,
704,1454,79.875000,1,66,0.881674,48.000000,31.000000,1.000000,6430.776159,1524.258629,704.558837,0.794298,0.652974,0.140771,0.347342,118.589355,0.109805,0.469068,0.821190,5,3,4:1 4:2 4:3 4:4 5:2 5:3 5:4 6:2 6:3 6:4,0/11/0/1,3,3,0.273972
705,1455,79.984000,1,67,0.883139,48.000000,31.000000,1.000000,6539.024171,1527.374565,704.641664,0.795922,0.653051,0.139946,0.346240,116.871216,0.108214,0.471157,0.822580,5,3,4:1 4:2 4:3 4:4 5:2 5:3 5:4 6:2 6:3 6:4,0/12/0/1,3,3,0.229314
706,1456,80.093000,0,,0.855391,44.000000,30.000000,0.916667,6429.013440,1530.583477,704.457084,0.797594,0.652880,0.139548,0.345636,114.673462,0.106179,0.473148,0.824147,5,3,4:1 4:2 4:3 4:4 5:2 5:3 5:4 6:2 6:3 6:4,0/12/0/1,3,3,
707,1457,80.187000,0,,0.857870,44.000000,30.000000,0.916667,6418.108909,1534.538355,703.433176,0.799655,0.651931,0.139540,0.345541,111.812500,0.103530,0.475134,0.826023,5,3,4:1 4:2 4:3 4:4 5:2 5:3 5:4 6:2 6:3 6:4,0/12/0/1,3,3,
708,1458,80.297000,1,68,0.886318,48.000000,31.000000,1.000000,6329.764648,1536.304797,702.705744,0.800576,0.651256,0.139102,0.344978,111.911011,0.103621,0.475866,0.825491,5,3,4:1 4:2 4:3 4:4 5:2 5:3 5:4 6:2 6:3 6:4,0/12/0/1,3,3,0.247196
709,1459,80.390000,0,,0.860404,44.000000,30.000000,0.916667,5597.064755,1541.511100,701.757917,0.803289,0.650378,0.139039,0.344791,108.051636,0.100048,0.478743,0.827861,5,3,4:1 4:2 4:3 4:4 5:2 5:3 5:4 6:2 6:3 6:4,0/12/0/1,3,3,
710,1460,80.500000,1,69,0.896290,48.000000,31.000000,1.000000,6501.784840,1547.094396,698.160135,0.806198,0.647044,0.140190,0.346225,101.394409,0.093884,0.480373,0.830174,5,3,4:1 4:2 4:3 4:4 5:2 5:3 5:4 6:2 6:3 6:4,0/12/0/0,3,3,0.266412
711,1461,80.593000,1,70,0.895847,48.000000,31.000000,1.000000,6516.633961,1545.478378,695.809653,0.805356,0.644865,0.140354,0.346448,101.592529,0.094067,0.477971,0.828244,5,3,4:1 4:2 4:3 4:4 5:2 5:3 5:4 6:2 6:3 6:4,0/12/0/0,3,3,0.274944
712,1462,80.703000,0,,0.872043,44.000000,30.000000,0.916667,6164.163732,1544.720961,695.566539,0.804961,0.644640,0.141844,0.348507,95.205444,0.088153,0.477330,0.831135,5,3,4:1 4:2 4:3 4:4 5:2 5:3 5:4 6:2 6:3 6:4,0/12/0/0,3,3,
713,1463,80.797000,1,71,0.877884,44.000000,30.000000,0.916667,6322.391243,1548.618059,696.141390,0.806992,0.645173,0.142214,0.349114,88.563965,0.082004,0.480249,0.835916,5,3,4:1 4:2 4:3 4:4 5:2 5:3 5:4 6:2 6:3 6:4,0/12/0/0,3,3,0.228992
714,1464,80.906000,1,72,0.909515,48.000000,31.000000,1.000000,6079.346108,1551.172284,694.908833,0.808323,0.644030,0.142721,0.349793,85.673218,0.079327,0.481265,0.837471,5,3,4:1 4:2 4:3 4:4 5:2 5:3 5:4 6:2 6:3 6:4,0/12/0/0,3,3,0.292724
715,1465,81.015000,1,73,0.915508,48.000000,31.000000,1.000000,5508.707257,1550.840708,693.281703,0.808150,0.642522,0.145534,0.353789,78.513794,0.072698,0.480144,0.840598,5,3,4:1 4:2 4:3 4:4 5:2 5:3 5:4 6:2 6:3 6:4,0/12/0/0,3,3,0.375509
716,1466,81.109000,1,74,0.922626,48.000000,31.000000,1.000000,5394.887643,1551.612610,691.748317,0.808553,0.641101,0.148106,0.357677,70.095947,0.064904,0.479822,0.844752,5,3,4:1 4:2 4:3 4:4 5:2 5:3 5:4 6:2 6:3 6:4,0/13/0/0,3,3,0.321043
717,1467,81.218000,1,75,0.867498,42.000000,29.000000,0.875000,5003.698627,1537.193821,681.314189,0.801039,0.631431,0.144960,0.354662,75.579468,0.069981,0.464540,0.797101,5,3,4:2 4:3 4:4 5:2 5:3 5:4 6:2 6:3 6:4,0/11/0/0,3,3,0.321032
718,1468,81.328000,0,,0.846067,40.000000,28.000000,0.833333,4926.296667,1519.833005,679.981857,0.791992,0.630196,0.141664,0.350913,84.736694,0.078460,0.452129,0.798559,5,3,4:2 4:3 4:4 5:2 5:3 5:4 6:2 6:3 6:4,0/9/0/0,3,3,
719,1469,81.422000,0,,0.851004,40.000000,28.000000,0.833333,4741.705073,1520.910895,680.114869,0.792554,0.630320,0.142809,0.352977,78.636719,0.072812,0.452926,0.800090,5,3,4:2 4:3 4:4 5:2 5:3 5:4 6:2 6:3 6:4,0/9/0/0,3,3,
720,1470,81.531000,1,76,0.850987,40.000000,28.000000,0.833333,4595.605534,1516.601010,678.698943,0.790308,0.629007,0.141962,0.352970,78.027588,0.072248,0.449270,0.796842,5,3,4:2 4:3 4:4 5:2 5:3 5:4 6:2 6:3 6:4,0/9/0/0,3,3,0.204720
721,1471,81.640000,1,77,0.875833,44.000000,29.000000,0.916667,4390.822732,1514.725173,675.597660,0.789330,0.626133,0.141779,0.352953,82.369385,0.076268,0.446367,0.790375,5,3,4:2 4:3 4:4 5:2 5:3 5:4 6:2 6:3 6:4,0/8/0/0,3,3,0.233602
722,1472,81.750000,1,78,0.892263,46.000000,30.000000,0.958333,4019.882772,1519.171554,672.544771,0.791648,0.623304,0.144484,0.357639,77.781616,0.072020,0.447799,0.779083,5,3,4:2 4:3 4:4 5:2 5:3 5:4 6:2 6:3 6:4,0/10/0/0,3,3,0.262727
723,1473,81.843000,0,,0.850393,42.000000,29.000000,0.875000,4191.550268,1504.073823,668.321264,0.783780,0.619389,0.142218,0.355365,91.688965,0.084897,0.435396,0.765935,5,3,4:2 4:3 4:4 5:2 5:3 5:4 6:2 6:3 6:4,0/10/0/0,3,3,
724,1474,81.937000,1,79,0.876156,44.000000,30.000000,0.916667,4478.074350,1508.803228,674.078239,0.786245,0.624725,0.147246,0.362149,86.907227,0.080470,0.441570,0.815868,5,3,4:2 4:3 5:2 5:3 5:4 6:2 6:3 6:4,0/12/0/0,3,3,0.243819
725,1475,82.047000,0,,0.869390,44.000000,30.000000,0.916667,4557.714601,1500.539603,669.564021,0.781938,0.620541,0.145852,0.361062,93.889404,0.086935,0.433634,0.806682,5,3,4:2 4:3 4:4 5:2 5:3 5:4 6:2 6:3 6:4,0/12/0/0,3,3,
726,1476,82.156000,0,,0.861736,44.000000,30.000000,0.916667,4673.784309,1491.939883,664.412659,0.777457,0.615767,0.144885,0.360322,101.852905,0.094308,0.425169,0.796618,5,3,4:2 4:3 5:2 5:3 5:4 6:2 6:3 6:4,0/12/0/0,3,3,
727,1477,82.265000,0,,0.854782,44.000000,30.000000,0.916667,4813.588473,1484.220822,661.677806,0.773435,0.613232,0.143533,0.359055,109.321777,0.101224,0.418540,0.788681,5,3,4:2 4:3 5:2 5:3 5:4 6:2 6:3 6:4,0/11/0/0,3,3,
728,1478,82.375000,0,,0.845494,44.000000,30.000000,0.916667,4607.720850,1473.914850,659.253989,0.768064,0.610986,0.141996,0.357662,119.499268,0.110647,0.410308,0.779114,5,3,4:2 4:3 5:2 5:3 5:4 6:2 6:3 6:4,0/9/0/0,3,3,
729,1479,82.484000,0,,0.835971,44.000000,30.000000,0.916667,4158.814459,1460.227719,657.586637,0.760932,0.609441,0.140784,0.356071,134.665649,0.124690,0.400156,0.767585,5,3,4:2 4:3 5:2 5:3 5:4 6:2 6:3 6:4,0/7/0/0,3,3,
730,1480,82.609000,0,,0.832897,44.000000,30.000000,0.916667,4099.873233,1443.765284,658.400145,0.752353,0.610195,0.138862,0.354202,150.182373,0.139058,0.389422,0.756847,5,3,4:2 4:3 5:2 5:3 5:4 6:2 6:3 6:4,0/6/0/0,3,3,
731,1481,82.718000,0,,0.826799,44.000000,30.000000,0.916667,3455.541560,1416.112585,657.086405,0.737943,0.608977,0.136613,0.351049,181.286621,0.167858,0.370116,0.735471,5,3,4:2 4:3 5:2 5:3 5:4 6:2 6:3 6:4,0/6/0/0,2,3,
732,1482,82.828000,0,,0.820229,44.000000,30.000000,0.916667,3530.124671,1389.758623,656.540173,0.724210,0.608471,0.133762,0.347960,193.458252,0.179128,0.352239,0.716104,5,3,3:2 3:3 4:2 4:3 5:2 5:3 5:4 6:2 6:3 6:4,0/3/0/0,2,3,
733,1483,82.937000,0,,0.815580,44.000000,30.000000,0.916667,4179.100148,1370.812073,651.760870,0.714337,0.604042,0.132098,0.346202,200.678955,0.185814,0.336942,0.699376,5,3,3:2 3:3 4:2 4:3 5:2 5:3 5:4 6:2 6:3 6:4,0/1/0/0,2,3,
734,1484,83.047000,0,,0.840605,48.000000,31.000000,1.000000,5039.071608,1358.779582,647.383242,0.708066,0.599984,0.130273,0.344257,207.108704,0.191767,0.326462,0.687410,4,2,3:2 3:3 4:2 4:3 5:2 5:3 5:4 6:2 6:3 6:4,0/0/0/0,2,3,
735,1485,83.156000,0,,0.811498,44.000000,30.000000,0.916667,5231.500121,1357.571838,646.630205,0.707437,0.599287,0.130450,0.344537,208.336548,0.192904,0.325232,0.686292,4,2,3:2 3:3 4:2 4:3 5:2 5:3 5:4 6:2 6:3 6:4,0/0/0/0,2,3,
736,1486,83.265000,0,,0.811688,44.000000,30.000000,0.916667,5163.826033,1357.657507,648.639746,0.707482,0.601149,0.130363,0.344775,206.994080,0.191661,0.326435,0.688303,4,3,3:2 3:3 4:2 4:3 5:2 5:3 5:4 6:2 6:3 6:4,0/0/0/0,2,3,
737,1487,83.375000,0,,0.811815,44.000000,30.000000,0.916667,5212.345357,1357.961440,649.882265,0.707640,0.602301,0.130307,0.344858,205.945190,0.190690,0.327352,0.689625,4,3,3:2 3:3 4:2 4:3 5:2 5:3 5:4 6:2 6:3 6:4,0/0/0/0,2,3,
738,1488,83.468000,0,,0.841795,48.000000,31.000000,1.000000,5079.395640,1359.616145,649.343776,0.708502,0.601801,0.130776,0.345119,205.214783,0.190014,0.328137,0.691032,4,3,3:2 3:3 4:2 4:3 5:2 5:3 5:4 6:2 6:3 6:4,0/0/0/0,2,3,
739,1489,83.578000,0,,0.814106,44.000000,30.000000,0.916667,5226.891990,1364.163241,650.456691,0.710872,0.602833,0.131488,0.345838,203.280579,0.188223,0.331788,0.694781,4,3,3:2 3:3 4:2 4:3 5:2 5:3 5:4 6:2 6:3 6:4,0/0/0/0,2,3,
